Facility ID,Facility Name,Address,City/Town,State,ZIP Code,County/Parish,Telephone Number,Condition,Measure ID,Measure Name,Score,Sample,Footnote,Start Date,End Date
310001,HACKENSACK UNIVERSITY MEDICAL CENTER,30 PROSPECT AVE,HACKENSACK,NJ,07601,BERGEN,(551) 996-2000,Emergency Department,EDV,Emergency department volume,very high,,,01/01/2024,12/31/2024
310001,HACKENSACK UNIVERSITY MEDICAL CENTER,30 PROSPECT AVE,HACKENSACK,NJ,07601,BERGEN,(551) 996-2000,Electronic Clinical Quality Measure,GMCS,Global Malnutrition Composite Score,Not Available,Not Available,5,01/01/2024,12/31/2024
310001,HACKENSACK UNIVERSITY MEDICAL CENTER,30 PROSPECT AVE,HACKENSACK,NJ,07601,BERGEN,(551) 996-2000,Electronic Clinical Quality Measure,GMCS_Malnutrition_Diagnosis_Documented,Global Malnutrition Composite Score: Malnutrition Diagnosis Documented,Not Available,Not Available,5,01/01/2024,12/31/2024
310001,HACKENSACK UNIVERSITY MEDICAL CENTER,30 PROSPECT AVE,HACKENSACK,NJ,07601,BERGEN,(551) 996-2000,Electronic Clinical Quality Measure,GMCS_Malnutrition_Screening,Global Malnutrition Composite Score: Malnutrition Risk Screening,Not Available,Not Available,5,01/01/2024,12/31/2024
310001,HACKENSACK UNIVERSITY MEDICAL CENTER,30 PROSPECT AVE,HACKENSACK,NJ,07601,BERGEN,(551) 996-2000,Electronic Clinical Quality Measure,GMCS_Nutrition_Assessment,Global Malnutrition Composite Score: Nutrition Assessment,Not Available,Not Available,5,01/01/2024,12/31/2024
310001,HACKENSACK UNIVERSITY MEDICAL CENTER,30 PROSPECT AVE,HACKENSACK,NJ,07601,BERGEN,(551) 996-2000,Electronic Clinical Quality Measure,GMCS_Nutritional_Care_Plan,Global Malnutrition Composite Score: Nutritional Care Plan,Not Available,Not Available,5,01/01/2024,12/31/2024
310001,HACKENSACK UNIVERSITY MEDICAL CENTER,30 PROSPECT AVE,HACKENSACK,NJ,07601,BERGEN,(551) 996-2000,Electronic Clinical Quality Measure,HH_HYPER,Hospital Harm - Severe Hyperglycemia,Not Available,Not Available,5,01/01/2024,12/31/2024
310001,HACKENSACK UNIVERSITY MEDICAL CENTER,30 PROSPECT AVE,HACKENSACK,NJ,07601,BERGEN,(551) 996-2000,Electronic Clinical Quality Measure,HH_HYPO,Hospital Harm - Severe Hypoglycemia,Not Available,Not Available,5,01/01/2024,12/31/2024
310001,HACKENSACK UNIVERSITY MEDICAL CENTER,30 PROSPECT AVE,HACKENSACK,NJ,07601,BERGEN,(551) 996-2000,Electronic Clinical Quality Measure,HH_ORAE,Hospital Harm - Opioid Related Adverse Events,Not Available,Not Available,5,01/01/2024,12/31/2024
310001,HACKENSACK UNIVERSITY MEDICAL CENTER,30 PROSPECT AVE,HACKENSACK,NJ,07601,BERGEN,(551) 996-2000,Healthcare Personnel Vaccination,IMM_3,Healthcare workers given influenza vaccination,97,10071,,10/01/2024,03/31/2025
310001,HACKENSACK UNIVERSITY MEDICAL CENTER,30 PROSPECT AVE,HACKENSACK,NJ,07601,BERGEN,(551) 996-2000,Emergency Department,OP_18a,"Average (median) time all patients spent in the emergency department before leaving from the visit, including psychiatric/mental health patients and patients who were transferred to another facility. A lower number of minutes is better",197,398,,07/01/2024,06/30/2025
310001,HACKENSACK UNIVERSITY MEDICAL CENTER,30 PROSPECT AVE,HACKENSACK,NJ,07601,BERGEN,(551) 996-2000,Emergency Department,OP_18b,"Average (median) time patients spent in the emergency department before leaving from the visit, excluding patients transferred to another facility or psychiatric care/mental health patients. A lower number of minutes is better",197,384,,07/01/2024,06/30/2025
310001,HACKENSACK UNIVERSITY MEDICAL CENTER,30 PROSPECT AVE,HACKENSACK,NJ,07601,BERGEN,(551) 996-2000,Emergency Department,OP_18c,Average (median) time psychiatric/mental health patients spent in the emergency department before leaving from the visit. A lower number of minutes is better,204,12,,07/01/2024,06/30/2025
310001,HACKENSACK UNIVERSITY MEDICAL CENTER,30 PROSPECT AVE,HACKENSACK,NJ,07601,BERGEN,(551) 996-2000,Emergency Department,OP_18d,Average (median) time patients spent in the emergency department before being transferred to another facility. A lower number of minutes is better,Not Available,Not Available,1,07/01/2024,06/30/2025
310001,HACKENSACK UNIVERSITY MEDICAL CENTER,30 PROSPECT AVE,HACKENSACK,NJ,07601,BERGEN,(551) 996-2000,Emergency Department,OP_22,Left before being seen,1,150754,,01/01/2024,12/31/2024
310001,HACKENSACK UNIVERSITY MEDICAL CENTER,30 PROSPECT AVE,HACKENSACK,NJ,07601,BERGEN,(551) 996-2000,Emergency Department,OP_23,Head CT results,92,12,,07/01/2024,06/30/2025
310001,HACKENSACK UNIVERSITY MEDICAL CENTER,30 PROSPECT AVE,HACKENSACK,NJ,07601,BERGEN,(551) 996-2000,Colonoscopy care,OP_29,Endoscopy/polyp surveillance: appropriate follow-up interval for normal colonoscopy in average risk patients,93,149,,01/01/2024,12/31/2024
310001,HACKENSACK UNIVERSITY MEDICAL CENTER,30 PROSPECT AVE,HACKENSACK,NJ,07601,BERGEN,(551) 996-2000,Cataract surgery outcome,OP_31,Improvement in Patient's Visual Function within 90 Days Following Cataract Surgery,Not Available,Not Available,5,01/01/2024,12/31/2024
310001,HACKENSACK UNIVERSITY MEDICAL CENTER,30 PROSPECT AVE,HACKENSACK,NJ,07601,BERGEN,(551) 996-2000,Electronic Clinical Quality Measure,OP_40,ST-Segment Elevation Myocardial Infarction (STEMI),Not Available,Not Available,1,01/01/2024,12/31/2024
310001,HACKENSACK UNIVERSITY MEDICAL CENTER,30 PROSPECT AVE,HACKENSACK,NJ,07601,BERGEN,(551) 996-2000,Electronic Clinical Quality Measure,SAFE_USE_OF_OPIOIDS,Safe Use of Opioids - Concurrent Prescribing,17,8529,,01/01/2024,12/31/2024
310001,HACKENSACK UNIVERSITY MEDICAL CENTER,30 PROSPECT AVE,HACKENSACK,NJ,07601,BERGEN,(551) 996-2000,Sepsis Care,SEP_1,Appropriate care for severe sepsis and septic shock,72,194,2,07/01/2024,06/30/2025
310001,HACKENSACK UNIVERSITY MEDICAL CENTER,30 PROSPECT AVE,HACKENSACK,NJ,07601,BERGEN,(551) 996-2000,Sepsis Care,SEP_SH_3HR,Septic Shock 3-Hour Bundle,75,76,2,07/01/2024,06/30/2025
310001,HACKENSACK UNIVERSITY MEDICAL CENTER,30 PROSPECT AVE,HACKENSACK,NJ,07601,BERGEN,(551) 996-2000,Sepsis Care,SEP_SH_6HR,Septic Shock 6-Hour Bundle,95,40,2,07/01/2024,06/30/2025
310001,HACKENSACK UNIVERSITY MEDICAL CENTER,30 PROSPECT AVE,HACKENSACK,NJ,07601,BERGEN,(551) 996-2000,Sepsis Care,SEV_SEP_3HR,Severe Sepsis 3-Hour Bundle,88,194,2,07/01/2024,06/30/2025
310001,HACKENSACK UNIVERSITY MEDICAL CENTER,30 PROSPECT AVE,HACKENSACK,NJ,07601,BERGEN,(551) 996-2000,Sepsis Care,SEV_SEP_6HR,Severe Sepsis 6-Hour Bundle,93,113,2,07/01/2024,06/30/2025
310001,HACKENSACK UNIVERSITY MEDICAL CENTER,30 PROSPECT AVE,HACKENSACK,NJ,07601,BERGEN,(551) 996-2000,Electronic Clinical Quality Measure,STK_02,Discharged on Antithrombotic Therapy,95,725,,01/01/2024,12/31/2024
310001,HACKENSACK UNIVERSITY MEDICAL CENTER,30 PROSPECT AVE,HACKENSACK,NJ,07601,BERGEN,(551) 996-2000,Electronic Clinical Quality Measure,STK_03,Anticoagulation Therapy for Atrial Fibrillation/Flutter,80,226,,01/01/2024,12/31/2024
310001,HACKENSACK UNIVERSITY MEDICAL CENTER,30 PROSPECT AVE,HACKENSACK,NJ,07601,BERGEN,(551) 996-2000,Electronic Clinical Quality Measure,STK_05,Antithrombotic Therapy by End of Hospital Day 2,91,658,,01/01/2024,12/31/2024
310001,HACKENSACK UNIVERSITY MEDICAL CENTER,30 PROSPECT AVE,HACKENSACK,NJ,07601,BERGEN,(551) 996-2000,Electronic Clinical Quality Measure,VTE_1,Venous Thromboembolism Prophylaxis,Not Available,Not Available,5,01/01/2024,12/31/2024
310001,HACKENSACK UNIVERSITY MEDICAL CENTER,30 PROSPECT AVE,HACKENSACK,NJ,07601,BERGEN,(551) 996-2000,Electronic Clinical Quality Measure,VTE_2,Intensive Care Unit Venous Thromboembolism Prophylaxis,Not Available,Not Available,5,01/01/2024,12/31/2024
310002,NEWARK BETH ISRAEL MEDICAL CENTER,201 LYONS AVE,NEWARK,NJ,07112,ESSEX,(973) 926-7000,Emergency Department,EDV,Emergency department volume,very high,,,01/01/2024,12/31/2024
310002,NEWARK BETH ISRAEL MEDICAL CENTER,201 LYONS AVE,NEWARK,NJ,07112,ESSEX,(973) 926-7000,Electronic Clinical Quality Measure,GMCS,Global Malnutrition Composite Score,Not Available,Not Available,5,01/01/2024,12/31/2024
310002,NEWARK BETH ISRAEL MEDICAL CENTER,201 LYONS AVE,NEWARK,NJ,07112,ESSEX,(973) 926-7000,Electronic Clinical Quality Measure,GMCS_Malnutrition_Diagnosis_Documented,Global Malnutrition Composite Score: Malnutrition Diagnosis Documented,Not Available,Not Available,5,01/01/2024,12/31/2024
310002,NEWARK BETH ISRAEL MEDICAL CENTER,201 LYONS AVE,NEWARK,NJ,07112,ESSEX,(973) 926-7000,Electronic Clinical Quality Measure,GMCS_Malnutrition_Screening,Global Malnutrition Composite Score: Malnutrition Risk Screening,Not Available,Not Available,5,01/01/2024,12/31/2024
310002,NEWARK BETH ISRAEL MEDICAL CENTER,201 LYONS AVE,NEWARK,NJ,07112,ESSEX,(973) 926-7000,Electronic Clinical Quality Measure,GMCS_Nutrition_Assessment,Global Malnutrition Composite Score: Nutrition Assessment,Not Available,Not Available,5,01/01/2024,12/31/2024
310002,NEWARK BETH ISRAEL MEDICAL CENTER,201 LYONS AVE,NEWARK,NJ,07112,ESSEX,(973) 926-7000,Electronic Clinical Quality Measure,GMCS_Nutritional_Care_Plan,Global Malnutrition Composite Score: Nutritional Care Plan,Not Available,Not Available,5,01/01/2024,12/31/2024
310002,NEWARK BETH ISRAEL MEDICAL CENTER,201 LYONS AVE,NEWARK,NJ,07112,ESSEX,(973) 926-7000,Electronic Clinical Quality Measure,HH_HYPER,Hospital Harm - Severe Hyperglycemia,Not Available,Not Available,5,01/01/2024,12/31/2024
310002,NEWARK BETH ISRAEL MEDICAL CENTER,201 LYONS AVE,NEWARK,NJ,07112,ESSEX,(973) 926-7000,Electronic Clinical Quality Measure,HH_HYPO,Hospital Harm - Severe Hypoglycemia,Not Available,Not Available,5,01/01/2024,12/31/2024
310002,NEWARK BETH ISRAEL MEDICAL CENTER,201 LYONS AVE,NEWARK,NJ,07112,ESSEX,(973) 926-7000,Electronic Clinical Quality Measure,HH_ORAE,Hospital Harm - Opioid Related Adverse Events,Not Available,Not Available,5,01/01/2024,12/31/2024
310002,NEWARK BETH ISRAEL MEDICAL CENTER,201 LYONS AVE,NEWARK,NJ,07112,ESSEX,(973) 926-7000,Healthcare Personnel Vaccination,IMM_3,Healthcare workers given influenza vaccination,96,5152,,10/01/2024,03/31/2025
310002,NEWARK BETH ISRAEL MEDICAL CENTER,201 LYONS AVE,NEWARK,NJ,07112,ESSEX,(973) 926-7000,Emergency Department,OP_18a,"Average (median) time all patients spent in the emergency department before leaving from the visit, including psychiatric/mental health patients and patients who were transferred to another facility. A lower number of minutes is better",171,427,,07/01/2024,06/30/2025
310002,NEWARK BETH ISRAEL MEDICAL CENTER,201 LYONS AVE,NEWARK,NJ,07112,ESSEX,(973) 926-7000,Emergency Department,OP_18b,"Average (median) time patients spent in the emergency department before leaving from the visit, excluding patients transferred to another facility or psychiatric care/mental health patients. A lower number of minutes is better",169,402,,07/01/2024,06/30/2025
310002,NEWARK BETH ISRAEL MEDICAL CENTER,201 LYONS AVE,NEWARK,NJ,07112,ESSEX,(973) 926-7000,Emergency Department,OP_18c,Average (median) time psychiatric/mental health patients spent in the emergency department before leaving from the visit. A lower number of minutes is better,287,24,,07/01/2024,06/30/2025
310002,NEWARK BETH ISRAEL MEDICAL CENTER,201 LYONS AVE,NEWARK,NJ,07112,ESSEX,(973) 926-7000,Emergency Department,OP_18d,Average (median) time patients spent in the emergency department before being transferred to another facility. A lower number of minutes is better,Not Available,Not Available,1,07/01/2024,06/30/2025
310002,NEWARK BETH ISRAEL MEDICAL CENTER,201 LYONS AVE,NEWARK,NJ,07112,ESSEX,(973) 926-7000,Emergency Department,OP_22,Left before being seen,2,99308,,01/01/2024,12/31/2024
310002,NEWARK BETH ISRAEL MEDICAL CENTER,201 LYONS AVE,NEWARK,NJ,07112,ESSEX,(973) 926-7000,Emergency Department,OP_23,Head CT results,Not Available,Not Available,1,07/01/2024,06/30/2025
310002,NEWARK BETH ISRAEL MEDICAL CENTER,201 LYONS AVE,NEWARK,NJ,07112,ESSEX,(973) 926-7000,Colonoscopy care,OP_29,Endoscopy/polyp surveillance: appropriate follow-up interval for normal colonoscopy in average risk patients,95,122,,01/01/2024,12/31/2024
310002,NEWARK BETH ISRAEL MEDICAL CENTER,201 LYONS AVE,NEWARK,NJ,07112,ESSEX,(973) 926-7000,Cataract surgery outcome,OP_31,Improvement in Patient's Visual Function within 90 Days Following Cataract Surgery,Not Available,Not Available,5,01/01/2024,12/31/2024
310002,NEWARK BETH ISRAEL MEDICAL CENTER,201 LYONS AVE,NEWARK,NJ,07112,ESSEX,(973) 926-7000,Electronic Clinical Quality Measure,OP_40,ST-Segment Elevation Myocardial Infarction (STEMI),Not Available,Not Available,1,01/01/2024,12/31/2024
310002,NEWARK BETH ISRAEL MEDICAL CENTER,201 LYONS AVE,NEWARK,NJ,07112,ESSEX,(973) 926-7000,Electronic Clinical Quality Measure,SAFE_USE_OF_OPIOIDS,Safe Use of Opioids - Concurrent Prescribing,15,2753,,01/01/2024,12/31/2024
310002,NEWARK BETH ISRAEL MEDICAL CENTER,201 LYONS AVE,NEWARK,NJ,07112,ESSEX,(973) 926-7000,Sepsis Care,SEP_1,Appropriate care for severe sepsis and septic shock,81,189,2,07/01/2024,06/30/2025
310002,NEWARK BETH ISRAEL MEDICAL CENTER,201 LYONS AVE,NEWARK,NJ,07112,ESSEX,(973) 926-7000,Sepsis Care,SEP_SH_3HR,Septic Shock 3-Hour Bundle,88,65,2,07/01/2024,06/30/2025
310002,NEWARK BETH ISRAEL MEDICAL CENTER,201 LYONS AVE,NEWARK,NJ,07112,ESSEX,(973) 926-7000,Sepsis Care,SEP_SH_6HR,Septic Shock 6-Hour Bundle,94,49,2,07/01/2024,06/30/2025
310002,NEWARK BETH ISRAEL MEDICAL CENTER,201 LYONS AVE,NEWARK,NJ,07112,ESSEX,(973) 926-7000,Sepsis Care,SEV_SEP_3HR,Severe Sepsis 3-Hour Bundle,94,191,2,07/01/2024,06/30/2025
310002,NEWARK BETH ISRAEL MEDICAL CENTER,201 LYONS AVE,NEWARK,NJ,07112,ESSEX,(973) 926-7000,Sepsis Care,SEV_SEP_6HR,Severe Sepsis 6-Hour Bundle,90,123,2,07/01/2024,06/30/2025
310002,NEWARK BETH ISRAEL MEDICAL CENTER,201 LYONS AVE,NEWARK,NJ,07112,ESSEX,(973) 926-7000,Electronic Clinical Quality Measure,STK_02,Discharged on Antithrombotic Therapy,95,331,,01/01/2024,12/31/2024
310002,NEWARK BETH ISRAEL MEDICAL CENTER,201 LYONS AVE,NEWARK,NJ,07112,ESSEX,(973) 926-7000,Electronic Clinical Quality Measure,STK_03,Anticoagulation Therapy for Atrial Fibrillation/Flutter,Not Available,Not Available,5,01/01/2024,12/31/2024
310002,NEWARK BETH ISRAEL MEDICAL CENTER,201 LYONS AVE,NEWARK,NJ,07112,ESSEX,(973) 926-7000,Electronic Clinical Quality Measure,STK_05,Antithrombotic Therapy by End of Hospital Day 2,87,331,,01/01/2024,12/31/2024
310002,NEWARK BETH ISRAEL MEDICAL CENTER,201 LYONS AVE,NEWARK,NJ,07112,ESSEX,(973) 926-7000,Electronic Clinical Quality Measure,VTE_1,Venous Thromboembolism Prophylaxis,76,7326,,01/01/2024,12/31/2024
310002,NEWARK BETH ISRAEL MEDICAL CENTER,201 LYONS AVE,NEWARK,NJ,07112,ESSEX,(973) 926-7000,Electronic Clinical Quality Measure,VTE_2,Intensive Care Unit Venous Thromboembolism Prophylaxis,Not Available,Not Available,5,01/01/2024,12/31/2024
310003,PALISADES MEDICAL CENTER,7600 RIVER RD,NORTH BERGEN,NJ,07047,HUDSON,(201) 854-5000,Emergency Department,EDV,Emergency department volume,high,,,01/01/2024,12/31/2024
310003,PALISADES MEDICAL CENTER,7600 RIVER RD,NORTH BERGEN,NJ,07047,HUDSON,(201) 854-5000,Electronic Clinical Quality Measure,GMCS,Global Malnutrition Composite Score,Not Available,Not Available,5,01/01/2024,12/31/2024
310003,PALISADES MEDICAL CENTER,7600 RIVER RD,NORTH BERGEN,NJ,07047,HUDSON,(201) 854-5000,Electronic Clinical Quality Measure,GMCS_Malnutrition_Diagnosis_Documented,Global Malnutrition Composite Score: Malnutrition Diagnosis Documented,Not Available,Not Available,5,01/01/2024,12/31/2024
310003,PALISADES MEDICAL CENTER,7600 RIVER RD,NORTH BERGEN,NJ,07047,HUDSON,(201) 854-5000,Electronic Clinical Quality Measure,GMCS_Malnutrition_Screening,Global Malnutrition Composite Score: Malnutrition Risk Screening,Not Available,Not Available,5,01/01/2024,12/31/2024
310003,PALISADES MEDICAL CENTER,7600 RIVER RD,NORTH BERGEN,NJ,07047,HUDSON,(201) 854-5000,Electronic Clinical Quality Measure,GMCS_Nutrition_Assessment,Global Malnutrition Composite Score: Nutrition Assessment,Not Available,Not Available,5,01/01/2024,12/31/2024
310003,PALISADES MEDICAL CENTER,7600 RIVER RD,NORTH BERGEN,NJ,07047,HUDSON,(201) 854-5000,Electronic Clinical Quality Measure,GMCS_Nutritional_Care_Plan,Global Malnutrition Composite Score: Nutritional Care Plan,Not Available,Not Available,5,01/01/2024,12/31/2024
310003,PALISADES MEDICAL CENTER,7600 RIVER RD,NORTH BERGEN,NJ,07047,HUDSON,(201) 854-5000,Electronic Clinical Quality Measure,HH_HYPER,Hospital Harm - Severe Hyperglycemia,Not Available,Not Available,5,01/01/2024,12/31/2024
310003,PALISADES MEDICAL CENTER,7600 RIVER RD,NORTH BERGEN,NJ,07047,HUDSON,(201) 854-5000,Electronic Clinical Quality Measure,HH_HYPO,Hospital Harm - Severe Hypoglycemia,Not Available,Not Available,5,01/01/2024,12/31/2024
310003,PALISADES MEDICAL CENTER,7600 RIVER RD,NORTH BERGEN,NJ,07047,HUDSON,(201) 854-5000,Electronic Clinical Quality Measure,HH_ORAE,Hospital Harm - Opioid Related Adverse Events,Not Available,Not Available,5,01/01/2024,12/31/2024
310003,PALISADES MEDICAL CENTER,7600 RIVER RD,NORTH BERGEN,NJ,07047,HUDSON,(201) 854-5000,Healthcare Personnel Vaccination,IMM_3,Healthcare workers given influenza vaccination,97,2221,,10/01/2024,03/31/2025
310003,PALISADES MEDICAL CENTER,7600 RIVER RD,NORTH BERGEN,NJ,07047,HUDSON,(201) 854-5000,Emergency Department,OP_18a,"Average (median) time all patients spent in the emergency department before leaving from the visit, including psychiatric/mental health patients and patients who were transferred to another facility. A lower number of minutes is better",213,396,,07/01/2024,06/30/2025
310003,PALISADES MEDICAL CENTER,7600 RIVER RD,NORTH BERGEN,NJ,07047,HUDSON,(201) 854-5000,Emergency Department,OP_18b,"Average (median) time patients spent in the emergency department before leaving from the visit, excluding patients transferred to another facility or psychiatric care/mental health patients. A lower number of minutes is better",207,361,,07/01/2024,06/30/2025
310003,PALISADES MEDICAL CENTER,7600 RIVER RD,NORTH BERGEN,NJ,07047,HUDSON,(201) 854-5000,Emergency Department,OP_18c,Average (median) time psychiatric/mental health patients spent in the emergency department before leaving from the visit. A lower number of minutes is better,352,29,,07/01/2024,06/30/2025
310003,PALISADES MEDICAL CENTER,7600 RIVER RD,NORTH BERGEN,NJ,07047,HUDSON,(201) 854-5000,Emergency Department,OP_18d,Average (median) time patients spent in the emergency department before being transferred to another facility. A lower number of minutes is better,Not Available,Not Available,1,07/01/2024,06/30/2025
310003,PALISADES MEDICAL CENTER,7600 RIVER RD,NORTH BERGEN,NJ,07047,HUDSON,(201) 854-5000,Emergency Department,OP_22,Left before being seen,2,56196,,01/01/2024,12/31/2024
310003,PALISADES MEDICAL CENTER,7600 RIVER RD,NORTH BERGEN,NJ,07047,HUDSON,(201) 854-5000,Emergency Department,OP_23,Head CT results,Not Available,Not Available,1,07/01/2024,06/30/2025
310003,PALISADES MEDICAL CENTER,7600 RIVER RD,NORTH BERGEN,NJ,07047,HUDSON,(201) 854-5000,Colonoscopy care,OP_29,Endoscopy/polyp surveillance: appropriate follow-up interval for normal colonoscopy in average risk patients,100,84,,01/01/2024,12/31/2024
310003,PALISADES MEDICAL CENTER,7600 RIVER RD,NORTH BERGEN,NJ,07047,HUDSON,(201) 854-5000,Cataract surgery outcome,OP_31,Improvement in Patient's Visual Function within 90 Days Following Cataract Surgery,Not Available,Not Available,5,01/01/2024,12/31/2024
310003,PALISADES MEDICAL CENTER,7600 RIVER RD,NORTH BERGEN,NJ,07047,HUDSON,(201) 854-5000,Electronic Clinical Quality Measure,OP_40,ST-Segment Elevation Myocardial Infarction (STEMI),Not Available,Not Available,1,01/01/2024,12/31/2024
310003,PALISADES MEDICAL CENTER,7600 RIVER RD,NORTH BERGEN,NJ,07047,HUDSON,(201) 854-5000,Electronic Clinical Quality Measure,SAFE_USE_OF_OPIOIDS,Safe Use of Opioids - Concurrent Prescribing,7,1429,,01/01/2024,12/31/2024
310003,PALISADES MEDICAL CENTER,7600 RIVER RD,NORTH BERGEN,NJ,07047,HUDSON,(201) 854-5000,Sepsis Care,SEP_1,Appropriate care for severe sepsis and septic shock,70,155,2,07/01/2024,06/30/2025
310003,PALISADES MEDICAL CENTER,7600 RIVER RD,NORTH BERGEN,NJ,07047,HUDSON,(201) 854-5000,Sepsis Care,SEP_SH_3HR,Septic Shock 3-Hour Bundle,78,54,2,07/01/2024,06/30/2025
310003,PALISADES MEDICAL CENTER,7600 RIVER RD,NORTH BERGEN,NJ,07047,HUDSON,(201) 854-5000,Sepsis Care,SEP_SH_6HR,Septic Shock 6-Hour Bundle,84,31,2,07/01/2024,06/30/2025
310003,PALISADES MEDICAL CENTER,7600 RIVER RD,NORTH BERGEN,NJ,07047,HUDSON,(201) 854-5000,Sepsis Care,SEV_SEP_3HR,Severe Sepsis 3-Hour Bundle,85,155,2,07/01/2024,06/30/2025
310003,PALISADES MEDICAL CENTER,7600 RIVER RD,NORTH BERGEN,NJ,07047,HUDSON,(201) 854-5000,Sepsis Care,SEV_SEP_6HR,Severe Sepsis 6-Hour Bundle,95,94,2,07/01/2024,06/30/2025
310003,PALISADES MEDICAL CENTER,7600 RIVER RD,NORTH BERGEN,NJ,07047,HUDSON,(201) 854-5000,Electronic Clinical Quality Measure,STK_02,Discharged on Antithrombotic Therapy,97,119,,01/01/2024,12/31/2024
310003,PALISADES MEDICAL CENTER,7600 RIVER RD,NORTH BERGEN,NJ,07047,HUDSON,(201) 854-5000,Electronic Clinical Quality Measure,STK_03,Anticoagulation Therapy for Atrial Fibrillation/Flutter,73,26,,01/01/2024,12/31/2024
310003,PALISADES MEDICAL CENTER,7600 RIVER RD,NORTH BERGEN,NJ,07047,HUDSON,(201) 854-5000,Electronic Clinical Quality Measure,STK_05,Antithrombotic Therapy by End of Hospital Day 2,97,97,,01/01/2024,12/31/2024
310003,PALISADES MEDICAL CENTER,7600 RIVER RD,NORTH BERGEN,NJ,07047,HUDSON,(201) 854-5000,Electronic Clinical Quality Measure,VTE_1,Venous Thromboembolism Prophylaxis,Not Available,Not Available,5,01/01/2024,12/31/2024
310003,PALISADES MEDICAL CENTER,7600 RIVER RD,NORTH BERGEN,NJ,07047,HUDSON,(201) 854-5000,Electronic Clinical Quality Measure,VTE_2,Intensive Care Unit Venous Thromboembolism Prophylaxis,Not Available,Not Available,5,01/01/2024,12/31/2024
310005,HUNTERDON MEDICAL CENTER,2100 WESCOTT DRIVE,FLEMINGTON,NJ,08822,HUNTERDON,(908) 788-6100,Emergency Department,EDV,Emergency department volume,medium,,,01/01/2024,12/31/2024
310005,HUNTERDON MEDICAL CENTER,2100 WESCOTT DRIVE,FLEMINGTON,NJ,08822,HUNTERDON,(908) 788-6100,Electronic Clinical Quality Measure,GMCS,Global Malnutrition Composite Score,Not Available,Not Available,5,01/01/2024,12/31/2024
310005,HUNTERDON MEDICAL CENTER,2100 WESCOTT DRIVE,FLEMINGTON,NJ,08822,HUNTERDON,(908) 788-6100,Electronic Clinical Quality Measure,GMCS_Malnutrition_Diagnosis_Documented,Global Malnutrition Composite Score: Malnutrition Diagnosis Documented,Not Available,Not Available,5,01/01/2024,12/31/2024
310005,HUNTERDON MEDICAL CENTER,2100 WESCOTT DRIVE,FLEMINGTON,NJ,08822,HUNTERDON,(908) 788-6100,Electronic Clinical Quality Measure,GMCS_Malnutrition_Screening,Global Malnutrition Composite Score: Malnutrition Risk Screening,Not Available,Not Available,5,01/01/2024,12/31/2024
310005,HUNTERDON MEDICAL CENTER,2100 WESCOTT DRIVE,FLEMINGTON,NJ,08822,HUNTERDON,(908) 788-6100,Electronic Clinical Quality Measure,GMCS_Nutrition_Assessment,Global Malnutrition Composite Score: Nutrition Assessment,Not Available,Not Available,5,01/01/2024,12/31/2024
310005,HUNTERDON MEDICAL CENTER,2100 WESCOTT DRIVE,FLEMINGTON,NJ,08822,HUNTERDON,(908) 788-6100,Electronic Clinical Quality Measure,GMCS_Nutritional_Care_Plan,Global Malnutrition Composite Score: Nutritional Care Plan,Not Available,Not Available,5,01/01/2024,12/31/2024
310005,HUNTERDON MEDICAL CENTER,2100 WESCOTT DRIVE,FLEMINGTON,NJ,08822,HUNTERDON,(908) 788-6100,Electronic Clinical Quality Measure,HH_HYPER,Hospital Harm - Severe Hyperglycemia,Not Available,Not Available,5,01/01/2024,12/31/2024
310005,HUNTERDON MEDICAL CENTER,2100 WESCOTT DRIVE,FLEMINGTON,NJ,08822,HUNTERDON,(908) 788-6100,Electronic Clinical Quality Measure,HH_HYPO,Hospital Harm - Severe Hypoglycemia,Not Available,Not Available,5,01/01/2024,12/31/2024
310005,HUNTERDON MEDICAL CENTER,2100 WESCOTT DRIVE,FLEMINGTON,NJ,08822,HUNTERDON,(908) 788-6100,Electronic Clinical Quality Measure,HH_ORAE,Hospital Harm - Opioid Related Adverse Events,Not Available,Not Available,5,01/01/2024,12/31/2024
310005,HUNTERDON MEDICAL CENTER,2100 WESCOTT DRIVE,FLEMINGTON,NJ,08822,HUNTERDON,(908) 788-6100,Healthcare Personnel Vaccination,IMM_3,Healthcare workers given influenza vaccination,99,3439,,10/01/2024,03/31/2025
310005,HUNTERDON MEDICAL CENTER,2100 WESCOTT DRIVE,FLEMINGTON,NJ,08822,HUNTERDON,(908) 788-6100,Emergency Department,OP_18a,"Average (median) time all patients spent in the emergency department before leaving from the visit, including psychiatric/mental health patients and patients who were transferred to another facility. A lower number of minutes is better",239,473,,07/01/2024,06/30/2025
310005,HUNTERDON MEDICAL CENTER,2100 WESCOTT DRIVE,FLEMINGTON,NJ,08822,HUNTERDON,(908) 788-6100,Emergency Department,OP_18b,"Average (median) time patients spent in the emergency department before leaving from the visit, excluding patients transferred to another facility or psychiatric care/mental health patients. A lower number of minutes is better",232,444,,07/01/2024,06/30/2025
310005,HUNTERDON MEDICAL CENTER,2100 WESCOTT DRIVE,FLEMINGTON,NJ,08822,HUNTERDON,(908) 788-6100,Emergency Department,OP_18c,Average (median) time psychiatric/mental health patients spent in the emergency department before leaving from the visit. A lower number of minutes is better,452,24,,07/01/2024,06/30/2025
310005,HUNTERDON MEDICAL CENTER,2100 WESCOTT DRIVE,FLEMINGTON,NJ,08822,HUNTERDON,(908) 788-6100,Emergency Department,OP_18d,Average (median) time patients spent in the emergency department before being transferred to another facility. A lower number of minutes is better,Not Available,Not Available,1,07/01/2024,06/30/2025
310005,HUNTERDON MEDICAL CENTER,2100 WESCOTT DRIVE,FLEMINGTON,NJ,08822,HUNTERDON,(908) 788-6100,Emergency Department,OP_22,Left before being seen,1,32711,,01/01/2024,12/31/2024
310005,HUNTERDON MEDICAL CENTER,2100 WESCOTT DRIVE,FLEMINGTON,NJ,08822,HUNTERDON,(908) 788-6100,Emergency Department,OP_23,Head CT results,Not Available,Not Available,1,07/01/2024,06/30/2025
310005,HUNTERDON MEDICAL CENTER,2100 WESCOTT DRIVE,FLEMINGTON,NJ,08822,HUNTERDON,(908) 788-6100,Colonoscopy care,OP_29,Endoscopy/polyp surveillance: appropriate follow-up interval for normal colonoscopy in average risk patients,100,98,,01/01/2024,12/31/2024
310005,HUNTERDON MEDICAL CENTER,2100 WESCOTT DRIVE,FLEMINGTON,NJ,08822,HUNTERDON,(908) 788-6100,Cataract surgery outcome,OP_31,Improvement in Patient's Visual Function within 90 Days Following Cataract Surgery,Not Available,Not Available,5,01/01/2024,12/31/2024
310005,HUNTERDON MEDICAL CENTER,2100 WESCOTT DRIVE,FLEMINGTON,NJ,08822,HUNTERDON,(908) 788-6100,Electronic Clinical Quality Measure,OP_40,ST-Segment Elevation Myocardial Infarction (STEMI),Not Available,Not Available,5,01/01/2024,12/31/2024
310005,HUNTERDON MEDICAL CENTER,2100 WESCOTT DRIVE,FLEMINGTON,NJ,08822,HUNTERDON,(908) 788-6100,Electronic Clinical Quality Measure,SAFE_USE_OF_OPIOIDS,Safe Use of Opioids - Concurrent Prescribing,Not Available,Not Available,5,01/01/2024,12/31/2024
310005,HUNTERDON MEDICAL CENTER,2100 WESCOTT DRIVE,FLEMINGTON,NJ,08822,HUNTERDON,(908) 788-6100,Sepsis Care,SEP_1,Appropriate care for severe sepsis and septic shock,56,219,2,07/01/2024,06/30/2025
310005,HUNTERDON MEDICAL CENTER,2100 WESCOTT DRIVE,FLEMINGTON,NJ,08822,HUNTERDON,(908) 788-6100,Sepsis Care,SEP_SH_3HR,Septic Shock 3-Hour Bundle,64,66,2,07/01/2024,06/30/2025
310005,HUNTERDON MEDICAL CENTER,2100 WESCOTT DRIVE,FLEMINGTON,NJ,08822,HUNTERDON,(908) 788-6100,Sepsis Care,SEP_SH_6HR,Septic Shock 6-Hour Bundle,81,27,2,07/01/2024,06/30/2025
310005,HUNTERDON MEDICAL CENTER,2100 WESCOTT DRIVE,FLEMINGTON,NJ,08822,HUNTERDON,(908) 788-6100,Sepsis Care,SEV_SEP_3HR,Severe Sepsis 3-Hour Bundle,74,219,2,07/01/2024,06/30/2025
310005,HUNTERDON MEDICAL CENTER,2100 WESCOTT DRIVE,FLEMINGTON,NJ,08822,HUNTERDON,(908) 788-6100,Sepsis Care,SEV_SEP_6HR,Severe Sepsis 6-Hour Bundle,91,99,2,07/01/2024,06/30/2025
310005,HUNTERDON MEDICAL CENTER,2100 WESCOTT DRIVE,FLEMINGTON,NJ,08822,HUNTERDON,(908) 788-6100,Electronic Clinical Quality Measure,STK_02,Discharged on Antithrombotic Therapy,Not Available,Not Available,5,01/01/2024,12/31/2024
310005,HUNTERDON MEDICAL CENTER,2100 WESCOTT DRIVE,FLEMINGTON,NJ,08822,HUNTERDON,(908) 788-6100,Electronic Clinical Quality Measure,STK_03,Anticoagulation Therapy for Atrial Fibrillation/Flutter,Not Available,Not Available,5,01/01/2024,12/31/2024
310005,HUNTERDON MEDICAL CENTER,2100 WESCOTT DRIVE,FLEMINGTON,NJ,08822,HUNTERDON,(908) 788-6100,Electronic Clinical Quality Measure,STK_05,Antithrombotic Therapy by End of Hospital Day 2,Not Available,Not Available,5,01/01/2024,12/31/2024
310005,HUNTERDON MEDICAL CENTER,2100 WESCOTT DRIVE,FLEMINGTON,NJ,08822,HUNTERDON,(908) 788-6100,Electronic Clinical Quality Measure,VTE_1,Venous Thromboembolism Prophylaxis,Not Available,Not Available,5,01/01/2024,12/31/2024
310005,HUNTERDON MEDICAL CENTER,2100 WESCOTT DRIVE,FLEMINGTON,NJ,08822,HUNTERDON,(908) 788-6100,Electronic Clinical Quality Measure,VTE_2,Intensive Care Unit Venous Thromboembolism Prophylaxis,Not Available,Not Available,5,01/01/2024,12/31/2024
310006,ST MARY'S GENERAL HOSPITAL,350 BOULEVARD,PASSAIC,NJ,07055,PASSAIC,(973) 365-4300,Emergency Department,EDV,Emergency department volume,medium,,,01/01/2024,12/31/2024
310006,ST MARY'S GENERAL HOSPITAL,350 BOULEVARD,PASSAIC,NJ,07055,PASSAIC,(973) 365-4300,Electronic Clinical Quality Measure,GMCS,Global Malnutrition Composite Score,Not Available,Not Available,5,01/01/2024,12/31/2024
310006,ST MARY'S GENERAL HOSPITAL,350 BOULEVARD,PASSAIC,NJ,07055,PASSAIC,(973) 365-4300,Electronic Clinical Quality Measure,GMCS_Malnutrition_Diagnosis_Documented,Global Malnutrition Composite Score: Malnutrition Diagnosis Documented,Not Available,Not Available,5,01/01/2024,12/31/2024
310006,ST MARY'S GENERAL HOSPITAL,350 BOULEVARD,PASSAIC,NJ,07055,PASSAIC,(973) 365-4300,Electronic Clinical Quality Measure,GMCS_Malnutrition_Screening,Global Malnutrition Composite Score: Malnutrition Risk Screening,Not Available,Not Available,5,01/01/2024,12/31/2024
310006,ST MARY'S GENERAL HOSPITAL,350 BOULEVARD,PASSAIC,NJ,07055,PASSAIC,(973) 365-4300,Electronic Clinical Quality Measure,GMCS_Nutrition_Assessment,Global Malnutrition Composite Score: Nutrition Assessment,Not Available,Not Available,5,01/01/2024,12/31/2024
310006,ST MARY'S GENERAL HOSPITAL,350 BOULEVARD,PASSAIC,NJ,07055,PASSAIC,(973) 365-4300,Electronic Clinical Quality Measure,GMCS_Nutritional_Care_Plan,Global Malnutrition Composite Score: Nutritional Care Plan,Not Available,Not Available,5,01/01/2024,12/31/2024
310006,ST MARY'S GENERAL HOSPITAL,350 BOULEVARD,PASSAIC,NJ,07055,PASSAIC,(973) 365-4300,Electronic Clinical Quality Measure,HH_HYPER,Hospital Harm - Severe Hyperglycemia,11,7943,,01/01/2024,12/31/2024
310006,ST MARY'S GENERAL HOSPITAL,350 BOULEVARD,PASSAIC,NJ,07055,PASSAIC,(973) 365-4300,Electronic Clinical Quality Measure,HH_HYPO,Hospital Harm - Severe Hypoglycemia,1,1773,,01/01/2024,12/31/2024
310006,ST MARY'S GENERAL HOSPITAL,350 BOULEVARD,PASSAIC,NJ,07055,PASSAIC,(973) 365-4300,Electronic Clinical Quality Measure,HH_ORAE,Hospital Harm - Opioid Related Adverse Events,Not Available,Not Available,5,01/01/2024,12/31/2024
310006,ST MARY'S GENERAL HOSPITAL,350 BOULEVARD,PASSAIC,NJ,07055,PASSAIC,(973) 365-4300,Healthcare Personnel Vaccination,IMM_3,Healthcare workers given influenza vaccination,82,1257,,10/01/2024,03/31/2025
310006,ST MARY'S GENERAL HOSPITAL,350 BOULEVARD,PASSAIC,NJ,07055,PASSAIC,(973) 365-4300,Emergency Department,OP_18a,"Average (median) time all patients spent in the emergency department before leaving from the visit, including psychiatric/mental health patients and patients who were transferred to another facility. A lower number of minutes is better",190,439,,07/01/2024,06/30/2025
310006,ST MARY'S GENERAL HOSPITAL,350 BOULEVARD,PASSAIC,NJ,07055,PASSAIC,(973) 365-4300,Emergency Department,OP_18b,"Average (median) time patients spent in the emergency department before leaving from the visit, excluding patients transferred to another facility or psychiatric care/mental health patients. A lower number of minutes is better",183,399,,07/01/2024,06/30/2025
310006,ST MARY'S GENERAL HOSPITAL,350 BOULEVARD,PASSAIC,NJ,07055,PASSAIC,(973) 365-4300,Emergency Department,OP_18c,Average (median) time psychiatric/mental health patients spent in the emergency department before leaving from the visit. A lower number of minutes is better,342,40,,07/01/2024,06/30/2025
310006,ST MARY'S GENERAL HOSPITAL,350 BOULEVARD,PASSAIC,NJ,07055,PASSAIC,(973) 365-4300,Emergency Department,OP_18d,Average (median) time patients spent in the emergency department before being transferred to another facility. A lower number of minutes is better,Not Available,Not Available,7,07/01/2024,06/30/2025
310006,ST MARY'S GENERAL HOSPITAL,350 BOULEVARD,PASSAIC,NJ,07055,PASSAIC,(973) 365-4300,Emergency Department,OP_22,Left before being seen,1,28718,,01/01/2024,12/31/2024
310006,ST MARY'S GENERAL HOSPITAL,350 BOULEVARD,PASSAIC,NJ,07055,PASSAIC,(973) 365-4300,Emergency Department,OP_23,Head CT results,Not Available,Not Available,"1, 3",07/01/2024,06/30/2025
310006,ST MARY'S GENERAL HOSPITAL,350 BOULEVARD,PASSAIC,NJ,07055,PASSAIC,(973) 365-4300,Colonoscopy care,OP_29,Endoscopy/polyp surveillance: appropriate follow-up interval for normal colonoscopy in average risk patients,66,182,,01/01/2024,12/31/2024
310006,ST MARY'S GENERAL HOSPITAL,350 BOULEVARD,PASSAIC,NJ,07055,PASSAIC,(973) 365-4300,Cataract surgery outcome,OP_31,Improvement in Patient's Visual Function within 90 Days Following Cataract Surgery,Not Available,Not Available,5,01/01/2024,12/31/2024
310006,ST MARY'S GENERAL HOSPITAL,350 BOULEVARD,PASSAIC,NJ,07055,PASSAIC,(973) 365-4300,Electronic Clinical Quality Measure,OP_40,ST-Segment Elevation Myocardial Infarction (STEMI),Not Available,Not Available,1,01/01/2024,12/31/2024
310006,ST MARY'S GENERAL HOSPITAL,350 BOULEVARD,PASSAIC,NJ,07055,PASSAIC,(973) 365-4300,Electronic Clinical Quality Measure,SAFE_USE_OF_OPIOIDS,Safe Use of Opioids - Concurrent Prescribing,5,515,,01/01/2024,12/31/2024
310006,ST MARY'S GENERAL HOSPITAL,350 BOULEVARD,PASSAIC,NJ,07055,PASSAIC,(973) 365-4300,Sepsis Care,SEP_1,Appropriate care for severe sepsis and septic shock,60,73,2,07/01/2024,06/30/2025
310006,ST MARY'S GENERAL HOSPITAL,350 BOULEVARD,PASSAIC,NJ,07055,PASSAIC,(973) 365-4300,Sepsis Care,SEP_SH_3HR,Septic Shock 3-Hour Bundle,Not Available,Not Available,"1, 2",07/01/2024,06/30/2025
310006,ST MARY'S GENERAL HOSPITAL,350 BOULEVARD,PASSAIC,NJ,07055,PASSAIC,(973) 365-4300,Sepsis Care,SEP_SH_6HR,Septic Shock 6-Hour Bundle,Not Available,Not Available,"1, 2",07/01/2024,06/30/2025
310006,ST MARY'S GENERAL HOSPITAL,350 BOULEVARD,PASSAIC,NJ,07055,PASSAIC,(973) 365-4300,Sepsis Care,SEV_SEP_3HR,Severe Sepsis 3-Hour Bundle,77,73,2,07/01/2024,06/30/2025
310006,ST MARY'S GENERAL HOSPITAL,350 BOULEVARD,PASSAIC,NJ,07055,PASSAIC,(973) 365-4300,Sepsis Care,SEV_SEP_6HR,Severe Sepsis 6-Hour Bundle,85,47,2,07/01/2024,06/30/2025
310006,ST MARY'S GENERAL HOSPITAL,350 BOULEVARD,PASSAIC,NJ,07055,PASSAIC,(973) 365-4300,Electronic Clinical Quality Measure,STK_02,Discharged on Antithrombotic Therapy,98,54,,01/01/2024,12/31/2024
310006,ST MARY'S GENERAL HOSPITAL,350 BOULEVARD,PASSAIC,NJ,07055,PASSAIC,(973) 365-4300,Electronic Clinical Quality Measure,STK_03,Anticoagulation Therapy for Atrial Fibrillation/Flutter,Not Available,Not Available,5,01/01/2024,12/31/2024
310006,ST MARY'S GENERAL HOSPITAL,350 BOULEVARD,PASSAIC,NJ,07055,PASSAIC,(973) 365-4300,Electronic Clinical Quality Measure,STK_05,Antithrombotic Therapy by End of Hospital Day 2,Not Available,Not Available,5,01/01/2024,12/31/2024
310006,ST MARY'S GENERAL HOSPITAL,350 BOULEVARD,PASSAIC,NJ,07055,PASSAIC,(973) 365-4300,Electronic Clinical Quality Measure,VTE_1,Venous Thromboembolism Prophylaxis,Not Available,Not Available,5,01/01/2024,12/31/2024
310006,ST MARY'S GENERAL HOSPITAL,350 BOULEVARD,PASSAIC,NJ,07055,PASSAIC,(973) 365-4300,Electronic Clinical Quality Measure,VTE_2,Intensive Care Unit Venous Thromboembolism Prophylaxis,Not Available,Not Available,5,01/01/2024,12/31/2024
310008,HOLY NAME MEDICAL CENTER,718 TEANECK RD,TEANECK,NJ,07666,BERGEN,(201) 833-3000,Emergency Department,EDV,Emergency department volume,high,,,01/01/2024,12/31/2024
310008,HOLY NAME MEDICAL CENTER,718 TEANECK RD,TEANECK,NJ,07666,BERGEN,(201) 833-3000,Electronic Clinical Quality Measure,GMCS,Global Malnutrition Composite Score,Not Available,Not Available,5,01/01/2024,12/31/2024
310008,HOLY NAME MEDICAL CENTER,718 TEANECK RD,TEANECK,NJ,07666,BERGEN,(201) 833-3000,Electronic Clinical Quality Measure,GMCS_Malnutrition_Diagnosis_Documented,Global Malnutrition Composite Score: Malnutrition Diagnosis Documented,Not Available,Not Available,5,01/01/2024,12/31/2024
310008,HOLY NAME MEDICAL CENTER,718 TEANECK RD,TEANECK,NJ,07666,BERGEN,(201) 833-3000,Electronic Clinical Quality Measure,GMCS_Malnutrition_Screening,Global Malnutrition Composite Score: Malnutrition Risk Screening,Not Available,Not Available,5,01/01/2024,12/31/2024
310008,HOLY NAME MEDICAL CENTER,718 TEANECK RD,TEANECK,NJ,07666,BERGEN,(201) 833-3000,Electronic Clinical Quality Measure,GMCS_Nutrition_Assessment,Global Malnutrition Composite Score: Nutrition Assessment,Not Available,Not Available,5,01/01/2024,12/31/2024
310008,HOLY NAME MEDICAL CENTER,718 TEANECK RD,TEANECK,NJ,07666,BERGEN,(201) 833-3000,Electronic Clinical Quality Measure,GMCS_Nutritional_Care_Plan,Global Malnutrition Composite Score: Nutritional Care Plan,Not Available,Not Available,5,01/01/2024,12/31/2024
310008,HOLY NAME MEDICAL CENTER,718 TEANECK RD,TEANECK,NJ,07666,BERGEN,(201) 833-3000,Electronic Clinical Quality Measure,HH_HYPER,Hospital Harm - Severe Hyperglycemia,Not Available,Not Available,5,01/01/2024,12/31/2024
310008,HOLY NAME MEDICAL CENTER,718 TEANECK RD,TEANECK,NJ,07666,BERGEN,(201) 833-3000,Electronic Clinical Quality Measure,HH_HYPO,Hospital Harm - Severe Hypoglycemia,Not Available,Not Available,5,01/01/2024,12/31/2024
310008,HOLY NAME MEDICAL CENTER,718 TEANECK RD,TEANECK,NJ,07666,BERGEN,(201) 833-3000,Electronic Clinical Quality Measure,HH_ORAE,Hospital Harm - Opioid Related Adverse Events,Not Available,Not Available,5,01/01/2024,12/31/2024
310008,HOLY NAME MEDICAL CENTER,718 TEANECK RD,TEANECK,NJ,07666,BERGEN,(201) 833-3000,Healthcare Personnel Vaccination,IMM_3,Healthcare workers given influenza vaccination,96,5361,,10/01/2024,03/31/2025
310008,HOLY NAME MEDICAL CENTER,718 TEANECK RD,TEANECK,NJ,07666,BERGEN,(201) 833-3000,Emergency Department,OP_18a,"Average (median) time all patients spent in the emergency department before leaving from the visit, including psychiatric/mental health patients and patients who were transferred to another facility. A lower number of minutes is better",209,1175,,07/01/2024,06/30/2025
310008,HOLY NAME MEDICAL CENTER,718 TEANECK RD,TEANECK,NJ,07666,BERGEN,(201) 833-3000,Emergency Department,OP_18b,"Average (median) time patients spent in the emergency department before leaving from the visit, excluding patients transferred to another facility or psychiatric care/mental health patients. A lower number of minutes is better",205,1132,,07/01/2024,06/30/2025
310008,HOLY NAME MEDICAL CENTER,718 TEANECK RD,TEANECK,NJ,07666,BERGEN,(201) 833-3000,Emergency Department,OP_18c,Average (median) time psychiatric/mental health patients spent in the emergency department before leaving from the visit. A lower number of minutes is better,361,41,,07/01/2024,06/30/2025
310008,HOLY NAME MEDICAL CENTER,718 TEANECK RD,TEANECK,NJ,07666,BERGEN,(201) 833-3000,Emergency Department,OP_18d,Average (median) time patients spent in the emergency department before being transferred to another facility. A lower number of minutes is better,Not Available,Not Available,1,07/01/2024,06/30/2025
310008,HOLY NAME MEDICAL CENTER,718 TEANECK RD,TEANECK,NJ,07666,BERGEN,(201) 833-3000,Emergency Department,OP_22,Left before being seen,1,50494,,01/01/2024,12/31/2024
310008,HOLY NAME MEDICAL CENTER,718 TEANECK RD,TEANECK,NJ,07666,BERGEN,(201) 833-3000,Emergency Department,OP_23,Head CT results,Not Available,Not Available,1,07/01/2024,06/30/2025
310008,HOLY NAME MEDICAL CENTER,718 TEANECK RD,TEANECK,NJ,07666,BERGEN,(201) 833-3000,Colonoscopy care,OP_29,Endoscopy/polyp surveillance: appropriate follow-up interval for normal colonoscopy in average risk patients,100,213,,01/01/2024,12/31/2024
310008,HOLY NAME MEDICAL CENTER,718 TEANECK RD,TEANECK,NJ,07666,BERGEN,(201) 833-3000,Cataract surgery outcome,OP_31,Improvement in Patient's Visual Function within 90 Days Following Cataract Surgery,Not Available,Not Available,5,01/01/2024,12/31/2024
310008,HOLY NAME MEDICAL CENTER,718 TEANECK RD,TEANECK,NJ,07666,BERGEN,(201) 833-3000,Electronic Clinical Quality Measure,OP_40,ST-Segment Elevation Myocardial Infarction (STEMI),Not Available,Not Available,1,01/01/2024,12/31/2024
310008,HOLY NAME MEDICAL CENTER,718 TEANECK RD,TEANECK,NJ,07666,BERGEN,(201) 833-3000,Electronic Clinical Quality Measure,SAFE_USE_OF_OPIOIDS,Safe Use of Opioids - Concurrent Prescribing,16,2380,,01/01/2024,12/31/2024
310008,HOLY NAME MEDICAL CENTER,718 TEANECK RD,TEANECK,NJ,07666,BERGEN,(201) 833-3000,Sepsis Care,SEP_1,Appropriate care for severe sepsis and septic shock,87,61,2,07/01/2024,06/30/2025
310008,HOLY NAME MEDICAL CENTER,718 TEANECK RD,TEANECK,NJ,07666,BERGEN,(201) 833-3000,Sepsis Care,SEP_SH_3HR,Septic Shock 3-Hour Bundle,96,26,2,07/01/2024,06/30/2025
310008,HOLY NAME MEDICAL CENTER,718 TEANECK RD,TEANECK,NJ,07666,BERGEN,(201) 833-3000,Sepsis Care,SEP_SH_6HR,Septic Shock 6-Hour Bundle,93,14,2,07/01/2024,06/30/2025
310008,HOLY NAME MEDICAL CENTER,718 TEANECK RD,TEANECK,NJ,07666,BERGEN,(201) 833-3000,Sepsis Care,SEV_SEP_3HR,Severe Sepsis 3-Hour Bundle,93,61,2,07/01/2024,06/30/2025
310008,HOLY NAME MEDICAL CENTER,718 TEANECK RD,TEANECK,NJ,07666,BERGEN,(201) 833-3000,Sepsis Care,SEV_SEP_6HR,Severe Sepsis 6-Hour Bundle,97,36,2,07/01/2024,06/30/2025
310008,HOLY NAME MEDICAL CENTER,718 TEANECK RD,TEANECK,NJ,07666,BERGEN,(201) 833-3000,Electronic Clinical Quality Measure,STK_02,Discharged on Antithrombotic Therapy,100,148,,01/01/2024,12/31/2024
310008,HOLY NAME MEDICAL CENTER,718 TEANECK RD,TEANECK,NJ,07666,BERGEN,(201) 833-3000,Electronic Clinical Quality Measure,STK_03,Anticoagulation Therapy for Atrial Fibrillation/Flutter,100,33,,01/01/2024,12/31/2024
310008,HOLY NAME MEDICAL CENTER,718 TEANECK RD,TEANECK,NJ,07666,BERGEN,(201) 833-3000,Electronic Clinical Quality Measure,STK_05,Antithrombotic Therapy by End of Hospital Day 2,100,125,,01/01/2024,12/31/2024
310008,HOLY NAME MEDICAL CENTER,718 TEANECK RD,TEANECK,NJ,07666,BERGEN,(201) 833-3000,Electronic Clinical Quality Measure,VTE_1,Venous Thromboembolism Prophylaxis,Not Available,Not Available,5,01/01/2024,12/31/2024
310008,HOLY NAME MEDICAL CENTER,718 TEANECK RD,TEANECK,NJ,07666,BERGEN,(201) 833-3000,Electronic Clinical Quality Measure,VTE_2,Intensive Care Unit Venous Thromboembolism Prophylaxis,Not Available,Not Available,5,01/01/2024,12/31/2024
310009,CLARA MAASS MEDICAL CENTER,ONE CLARA MAASS DRIVE,BELLEVILLE,NJ,07109,ESSEX,(973) 450-2000,Emergency Department,EDV,Emergency department volume,very high,,,01/01/2024,12/31/2024
310009,CLARA MAASS MEDICAL CENTER,ONE CLARA MAASS DRIVE,BELLEVILLE,NJ,07109,ESSEX,(973) 450-2000,Electronic Clinical Quality Measure,GMCS,Global Malnutrition Composite Score,Not Available,Not Available,5,01/01/2024,12/31/2024
310009,CLARA MAASS MEDICAL CENTER,ONE CLARA MAASS DRIVE,BELLEVILLE,NJ,07109,ESSEX,(973) 450-2000,Electronic Clinical Quality Measure,GMCS_Malnutrition_Diagnosis_Documented,Global Malnutrition Composite Score: Malnutrition Diagnosis Documented,Not Available,Not Available,5,01/01/2024,12/31/2024
310009,CLARA MAASS MEDICAL CENTER,ONE CLARA MAASS DRIVE,BELLEVILLE,NJ,07109,ESSEX,(973) 450-2000,Electronic Clinical Quality Measure,GMCS_Malnutrition_Screening,Global Malnutrition Composite Score: Malnutrition Risk Screening,Not Available,Not Available,5,01/01/2024,12/31/2024
310009,CLARA MAASS MEDICAL CENTER,ONE CLARA MAASS DRIVE,BELLEVILLE,NJ,07109,ESSEX,(973) 450-2000,Electronic Clinical Quality Measure,GMCS_Nutrition_Assessment,Global Malnutrition Composite Score: Nutrition Assessment,Not Available,Not Available,5,01/01/2024,12/31/2024
310009,CLARA MAASS MEDICAL CENTER,ONE CLARA MAASS DRIVE,BELLEVILLE,NJ,07109,ESSEX,(973) 450-2000,Electronic Clinical Quality Measure,GMCS_Nutritional_Care_Plan,Global Malnutrition Composite Score: Nutritional Care Plan,Not Available,Not Available,5,01/01/2024,12/31/2024
310009,CLARA MAASS MEDICAL CENTER,ONE CLARA MAASS DRIVE,BELLEVILLE,NJ,07109,ESSEX,(973) 450-2000,Electronic Clinical Quality Measure,HH_HYPER,Hospital Harm - Severe Hyperglycemia,Not Available,Not Available,5,01/01/2024,12/31/2024
310009,CLARA MAASS MEDICAL CENTER,ONE CLARA MAASS DRIVE,BELLEVILLE,NJ,07109,ESSEX,(973) 450-2000,Electronic Clinical Quality Measure,HH_HYPO,Hospital Harm - Severe Hypoglycemia,Not Available,Not Available,5,01/01/2024,12/31/2024
310009,CLARA MAASS MEDICAL CENTER,ONE CLARA MAASS DRIVE,BELLEVILLE,NJ,07109,ESSEX,(973) 450-2000,Electronic Clinical Quality Measure,HH_ORAE,Hospital Harm - Opioid Related Adverse Events,Not Available,Not Available,5,01/01/2024,12/31/2024
310009,CLARA MAASS MEDICAL CENTER,ONE CLARA MAASS DRIVE,BELLEVILLE,NJ,07109,ESSEX,(973) 450-2000,Healthcare Personnel Vaccination,IMM_3,Healthcare workers given influenza vaccination,97,1961,,10/01/2024,03/31/2025
310009,CLARA MAASS MEDICAL CENTER,ONE CLARA MAASS DRIVE,BELLEVILLE,NJ,07109,ESSEX,(973) 450-2000,Emergency Department,OP_18a,"Average (median) time all patients spent in the emergency department before leaving from the visit, including psychiatric/mental health patients and patients who were transferred to another facility. A lower number of minutes is better",142,426,,07/01/2024,06/30/2025
310009,CLARA MAASS MEDICAL CENTER,ONE CLARA MAASS DRIVE,BELLEVILLE,NJ,07109,ESSEX,(973) 450-2000,Emergency Department,OP_18b,"Average (median) time patients spent in the emergency department before leaving from the visit, excluding patients transferred to another facility or psychiatric care/mental health patients. A lower number of minutes is better",138,404,,07/01/2024,06/30/2025
310009,CLARA MAASS MEDICAL CENTER,ONE CLARA MAASS DRIVE,BELLEVILLE,NJ,07109,ESSEX,(973) 450-2000,Emergency Department,OP_18c,Average (median) time psychiatric/mental health patients spent in the emergency department before leaving from the visit. A lower number of minutes is better,276,22,,07/01/2024,06/30/2025
310009,CLARA MAASS MEDICAL CENTER,ONE CLARA MAASS DRIVE,BELLEVILLE,NJ,07109,ESSEX,(973) 450-2000,Emergency Department,OP_18d,Average (median) time patients spent in the emergency department before being transferred to another facility. A lower number of minutes is better,Not Available,Not Available,1,07/01/2024,06/30/2025
310009,CLARA MAASS MEDICAL CENTER,ONE CLARA MAASS DRIVE,BELLEVILLE,NJ,07109,ESSEX,(973) 450-2000,Emergency Department,OP_22,Left before being seen,0,80156,,01/01/2024,12/31/2024
310009,CLARA MAASS MEDICAL CENTER,ONE CLARA MAASS DRIVE,BELLEVILLE,NJ,07109,ESSEX,(973) 450-2000,Emergency Department,OP_23,Head CT results,Not Available,Not Available,"1, 3",07/01/2024,06/30/2025
310009,CLARA MAASS MEDICAL CENTER,ONE CLARA MAASS DRIVE,BELLEVILLE,NJ,07109,ESSEX,(973) 450-2000,Colonoscopy care,OP_29,Endoscopy/polyp surveillance: appropriate follow-up interval for normal colonoscopy in average risk patients,91,86,,01/01/2024,12/31/2024
310009,CLARA MAASS MEDICAL CENTER,ONE CLARA MAASS DRIVE,BELLEVILLE,NJ,07109,ESSEX,(973) 450-2000,Cataract surgery outcome,OP_31,Improvement in Patient's Visual Function within 90 Days Following Cataract Surgery,Not Available,Not Available,5,01/01/2024,12/31/2024
310009,CLARA MAASS MEDICAL CENTER,ONE CLARA MAASS DRIVE,BELLEVILLE,NJ,07109,ESSEX,(973) 450-2000,Electronic Clinical Quality Measure,OP_40,ST-Segment Elevation Myocardial Infarction (STEMI),Not Available,Not Available,1,01/01/2024,12/31/2024
310009,CLARA MAASS MEDICAL CENTER,ONE CLARA MAASS DRIVE,BELLEVILLE,NJ,07109,ESSEX,(973) 450-2000,Electronic Clinical Quality Measure,SAFE_USE_OF_OPIOIDS,Safe Use of Opioids - Concurrent Prescribing,10,1686,,01/01/2024,12/31/2024
310009,CLARA MAASS MEDICAL CENTER,ONE CLARA MAASS DRIVE,BELLEVILLE,NJ,07109,ESSEX,(973) 450-2000,Sepsis Care,SEP_1,Appropriate care for severe sepsis and septic shock,79,235,2,07/01/2024,06/30/2025
310009,CLARA MAASS MEDICAL CENTER,ONE CLARA MAASS DRIVE,BELLEVILLE,NJ,07109,ESSEX,(973) 450-2000,Sepsis Care,SEP_SH_3HR,Septic Shock 3-Hour Bundle,94,87,2,07/01/2024,06/30/2025
310009,CLARA MAASS MEDICAL CENTER,ONE CLARA MAASS DRIVE,BELLEVILLE,NJ,07109,ESSEX,(973) 450-2000,Sepsis Care,SEP_SH_6HR,Septic Shock 6-Hour Bundle,85,66,2,07/01/2024,06/30/2025
310009,CLARA MAASS MEDICAL CENTER,ONE CLARA MAASS DRIVE,BELLEVILLE,NJ,07109,ESSEX,(973) 450-2000,Sepsis Care,SEV_SEP_3HR,Severe Sepsis 3-Hour Bundle,88,235,2,07/01/2024,06/30/2025
310009,CLARA MAASS MEDICAL CENTER,ONE CLARA MAASS DRIVE,BELLEVILLE,NJ,07109,ESSEX,(973) 450-2000,Sepsis Care,SEV_SEP_6HR,Severe Sepsis 6-Hour Bundle,97,144,2,07/01/2024,06/30/2025
310009,CLARA MAASS MEDICAL CENTER,ONE CLARA MAASS DRIVE,BELLEVILLE,NJ,07109,ESSEX,(973) 450-2000,Electronic Clinical Quality Measure,STK_02,Discharged on Antithrombotic Therapy,96,437,,01/01/2024,12/31/2024
310009,CLARA MAASS MEDICAL CENTER,ONE CLARA MAASS DRIVE,BELLEVILLE,NJ,07109,ESSEX,(973) 450-2000,Electronic Clinical Quality Measure,STK_03,Anticoagulation Therapy for Atrial Fibrillation/Flutter,Not Available,Not Available,5,01/01/2024,12/31/2024
310009,CLARA MAASS MEDICAL CENTER,ONE CLARA MAASS DRIVE,BELLEVILLE,NJ,07109,ESSEX,(973) 450-2000,Electronic Clinical Quality Measure,STK_05,Antithrombotic Therapy by End of Hospital Day 2,88,429,,01/01/2024,12/31/2024
310009,CLARA MAASS MEDICAL CENTER,ONE CLARA MAASS DRIVE,BELLEVILLE,NJ,07109,ESSEX,(973) 450-2000,Electronic Clinical Quality Measure,VTE_1,Venous Thromboembolism Prophylaxis,49,7372,,01/01/2024,12/31/2024
310009,CLARA MAASS MEDICAL CENTER,ONE CLARA MAASS DRIVE,BELLEVILLE,NJ,07109,ESSEX,(973) 450-2000,Electronic Clinical Quality Measure,VTE_2,Intensive Care Unit Venous Thromboembolism Prophylaxis,Not Available,Not Available,5,01/01/2024,12/31/2024
310010,UNIVERSITY MEDICAL CENTER OF PRINCETON AT PLAINSBORO,ONE-FIVE PLAINSBORO ROAD,PLAINSBORO,NJ,08536,MIDDLESEX,(609) 853-6500,Emergency Department,EDV,Emergency department volume,high,,,01/01/2024,12/31/2024
310010,UNIVERSITY MEDICAL CENTER OF PRINCETON AT PLAINSBORO,ONE-FIVE PLAINSBORO ROAD,PLAINSBORO,NJ,08536,MIDDLESEX,(609) 853-6500,Electronic Clinical Quality Measure,GMCS,Global Malnutrition Composite Score,Not Available,Not Available,5,01/01/2024,12/31/2024
310010,UNIVERSITY MEDICAL CENTER OF PRINCETON AT PLAINSBORO,ONE-FIVE PLAINSBORO ROAD,PLAINSBORO,NJ,08536,MIDDLESEX,(609) 853-6500,Electronic Clinical Quality Measure,GMCS_Malnutrition_Diagnosis_Documented,Global Malnutrition Composite Score: Malnutrition Diagnosis Documented,Not Available,Not Available,5,01/01/2024,12/31/2024
310010,UNIVERSITY MEDICAL CENTER OF PRINCETON AT PLAINSBORO,ONE-FIVE PLAINSBORO ROAD,PLAINSBORO,NJ,08536,MIDDLESEX,(609) 853-6500,Electronic Clinical Quality Measure,GMCS_Malnutrition_Screening,Global Malnutrition Composite Score: Malnutrition Risk Screening,Not Available,Not Available,5,01/01/2024,12/31/2024
310010,UNIVERSITY MEDICAL CENTER OF PRINCETON AT PLAINSBORO,ONE-FIVE PLAINSBORO ROAD,PLAINSBORO,NJ,08536,MIDDLESEX,(609) 853-6500,Electronic Clinical Quality Measure,GMCS_Nutrition_Assessment,Global Malnutrition Composite Score: Nutrition Assessment,Not Available,Not Available,5,01/01/2024,12/31/2024
310010,UNIVERSITY MEDICAL CENTER OF PRINCETON AT PLAINSBORO,ONE-FIVE PLAINSBORO ROAD,PLAINSBORO,NJ,08536,MIDDLESEX,(609) 853-6500,Electronic Clinical Quality Measure,GMCS_Nutritional_Care_Plan,Global Malnutrition Composite Score: Nutritional Care Plan,Not Available,Not Available,5,01/01/2024,12/31/2024
310010,UNIVERSITY MEDICAL CENTER OF PRINCETON AT PLAINSBORO,ONE-FIVE PLAINSBORO ROAD,PLAINSBORO,NJ,08536,MIDDLESEX,(609) 853-6500,Electronic Clinical Quality Measure,HH_HYPER,Hospital Harm - Severe Hyperglycemia,9,16314,,01/01/2024,12/31/2024
310010,UNIVERSITY MEDICAL CENTER OF PRINCETON AT PLAINSBORO,ONE-FIVE PLAINSBORO ROAD,PLAINSBORO,NJ,08536,MIDDLESEX,(609) 853-6500,Electronic Clinical Quality Measure,HH_HYPO,Hospital Harm - Severe Hypoglycemia,Not Available,Not Available,5,01/01/2024,12/31/2024
310010,UNIVERSITY MEDICAL CENTER OF PRINCETON AT PLAINSBORO,ONE-FIVE PLAINSBORO ROAD,PLAINSBORO,NJ,08536,MIDDLESEX,(609) 853-6500,Electronic Clinical Quality Measure,HH_ORAE,Hospital Harm - Opioid Related Adverse Events,Not Available,Not Available,5,01/01/2024,12/31/2024
310010,UNIVERSITY MEDICAL CENTER OF PRINCETON AT PLAINSBORO,ONE-FIVE PLAINSBORO ROAD,PLAINSBORO,NJ,08536,MIDDLESEX,(609) 853-6500,Healthcare Personnel Vaccination,IMM_3,Healthcare workers given influenza vaccination,99,5775,,10/01/2024,03/31/2025
310010,UNIVERSITY MEDICAL CENTER OF PRINCETON AT PLAINSBORO,ONE-FIVE PLAINSBORO ROAD,PLAINSBORO,NJ,08536,MIDDLESEX,(609) 853-6500,Emergency Department,OP_18a,"Average (median) time all patients spent in the emergency department before leaving from the visit, including psychiatric/mental health patients and patients who were transferred to another facility. A lower number of minutes is better",227,407,,07/01/2024,06/30/2025
310010,UNIVERSITY MEDICAL CENTER OF PRINCETON AT PLAINSBORO,ONE-FIVE PLAINSBORO ROAD,PLAINSBORO,NJ,08536,MIDDLESEX,(609) 853-6500,Emergency Department,OP_18b,"Average (median) time patients spent in the emergency department before leaving from the visit, excluding patients transferred to another facility or psychiatric care/mental health patients. A lower number of minutes is better",225,378,,07/01/2024,06/30/2025
310010,UNIVERSITY MEDICAL CENTER OF PRINCETON AT PLAINSBORO,ONE-FIVE PLAINSBORO ROAD,PLAINSBORO,NJ,08536,MIDDLESEX,(609) 853-6500,Emergency Department,OP_18c,Average (median) time psychiatric/mental health patients spent in the emergency department before leaving from the visit. A lower number of minutes is better,446,28,,07/01/2024,06/30/2025
310010,UNIVERSITY MEDICAL CENTER OF PRINCETON AT PLAINSBORO,ONE-FIVE PLAINSBORO ROAD,PLAINSBORO,NJ,08536,MIDDLESEX,(609) 853-6500,Emergency Department,OP_18d,Average (median) time patients spent in the emergency department before being transferred to another facility. A lower number of minutes is better,Not Available,Not Available,1,07/01/2024,06/30/2025
310010,UNIVERSITY MEDICAL CENTER OF PRINCETON AT PLAINSBORO,ONE-FIVE PLAINSBORO ROAD,PLAINSBORO,NJ,08536,MIDDLESEX,(609) 853-6500,Emergency Department,OP_22,Left before being seen,1,59348,,01/01/2024,12/31/2024
310010,UNIVERSITY MEDICAL CENTER OF PRINCETON AT PLAINSBORO,ONE-FIVE PLAINSBORO ROAD,PLAINSBORO,NJ,08536,MIDDLESEX,(609) 853-6500,Emergency Department,OP_23,Head CT results,62,13,,07/01/2024,06/30/2025
310010,UNIVERSITY MEDICAL CENTER OF PRINCETON AT PLAINSBORO,ONE-FIVE PLAINSBORO ROAD,PLAINSBORO,NJ,08536,MIDDLESEX,(609) 853-6500,Colonoscopy care,OP_29,Endoscopy/polyp surveillance: appropriate follow-up interval for normal colonoscopy in average risk patients,96,104,,01/01/2024,12/31/2024
310010,UNIVERSITY MEDICAL CENTER OF PRINCETON AT PLAINSBORO,ONE-FIVE PLAINSBORO ROAD,PLAINSBORO,NJ,08536,MIDDLESEX,(609) 853-6500,Cataract surgery outcome,OP_31,Improvement in Patient's Visual Function within 90 Days Following Cataract Surgery,Not Available,Not Available,5,01/01/2024,12/31/2024
310010,UNIVERSITY MEDICAL CENTER OF PRINCETON AT PLAINSBORO,ONE-FIVE PLAINSBORO ROAD,PLAINSBORO,NJ,08536,MIDDLESEX,(609) 853-6500,Electronic Clinical Quality Measure,OP_40,ST-Segment Elevation Myocardial Infarction (STEMI),Not Available,Not Available,1,01/01/2024,12/31/2024
310010,UNIVERSITY MEDICAL CENTER OF PRINCETON AT PLAINSBORO,ONE-FIVE PLAINSBORO ROAD,PLAINSBORO,NJ,08536,MIDDLESEX,(609) 853-6500,Electronic Clinical Quality Measure,SAFE_USE_OF_OPIOIDS,Safe Use of Opioids - Concurrent Prescribing,18,2949,,01/01/2024,12/31/2024
310010,UNIVERSITY MEDICAL CENTER OF PRINCETON AT PLAINSBORO,ONE-FIVE PLAINSBORO ROAD,PLAINSBORO,NJ,08536,MIDDLESEX,(609) 853-6500,Sepsis Care,SEP_1,Appropriate care for severe sepsis and septic shock,70,128,2,07/01/2024,06/30/2025
310010,UNIVERSITY MEDICAL CENTER OF PRINCETON AT PLAINSBORO,ONE-FIVE PLAINSBORO ROAD,PLAINSBORO,NJ,08536,MIDDLESEX,(609) 853-6500,Sepsis Care,SEP_SH_3HR,Septic Shock 3-Hour Bundle,88,34,2,07/01/2024,06/30/2025
310010,UNIVERSITY MEDICAL CENTER OF PRINCETON AT PLAINSBORO,ONE-FIVE PLAINSBORO ROAD,PLAINSBORO,NJ,08536,MIDDLESEX,(609) 853-6500,Sepsis Care,SEP_SH_6HR,Septic Shock 6-Hour Bundle,92,25,2,07/01/2024,06/30/2025
310010,UNIVERSITY MEDICAL CENTER OF PRINCETON AT PLAINSBORO,ONE-FIVE PLAINSBORO ROAD,PLAINSBORO,NJ,08536,MIDDLESEX,(609) 853-6500,Sepsis Care,SEV_SEP_3HR,Severe Sepsis 3-Hour Bundle,80,128,2,07/01/2024,06/30/2025
310010,UNIVERSITY MEDICAL CENTER OF PRINCETON AT PLAINSBORO,ONE-FIVE PLAINSBORO ROAD,PLAINSBORO,NJ,08536,MIDDLESEX,(609) 853-6500,Sepsis Care,SEV_SEP_6HR,Severe Sepsis 6-Hour Bundle,92,63,2,07/01/2024,06/30/2025
310010,UNIVERSITY MEDICAL CENTER OF PRINCETON AT PLAINSBORO,ONE-FIVE PLAINSBORO ROAD,PLAINSBORO,NJ,08536,MIDDLESEX,(609) 853-6500,Electronic Clinical Quality Measure,STK_02,Discharged on Antithrombotic Therapy,97,197,,01/01/2024,12/31/2024
310010,UNIVERSITY MEDICAL CENTER OF PRINCETON AT PLAINSBORO,ONE-FIVE PLAINSBORO ROAD,PLAINSBORO,NJ,08536,MIDDLESEX,(609) 853-6500,Electronic Clinical Quality Measure,STK_03,Anticoagulation Therapy for Atrial Fibrillation/Flutter,Not Available,Not Available,5,01/01/2024,12/31/2024
310010,UNIVERSITY MEDICAL CENTER OF PRINCETON AT PLAINSBORO,ONE-FIVE PLAINSBORO ROAD,PLAINSBORO,NJ,08536,MIDDLESEX,(609) 853-6500,Electronic Clinical Quality Measure,STK_05,Antithrombotic Therapy by End of Hospital Day 2,92,187,,01/01/2024,12/31/2024
310010,UNIVERSITY MEDICAL CENTER OF PRINCETON AT PLAINSBORO,ONE-FIVE PLAINSBORO ROAD,PLAINSBORO,NJ,08536,MIDDLESEX,(609) 853-6500,Electronic Clinical Quality Measure,VTE_1,Venous Thromboembolism Prophylaxis,Not Available,Not Available,5,01/01/2024,12/31/2024
310010,UNIVERSITY MEDICAL CENTER OF PRINCETON AT PLAINSBORO,ONE-FIVE PLAINSBORO ROAD,PLAINSBORO,NJ,08536,MIDDLESEX,(609) 853-6500,Electronic Clinical Quality Measure,VTE_2,Intensive Care Unit Venous Thromboembolism Prophylaxis,Not Available,Not Available,5,01/01/2024,12/31/2024
310011,CAPE REGIONAL MEDICAL CENTER INC,TWO STONE HARBOR BLVD,CAPE MAY COURT HOUSE,NJ,08210,CAPE MAY,(609) 463-2000,Emergency Department,EDV,Emergency department volume,medium,,,01/01/2024,12/31/2024
310011,CAPE REGIONAL MEDICAL CENTER INC,TWO STONE HARBOR BLVD,CAPE MAY COURT HOUSE,NJ,08210,CAPE MAY,(609) 463-2000,Electronic Clinical Quality Measure,GMCS,Global Malnutrition Composite Score,Not Available,Not Available,5,01/01/2024,12/31/2024
310011,CAPE REGIONAL MEDICAL CENTER INC,TWO STONE HARBOR BLVD,CAPE MAY COURT HOUSE,NJ,08210,CAPE MAY,(609) 463-2000,Electronic Clinical Quality Measure,GMCS_Malnutrition_Diagnosis_Documented,Global Malnutrition Composite Score: Malnutrition Diagnosis Documented,Not Available,Not Available,5,01/01/2024,12/31/2024
310011,CAPE REGIONAL MEDICAL CENTER INC,TWO STONE HARBOR BLVD,CAPE MAY COURT HOUSE,NJ,08210,CAPE MAY,(609) 463-2000,Electronic Clinical Quality Measure,GMCS_Malnutrition_Screening,Global Malnutrition Composite Score: Malnutrition Risk Screening,Not Available,Not Available,5,01/01/2024,12/31/2024
310011,CAPE REGIONAL MEDICAL CENTER INC,TWO STONE HARBOR BLVD,CAPE MAY COURT HOUSE,NJ,08210,CAPE MAY,(609) 463-2000,Electronic Clinical Quality Measure,GMCS_Nutrition_Assessment,Global Malnutrition Composite Score: Nutrition Assessment,Not Available,Not Available,5,01/01/2024,12/31/2024
310011,CAPE REGIONAL MEDICAL CENTER INC,TWO STONE HARBOR BLVD,CAPE MAY COURT HOUSE,NJ,08210,CAPE MAY,(609) 463-2000,Electronic Clinical Quality Measure,GMCS_Nutritional_Care_Plan,Global Malnutrition Composite Score: Nutritional Care Plan,Not Available,Not Available,5,01/01/2024,12/31/2024
310011,CAPE REGIONAL MEDICAL CENTER INC,TWO STONE HARBOR BLVD,CAPE MAY COURT HOUSE,NJ,08210,CAPE MAY,(609) 463-2000,Electronic Clinical Quality Measure,HH_HYPER,Hospital Harm - Severe Hyperglycemia,Not Available,Not Available,5,01/01/2024,12/31/2024
310011,CAPE REGIONAL MEDICAL CENTER INC,TWO STONE HARBOR BLVD,CAPE MAY COURT HOUSE,NJ,08210,CAPE MAY,(609) 463-2000,Electronic Clinical Quality Measure,HH_HYPO,Hospital Harm - Severe Hypoglycemia,Not Available,Not Available,5,01/01/2024,12/31/2024
310011,CAPE REGIONAL MEDICAL CENTER INC,TWO STONE HARBOR BLVD,CAPE MAY COURT HOUSE,NJ,08210,CAPE MAY,(609) 463-2000,Electronic Clinical Quality Measure,HH_ORAE,Hospital Harm - Opioid Related Adverse Events,Not Available,Not Available,5,01/01/2024,12/31/2024
310011,CAPE REGIONAL MEDICAL CENTER INC,TWO STONE HARBOR BLVD,CAPE MAY COURT HOUSE,NJ,08210,CAPE MAY,(609) 463-2000,Healthcare Personnel Vaccination,IMM_3,Healthcare workers given influenza vaccination,71,1792,,10/01/2024,03/31/2025
310011,CAPE REGIONAL MEDICAL CENTER INC,TWO STONE HARBOR BLVD,CAPE MAY COURT HOUSE,NJ,08210,CAPE MAY,(609) 463-2000,Emergency Department,OP_18a,"Average (median) time all patients spent in the emergency department before leaving from the visit, including psychiatric/mental health patients and patients who were transferred to another facility. A lower number of minutes is better",222,422,,07/01/2024,06/30/2025
310011,CAPE REGIONAL MEDICAL CENTER INC,TWO STONE HARBOR BLVD,CAPE MAY COURT HOUSE,NJ,08210,CAPE MAY,(609) 463-2000,Emergency Department,OP_18b,"Average (median) time patients spent in the emergency department before leaving from the visit, excluding patients transferred to another facility or psychiatric care/mental health patients. A lower number of minutes is better",208,376,,07/01/2024,06/30/2025
310011,CAPE REGIONAL MEDICAL CENTER INC,TWO STONE HARBOR BLVD,CAPE MAY COURT HOUSE,NJ,08210,CAPE MAY,(609) 463-2000,Emergency Department,OP_18c,Average (median) time psychiatric/mental health patients spent in the emergency department before leaving from the visit. A lower number of minutes is better,463,29,,07/01/2024,06/30/2025
310011,CAPE REGIONAL MEDICAL CENTER INC,TWO STONE HARBOR BLVD,CAPE MAY COURT HOUSE,NJ,08210,CAPE MAY,(609) 463-2000,Emergency Department,OP_18d,Average (median) time patients spent in the emergency department before being transferred to another facility. A lower number of minutes is better,420,17,,07/01/2024,06/30/2025
310011,CAPE REGIONAL MEDICAL CENTER INC,TWO STONE HARBOR BLVD,CAPE MAY COURT HOUSE,NJ,08210,CAPE MAY,(609) 463-2000,Emergency Department,OP_22,Left before being seen,2,38943,,01/01/2024,12/31/2024
310011,CAPE REGIONAL MEDICAL CENTER INC,TWO STONE HARBOR BLVD,CAPE MAY COURT HOUSE,NJ,08210,CAPE MAY,(609) 463-2000,Emergency Department,OP_23,Head CT results,42,12,,07/01/2024,06/30/2025
310011,CAPE REGIONAL MEDICAL CENTER INC,TWO STONE HARBOR BLVD,CAPE MAY COURT HOUSE,NJ,08210,CAPE MAY,(609) 463-2000,Colonoscopy care,OP_29,Endoscopy/polyp surveillance: appropriate follow-up interval for normal colonoscopy in average risk patients,98,132,,01/01/2024,12/31/2024
310011,CAPE REGIONAL MEDICAL CENTER INC,TWO STONE HARBOR BLVD,CAPE MAY COURT HOUSE,NJ,08210,CAPE MAY,(609) 463-2000,Cataract surgery outcome,OP_31,Improvement in Patient's Visual Function within 90 Days Following Cataract Surgery,Not Available,Not Available,5,01/01/2024,12/31/2024
310011,CAPE REGIONAL MEDICAL CENTER INC,TWO STONE HARBOR BLVD,CAPE MAY COURT HOUSE,NJ,08210,CAPE MAY,(609) 463-2000,Electronic Clinical Quality Measure,OP_40,ST-Segment Elevation Myocardial Infarction (STEMI),Not Available,Not Available,5,01/01/2024,12/31/2024
310011,CAPE REGIONAL MEDICAL CENTER INC,TWO STONE HARBOR BLVD,CAPE MAY COURT HOUSE,NJ,08210,CAPE MAY,(609) 463-2000,Electronic Clinical Quality Measure,SAFE_USE_OF_OPIOIDS,Safe Use of Opioids - Concurrent Prescribing,21,952,,01/01/2024,12/31/2024
310011,CAPE REGIONAL MEDICAL CENTER INC,TWO STONE HARBOR BLVD,CAPE MAY COURT HOUSE,NJ,08210,CAPE MAY,(609) 463-2000,Sepsis Care,SEP_1,Appropriate care for severe sepsis and septic shock,56,175,2,07/01/2024,06/30/2025
310011,CAPE REGIONAL MEDICAL CENTER INC,TWO STONE HARBOR BLVD,CAPE MAY COURT HOUSE,NJ,08210,CAPE MAY,(609) 463-2000,Sepsis Care,SEP_SH_3HR,Septic Shock 3-Hour Bundle,60,58,2,07/01/2024,06/30/2025
310011,CAPE REGIONAL MEDICAL CENTER INC,TWO STONE HARBOR BLVD,CAPE MAY COURT HOUSE,NJ,08210,CAPE MAY,(609) 463-2000,Sepsis Care,SEP_SH_6HR,Septic Shock 6-Hour Bundle,90,31,2,07/01/2024,06/30/2025
310011,CAPE REGIONAL MEDICAL CENTER INC,TWO STONE HARBOR BLVD,CAPE MAY COURT HOUSE,NJ,08210,CAPE MAY,(609) 463-2000,Sepsis Care,SEV_SEP_3HR,Severe Sepsis 3-Hour Bundle,78,175,2,07/01/2024,06/30/2025
310011,CAPE REGIONAL MEDICAL CENTER INC,TWO STONE HARBOR BLVD,CAPE MAY COURT HOUSE,NJ,08210,CAPE MAY,(609) 463-2000,Sepsis Care,SEV_SEP_6HR,Severe Sepsis 6-Hour Bundle,88,102,2,07/01/2024,06/30/2025
310011,CAPE REGIONAL MEDICAL CENTER INC,TWO STONE HARBOR BLVD,CAPE MAY COURT HOUSE,NJ,08210,CAPE MAY,(609) 463-2000,Electronic Clinical Quality Measure,STK_02,Discharged on Antithrombotic Therapy,84,119,,01/01/2024,12/31/2024
310011,CAPE REGIONAL MEDICAL CENTER INC,TWO STONE HARBOR BLVD,CAPE MAY COURT HOUSE,NJ,08210,CAPE MAY,(609) 463-2000,Electronic Clinical Quality Measure,STK_03,Anticoagulation Therapy for Atrial Fibrillation/Flutter,57,30,,01/01/2024,12/31/2024
310011,CAPE REGIONAL MEDICAL CENTER INC,TWO STONE HARBOR BLVD,CAPE MAY COURT HOUSE,NJ,08210,CAPE MAY,(609) 463-2000,Electronic Clinical Quality Measure,STK_05,Antithrombotic Therapy by End of Hospital Day 2,98,131,,01/01/2024,12/31/2024
310011,CAPE REGIONAL MEDICAL CENTER INC,TWO STONE HARBOR BLVD,CAPE MAY COURT HOUSE,NJ,08210,CAPE MAY,(609) 463-2000,Electronic Clinical Quality Measure,VTE_1,Venous Thromboembolism Prophylaxis,Not Available,Not Available,5,01/01/2024,12/31/2024
310011,CAPE REGIONAL MEDICAL CENTER INC,TWO STONE HARBOR BLVD,CAPE MAY COURT HOUSE,NJ,08210,CAPE MAY,(609) 463-2000,Electronic Clinical Quality Measure,VTE_2,Intensive Care Unit Venous Thromboembolism Prophylaxis,Not Available,Not Available,5,01/01/2024,12/31/2024
310012,VALLEY HOSPITAL,4 VALLEY HEALTH PLAZA,PARAMUS,NJ,07652,BERGEN,(201) 447-8000,Emergency Department,EDV,Emergency department volume,very high,,,01/01/2024,12/31/2024
310012,VALLEY HOSPITAL,4 VALLEY HEALTH PLAZA,PARAMUS,NJ,07652,BERGEN,(201) 447-8000,Electronic Clinical Quality Measure,GMCS,Global Malnutrition Composite Score,Not Available,Not Available,5,01/01/2024,12/31/2024
310012,VALLEY HOSPITAL,4 VALLEY HEALTH PLAZA,PARAMUS,NJ,07652,BERGEN,(201) 447-8000,Electronic Clinical Quality Measure,GMCS_Malnutrition_Diagnosis_Documented,Global Malnutrition Composite Score: Malnutrition Diagnosis Documented,Not Available,Not Available,5,01/01/2024,12/31/2024
310012,VALLEY HOSPITAL,4 VALLEY HEALTH PLAZA,PARAMUS,NJ,07652,BERGEN,(201) 447-8000,Electronic Clinical Quality Measure,GMCS_Malnutrition_Screening,Global Malnutrition Composite Score: Malnutrition Risk Screening,Not Available,Not Available,5,01/01/2024,12/31/2024
310012,VALLEY HOSPITAL,4 VALLEY HEALTH PLAZA,PARAMUS,NJ,07652,BERGEN,(201) 447-8000,Electronic Clinical Quality Measure,GMCS_Nutrition_Assessment,Global Malnutrition Composite Score: Nutrition Assessment,Not Available,Not Available,5,01/01/2024,12/31/2024
310012,VALLEY HOSPITAL,4 VALLEY HEALTH PLAZA,PARAMUS,NJ,07652,BERGEN,(201) 447-8000,Electronic Clinical Quality Measure,GMCS_Nutritional_Care_Plan,Global Malnutrition Composite Score: Nutritional Care Plan,Not Available,Not Available,5,01/01/2024,12/31/2024
310012,VALLEY HOSPITAL,4 VALLEY HEALTH PLAZA,PARAMUS,NJ,07652,BERGEN,(201) 447-8000,Electronic Clinical Quality Measure,HH_HYPER,Hospital Harm - Severe Hyperglycemia,Not Available,Not Available,5,01/01/2024,12/31/2024
310012,VALLEY HOSPITAL,4 VALLEY HEALTH PLAZA,PARAMUS,NJ,07652,BERGEN,(201) 447-8000,Electronic Clinical Quality Measure,HH_HYPO,Hospital Harm - Severe Hypoglycemia,Not Available,Not Available,5,01/01/2024,12/31/2024
310012,VALLEY HOSPITAL,4 VALLEY HEALTH PLAZA,PARAMUS,NJ,07652,BERGEN,(201) 447-8000,Electronic Clinical Quality Measure,HH_ORAE,Hospital Harm - Opioid Related Adverse Events,Not Available,Not Available,5,01/01/2024,12/31/2024
310012,VALLEY HOSPITAL,4 VALLEY HEALTH PLAZA,PARAMUS,NJ,07652,BERGEN,(201) 447-8000,Healthcare Personnel Vaccination,IMM_3,Healthcare workers given influenza vaccination,95,9195,,10/01/2024,03/31/2025
310012,VALLEY HOSPITAL,4 VALLEY HEALTH PLAZA,PARAMUS,NJ,07652,BERGEN,(201) 447-8000,Emergency Department,OP_18a,"Average (median) time all patients spent in the emergency department before leaving from the visit, including psychiatric/mental health patients and patients who were transferred to another facility. A lower number of minutes is better",227,419,,07/01/2024,06/30/2025
310012,VALLEY HOSPITAL,4 VALLEY HEALTH PLAZA,PARAMUS,NJ,07652,BERGEN,(201) 447-8000,Emergency Department,OP_18b,"Average (median) time patients spent in the emergency department before leaving from the visit, excluding patients transferred to another facility or psychiatric care/mental health patients. A lower number of minutes is better",223,401,,07/01/2024,06/30/2025
310012,VALLEY HOSPITAL,4 VALLEY HEALTH PLAZA,PARAMUS,NJ,07652,BERGEN,(201) 447-8000,Emergency Department,OP_18c,Average (median) time psychiatric/mental health patients spent in the emergency department before leaving from the visit. A lower number of minutes is better,258,17,,07/01/2024,06/30/2025
310012,VALLEY HOSPITAL,4 VALLEY HEALTH PLAZA,PARAMUS,NJ,07652,BERGEN,(201) 447-8000,Emergency Department,OP_18d,Average (median) time patients spent in the emergency department before being transferred to another facility. A lower number of minutes is better,Not Available,Not Available,1,07/01/2024,06/30/2025
310012,VALLEY HOSPITAL,4 VALLEY HEALTH PLAZA,PARAMUS,NJ,07652,BERGEN,(201) 447-8000,Emergency Department,OP_22,Left before being seen,1,78255,,01/01/2024,12/31/2024
310012,VALLEY HOSPITAL,4 VALLEY HEALTH PLAZA,PARAMUS,NJ,07652,BERGEN,(201) 447-8000,Emergency Department,OP_23,Head CT results,Not Available,Not Available,1,07/01/2024,06/30/2025
310012,VALLEY HOSPITAL,4 VALLEY HEALTH PLAZA,PARAMUS,NJ,07652,BERGEN,(201) 447-8000,Colonoscopy care,OP_29,Endoscopy/polyp surveillance: appropriate follow-up interval for normal colonoscopy in average risk patients,99,93,,01/01/2024,12/31/2024
310012,VALLEY HOSPITAL,4 VALLEY HEALTH PLAZA,PARAMUS,NJ,07652,BERGEN,(201) 447-8000,Cataract surgery outcome,OP_31,Improvement in Patient's Visual Function within 90 Days Following Cataract Surgery,Not Available,Not Available,5,01/01/2024,12/31/2024
310012,VALLEY HOSPITAL,4 VALLEY HEALTH PLAZA,PARAMUS,NJ,07652,BERGEN,(201) 447-8000,Electronic Clinical Quality Measure,OP_40,ST-Segment Elevation Myocardial Infarction (STEMI),57,30,,01/01/2024,12/31/2024
310012,VALLEY HOSPITAL,4 VALLEY HEALTH PLAZA,PARAMUS,NJ,07652,BERGEN,(201) 447-8000,Electronic Clinical Quality Measure,SAFE_USE_OF_OPIOIDS,Safe Use of Opioids - Concurrent Prescribing,15,4150,,01/01/2024,12/31/2024
310012,VALLEY HOSPITAL,4 VALLEY HEALTH PLAZA,PARAMUS,NJ,07652,BERGEN,(201) 447-8000,Sepsis Care,SEP_1,Appropriate care for severe sepsis and septic shock,45,166,2,07/01/2024,06/30/2025
310012,VALLEY HOSPITAL,4 VALLEY HEALTH PLAZA,PARAMUS,NJ,07652,BERGEN,(201) 447-8000,Sepsis Care,SEP_SH_3HR,Septic Shock 3-Hour Bundle,54,65,2,07/01/2024,06/30/2025
310012,VALLEY HOSPITAL,4 VALLEY HEALTH PLAZA,PARAMUS,NJ,07652,BERGEN,(201) 447-8000,Sepsis Care,SEP_SH_6HR,Septic Shock 6-Hour Bundle,74,31,2,07/01/2024,06/30/2025
310012,VALLEY HOSPITAL,4 VALLEY HEALTH PLAZA,PARAMUS,NJ,07652,BERGEN,(201) 447-8000,Sepsis Care,SEV_SEP_3HR,Severe Sepsis 3-Hour Bundle,73,166,2,07/01/2024,06/30/2025
310012,VALLEY HOSPITAL,4 VALLEY HEALTH PLAZA,PARAMUS,NJ,07652,BERGEN,(201) 447-8000,Sepsis Care,SEV_SEP_6HR,Severe Sepsis 6-Hour Bundle,89,84,2,07/01/2024,06/30/2025
310012,VALLEY HOSPITAL,4 VALLEY HEALTH PLAZA,PARAMUS,NJ,07652,BERGEN,(201) 447-8000,Electronic Clinical Quality Measure,STK_02,Discharged on Antithrombotic Therapy,99,311,,01/01/2024,12/31/2024
310012,VALLEY HOSPITAL,4 VALLEY HEALTH PLAZA,PARAMUS,NJ,07652,BERGEN,(201) 447-8000,Electronic Clinical Quality Measure,STK_03,Anticoagulation Therapy for Atrial Fibrillation/Flutter,76,100,,01/01/2024,12/31/2024
310012,VALLEY HOSPITAL,4 VALLEY HEALTH PLAZA,PARAMUS,NJ,07652,BERGEN,(201) 447-8000,Electronic Clinical Quality Measure,STK_05,Antithrombotic Therapy by End of Hospital Day 2,90,288,,01/01/2024,12/31/2024
310012,VALLEY HOSPITAL,4 VALLEY HEALTH PLAZA,PARAMUS,NJ,07652,BERGEN,(201) 447-8000,Electronic Clinical Quality Measure,VTE_1,Venous Thromboembolism Prophylaxis,Not Available,Not Available,5,01/01/2024,12/31/2024
310012,VALLEY HOSPITAL,4 VALLEY HEALTH PLAZA,PARAMUS,NJ,07652,BERGEN,(201) 447-8000,Electronic Clinical Quality Measure,VTE_2,Intensive Care Unit Venous Thromboembolism Prophylaxis,Not Available,Not Available,5,01/01/2024,12/31/2024
310014,COOPER UNIVERSITY HOSPITAL,1 COOPER PLAZA,CAMDEN,NJ,08103,CAMDEN,(856) 342-2000,Emergency Department,EDV,Emergency department volume,very high,,,01/01/2024,12/31/2024
310014,COOPER UNIVERSITY HOSPITAL,1 COOPER PLAZA,CAMDEN,NJ,08103,CAMDEN,(856) 342-2000,Electronic Clinical Quality Measure,GMCS,Global Malnutrition Composite Score,Not Available,Not Available,5,01/01/2024,12/31/2024
310014,COOPER UNIVERSITY HOSPITAL,1 COOPER PLAZA,CAMDEN,NJ,08103,CAMDEN,(856) 342-2000,Electronic Clinical Quality Measure,GMCS_Malnutrition_Diagnosis_Documented,Global Malnutrition Composite Score: Malnutrition Diagnosis Documented,Not Available,Not Available,5,01/01/2024,12/31/2024
310014,COOPER UNIVERSITY HOSPITAL,1 COOPER PLAZA,CAMDEN,NJ,08103,CAMDEN,(856) 342-2000,Electronic Clinical Quality Measure,GMCS_Malnutrition_Screening,Global Malnutrition Composite Score: Malnutrition Risk Screening,Not Available,Not Available,5,01/01/2024,12/31/2024
310014,COOPER UNIVERSITY HOSPITAL,1 COOPER PLAZA,CAMDEN,NJ,08103,CAMDEN,(856) 342-2000,Electronic Clinical Quality Measure,GMCS_Nutrition_Assessment,Global Malnutrition Composite Score: Nutrition Assessment,Not Available,Not Available,5,01/01/2024,12/31/2024
310014,COOPER UNIVERSITY HOSPITAL,1 COOPER PLAZA,CAMDEN,NJ,08103,CAMDEN,(856) 342-2000,Electronic Clinical Quality Measure,GMCS_Nutritional_Care_Plan,Global Malnutrition Composite Score: Nutritional Care Plan,Not Available,Not Available,5,01/01/2024,12/31/2024
310014,COOPER UNIVERSITY HOSPITAL,1 COOPER PLAZA,CAMDEN,NJ,08103,CAMDEN,(856) 342-2000,Electronic Clinical Quality Measure,HH_HYPER,Hospital Harm - Severe Hyperglycemia,Not Available,Not Available,5,01/01/2024,12/31/2024
310014,COOPER UNIVERSITY HOSPITAL,1 COOPER PLAZA,CAMDEN,NJ,08103,CAMDEN,(856) 342-2000,Electronic Clinical Quality Measure,HH_HYPO,Hospital Harm - Severe Hypoglycemia,Not Available,Not Available,5,01/01/2024,12/31/2024
310014,COOPER UNIVERSITY HOSPITAL,1 COOPER PLAZA,CAMDEN,NJ,08103,CAMDEN,(856) 342-2000,Electronic Clinical Quality Measure,HH_ORAE,Hospital Harm - Opioid Related Adverse Events,Not Available,Not Available,5,01/01/2024,12/31/2024
310014,COOPER UNIVERSITY HOSPITAL,1 COOPER PLAZA,CAMDEN,NJ,08103,CAMDEN,(856) 342-2000,Healthcare Personnel Vaccination,IMM_3,Healthcare workers given influenza vaccination,93,11332,,10/01/2024,03/31/2025
310014,COOPER UNIVERSITY HOSPITAL,1 COOPER PLAZA,CAMDEN,NJ,08103,CAMDEN,(856) 342-2000,Emergency Department,OP_18a,"Average (median) time all patients spent in the emergency department before leaving from the visit, including psychiatric/mental health patients and patients who were transferred to another facility. A lower number of minutes is better",217,385,,07/01/2024,06/30/2025
310014,COOPER UNIVERSITY HOSPITAL,1 COOPER PLAZA,CAMDEN,NJ,08103,CAMDEN,(856) 342-2000,Emergency Department,OP_18b,"Average (median) time patients spent in the emergency department before leaving from the visit, excluding patients transferred to another facility or psychiatric care/mental health patients. A lower number of minutes is better",216,350,,07/01/2024,06/30/2025
310014,COOPER UNIVERSITY HOSPITAL,1 COOPER PLAZA,CAMDEN,NJ,08103,CAMDEN,(856) 342-2000,Emergency Department,OP_18c,Average (median) time psychiatric/mental health patients spent in the emergency department before leaving from the visit. A lower number of minutes is better,294,34,,07/01/2024,06/30/2025
310014,COOPER UNIVERSITY HOSPITAL,1 COOPER PLAZA,CAMDEN,NJ,08103,CAMDEN,(856) 342-2000,Emergency Department,OP_18d,Average (median) time patients spent in the emergency department before being transferred to another facility. A lower number of minutes is better,Not Available,Not Available,1,07/01/2024,06/30/2025
310014,COOPER UNIVERSITY HOSPITAL,1 COOPER PLAZA,CAMDEN,NJ,08103,CAMDEN,(856) 342-2000,Emergency Department,OP_22,Left before being seen,3,86824,,01/01/2024,12/31/2024
310014,COOPER UNIVERSITY HOSPITAL,1 COOPER PLAZA,CAMDEN,NJ,08103,CAMDEN,(856) 342-2000,Emergency Department,OP_23,Head CT results,Not Available,Not Available,1,07/01/2024,06/30/2025
310014,COOPER UNIVERSITY HOSPITAL,1 COOPER PLAZA,CAMDEN,NJ,08103,CAMDEN,(856) 342-2000,Colonoscopy care,OP_29,Endoscopy/polyp surveillance: appropriate follow-up interval for normal colonoscopy in average risk patients,100,1388,,01/01/2024,12/31/2024
310014,COOPER UNIVERSITY HOSPITAL,1 COOPER PLAZA,CAMDEN,NJ,08103,CAMDEN,(856) 342-2000,Cataract surgery outcome,OP_31,Improvement in Patient's Visual Function within 90 Days Following Cataract Surgery,Not Available,Not Available,5,01/01/2024,12/31/2024
310014,COOPER UNIVERSITY HOSPITAL,1 COOPER PLAZA,CAMDEN,NJ,08103,CAMDEN,(856) 342-2000,Electronic Clinical Quality Measure,OP_40,ST-Segment Elevation Myocardial Infarction (STEMI),Not Available,Not Available,1,01/01/2024,12/31/2024
310014,COOPER UNIVERSITY HOSPITAL,1 COOPER PLAZA,CAMDEN,NJ,08103,CAMDEN,(856) 342-2000,Electronic Clinical Quality Measure,SAFE_USE_OF_OPIOIDS,Safe Use of Opioids - Concurrent Prescribing,20,8845,,01/01/2024,12/31/2024
310014,COOPER UNIVERSITY HOSPITAL,1 COOPER PLAZA,CAMDEN,NJ,08103,CAMDEN,(856) 342-2000,Sepsis Care,SEP_1,Appropriate care for severe sepsis and septic shock,80,118,2,07/01/2024,06/30/2025
310014,COOPER UNIVERSITY HOSPITAL,1 COOPER PLAZA,CAMDEN,NJ,08103,CAMDEN,(856) 342-2000,Sepsis Care,SEP_SH_3HR,Septic Shock 3-Hour Bundle,91,43,2,07/01/2024,06/30/2025
310014,COOPER UNIVERSITY HOSPITAL,1 COOPER PLAZA,CAMDEN,NJ,08103,CAMDEN,(856) 342-2000,Sepsis Care,SEP_SH_6HR,Septic Shock 6-Hour Bundle,100,34,2,07/01/2024,06/30/2025
310014,COOPER UNIVERSITY HOSPITAL,1 COOPER PLAZA,CAMDEN,NJ,08103,CAMDEN,(856) 342-2000,Sepsis Care,SEV_SEP_3HR,Severe Sepsis 3-Hour Bundle,86,118,2,07/01/2024,06/30/2025
310014,COOPER UNIVERSITY HOSPITAL,1 COOPER PLAZA,CAMDEN,NJ,08103,CAMDEN,(856) 342-2000,Sepsis Care,SEV_SEP_6HR,Severe Sepsis 6-Hour Bundle,95,73,2,07/01/2024,06/30/2025
310014,COOPER UNIVERSITY HOSPITAL,1 COOPER PLAZA,CAMDEN,NJ,08103,CAMDEN,(856) 342-2000,Electronic Clinical Quality Measure,STK_02,Discharged on Antithrombotic Therapy,98,436,,01/01/2024,12/31/2024
310014,COOPER UNIVERSITY HOSPITAL,1 COOPER PLAZA,CAMDEN,NJ,08103,CAMDEN,(856) 342-2000,Electronic Clinical Quality Measure,STK_03,Anticoagulation Therapy for Atrial Fibrillation/Flutter,92,99,,01/01/2024,12/31/2024
310014,COOPER UNIVERSITY HOSPITAL,1 COOPER PLAZA,CAMDEN,NJ,08103,CAMDEN,(856) 342-2000,Electronic Clinical Quality Measure,STK_05,Antithrombotic Therapy by End of Hospital Day 2,91,398,,01/01/2024,12/31/2024
310014,COOPER UNIVERSITY HOSPITAL,1 COOPER PLAZA,CAMDEN,NJ,08103,CAMDEN,(856) 342-2000,Electronic Clinical Quality Measure,VTE_1,Venous Thromboembolism Prophylaxis,Not Available,Not Available,5,01/01/2024,12/31/2024
310014,COOPER UNIVERSITY HOSPITAL,1 COOPER PLAZA,CAMDEN,NJ,08103,CAMDEN,(856) 342-2000,Electronic Clinical Quality Measure,VTE_2,Intensive Care Unit Venous Thromboembolism Prophylaxis,Not Available,Not Available,5,01/01/2024,12/31/2024
310015,MORRISTOWN MEDICAL CENTER,100 MADISON AVE,MORRISTOWN,NJ,07962,MORRIS,(973) 971-5450,Emergency Department,EDV,Emergency department volume,very high,,,01/01/2024,12/31/2024
310015,MORRISTOWN MEDICAL CENTER,100 MADISON AVE,MORRISTOWN,NJ,07962,MORRIS,(973) 971-5450,Electronic Clinical Quality Measure,GMCS,Global Malnutrition Composite Score,Not Available,Not Available,5,01/01/2024,12/31/2024
310015,MORRISTOWN MEDICAL CENTER,100 MADISON AVE,MORRISTOWN,NJ,07962,MORRIS,(973) 971-5450,Electronic Clinical Quality Measure,GMCS_Malnutrition_Diagnosis_Documented,Global Malnutrition Composite Score: Malnutrition Diagnosis Documented,Not Available,Not Available,5,01/01/2024,12/31/2024
310015,MORRISTOWN MEDICAL CENTER,100 MADISON AVE,MORRISTOWN,NJ,07962,MORRIS,(973) 971-5450,Electronic Clinical Quality Measure,GMCS_Malnutrition_Screening,Global Malnutrition Composite Score: Malnutrition Risk Screening,Not Available,Not Available,5,01/01/2024,12/31/2024
310015,MORRISTOWN MEDICAL CENTER,100 MADISON AVE,MORRISTOWN,NJ,07962,MORRIS,(973) 971-5450,Electronic Clinical Quality Measure,GMCS_Nutrition_Assessment,Global Malnutrition Composite Score: Nutrition Assessment,Not Available,Not Available,5,01/01/2024,12/31/2024
310015,MORRISTOWN MEDICAL CENTER,100 MADISON AVE,MORRISTOWN,NJ,07962,MORRIS,(973) 971-5450,Electronic Clinical Quality Measure,GMCS_Nutritional_Care_Plan,Global Malnutrition Composite Score: Nutritional Care Plan,Not Available,Not Available,5,01/01/2024,12/31/2024
310015,MORRISTOWN MEDICAL CENTER,100 MADISON AVE,MORRISTOWN,NJ,07962,MORRIS,(973) 971-5450,Electronic Clinical Quality Measure,HH_HYPER,Hospital Harm - Severe Hyperglycemia,Not Available,Not Available,5,01/01/2024,12/31/2024
310015,MORRISTOWN MEDICAL CENTER,100 MADISON AVE,MORRISTOWN,NJ,07962,MORRIS,(973) 971-5450,Electronic Clinical Quality Measure,HH_HYPO,Hospital Harm - Severe Hypoglycemia,Not Available,Not Available,5,01/01/2024,12/31/2024
310015,MORRISTOWN MEDICAL CENTER,100 MADISON AVE,MORRISTOWN,NJ,07962,MORRIS,(973) 971-5450,Electronic Clinical Quality Measure,HH_ORAE,Hospital Harm - Opioid Related Adverse Events,Not Available,Not Available,5,01/01/2024,12/31/2024
310015,MORRISTOWN MEDICAL CENTER,100 MADISON AVE,MORRISTOWN,NJ,07962,MORRIS,(973) 971-5450,Healthcare Personnel Vaccination,IMM_3,Healthcare workers given influenza vaccination,95,10304,,10/01/2024,03/31/2025
310015,MORRISTOWN MEDICAL CENTER,100 MADISON AVE,MORRISTOWN,NJ,07962,MORRIS,(973) 971-5450,Emergency Department,OP_18a,"Average (median) time all patients spent in the emergency department before leaving from the visit, including psychiatric/mental health patients and patients who were transferred to another facility. A lower number of minutes is better",248,402,,07/01/2024,06/30/2025
310015,MORRISTOWN MEDICAL CENTER,100 MADISON AVE,MORRISTOWN,NJ,07962,MORRIS,(973) 971-5450,Emergency Department,OP_18b,"Average (median) time patients spent in the emergency department before leaving from the visit, excluding patients transferred to another facility or psychiatric care/mental health patients. A lower number of minutes is better",240,389,,07/01/2024,06/30/2025
310015,MORRISTOWN MEDICAL CENTER,100 MADISON AVE,MORRISTOWN,NJ,07962,MORRIS,(973) 971-5450,Emergency Department,OP_18c,Average (median) time psychiatric/mental health patients spent in the emergency department before leaving from the visit. A lower number of minutes is better,404,13,,07/01/2024,06/30/2025
310015,MORRISTOWN MEDICAL CENTER,100 MADISON AVE,MORRISTOWN,NJ,07962,MORRIS,(973) 971-5450,Emergency Department,OP_18d,Average (median) time patients spent in the emergency department before being transferred to another facility. A lower number of minutes is better,Not Available,Not Available,7,07/01/2024,06/30/2025
310015,MORRISTOWN MEDICAL CENTER,100 MADISON AVE,MORRISTOWN,NJ,07962,MORRIS,(973) 971-5450,Emergency Department,OP_22,Left before being seen,1,111391,,01/01/2024,12/31/2024
310015,MORRISTOWN MEDICAL CENTER,100 MADISON AVE,MORRISTOWN,NJ,07962,MORRIS,(973) 971-5450,Emergency Department,OP_23,Head CT results,68,19,,07/01/2024,06/30/2025
310015,MORRISTOWN MEDICAL CENTER,100 MADISON AVE,MORRISTOWN,NJ,07962,MORRIS,(973) 971-5450,Colonoscopy care,OP_29,Endoscopy/polyp surveillance: appropriate follow-up interval for normal colonoscopy in average risk patients,96,909,,01/01/2024,12/31/2024
310015,MORRISTOWN MEDICAL CENTER,100 MADISON AVE,MORRISTOWN,NJ,07962,MORRIS,(973) 971-5450,Cataract surgery outcome,OP_31,Improvement in Patient's Visual Function within 90 Days Following Cataract Surgery,Not Available,Not Available,5,01/01/2024,12/31/2024
310015,MORRISTOWN MEDICAL CENTER,100 MADISON AVE,MORRISTOWN,NJ,07962,MORRIS,(973) 971-5450,Electronic Clinical Quality Measure,OP_40,ST-Segment Elevation Myocardial Infarction (STEMI),Not Available,Not Available,5,01/01/2024,12/31/2024
310015,MORRISTOWN MEDICAL CENTER,100 MADISON AVE,MORRISTOWN,NJ,07962,MORRIS,(973) 971-5450,Electronic Clinical Quality Measure,SAFE_USE_OF_OPIOIDS,Safe Use of Opioids - Concurrent Prescribing,20,7157,,01/01/2024,12/31/2024
310015,MORRISTOWN MEDICAL CENTER,100 MADISON AVE,MORRISTOWN,NJ,07962,MORRIS,(973) 971-5450,Sepsis Care,SEP_1,Appropriate care for severe sepsis and septic shock,71,213,2,07/01/2024,06/30/2025
310015,MORRISTOWN MEDICAL CENTER,100 MADISON AVE,MORRISTOWN,NJ,07962,MORRIS,(973) 971-5450,Sepsis Care,SEP_SH_3HR,Septic Shock 3-Hour Bundle,90,88,2,07/01/2024,06/30/2025
310015,MORRISTOWN MEDICAL CENTER,100 MADISON AVE,MORRISTOWN,NJ,07962,MORRIS,(973) 971-5450,Sepsis Care,SEP_SH_6HR,Septic Shock 6-Hour Bundle,99,68,2,07/01/2024,06/30/2025
310015,MORRISTOWN MEDICAL CENTER,100 MADISON AVE,MORRISTOWN,NJ,07962,MORRIS,(973) 971-5450,Sepsis Care,SEV_SEP_3HR,Severe Sepsis 3-Hour Bundle,84,214,2,07/01/2024,06/30/2025
310015,MORRISTOWN MEDICAL CENTER,100 MADISON AVE,MORRISTOWN,NJ,07962,MORRIS,(973) 971-5450,Sepsis Care,SEV_SEP_6HR,Severe Sepsis 6-Hour Bundle,88,121,2,07/01/2024,06/30/2025
310015,MORRISTOWN MEDICAL CENTER,100 MADISON AVE,MORRISTOWN,NJ,07962,MORRIS,(973) 971-5450,Electronic Clinical Quality Measure,STK_02,Discharged on Antithrombotic Therapy,98,435,,01/01/2024,12/31/2024
310015,MORRISTOWN MEDICAL CENTER,100 MADISON AVE,MORRISTOWN,NJ,07962,MORRIS,(973) 971-5450,Electronic Clinical Quality Measure,STK_03,Anticoagulation Therapy for Atrial Fibrillation/Flutter,79,135,,01/01/2024,12/31/2024
310015,MORRISTOWN MEDICAL CENTER,100 MADISON AVE,MORRISTOWN,NJ,07962,MORRIS,(973) 971-5450,Electronic Clinical Quality Measure,STK_05,Antithrombotic Therapy by End of Hospital Day 2,Not Available,Not Available,5,01/01/2024,12/31/2024
310015,MORRISTOWN MEDICAL CENTER,100 MADISON AVE,MORRISTOWN,NJ,07962,MORRIS,(973) 971-5450,Electronic Clinical Quality Measure,VTE_1,Venous Thromboembolism Prophylaxis,Not Available,Not Available,5,01/01/2024,12/31/2024
310015,MORRISTOWN MEDICAL CENTER,100 MADISON AVE,MORRISTOWN,NJ,07962,MORRIS,(973) 971-5450,Electronic Clinical Quality Measure,VTE_2,Intensive Care Unit Venous Thromboembolism Prophylaxis,96,3896,,01/01/2024,12/31/2024
310016,HEIGHTS UNIVERSITY HOSPITAL,176 PALISADE AVE,JERSEY CITY,NJ,07306,HUDSON,(201) 795-8200,Emergency Department,EDV,Emergency department volume,medium,,,01/01/2024,12/31/2024
310016,HEIGHTS UNIVERSITY HOSPITAL,176 PALISADE AVE,JERSEY CITY,NJ,07306,HUDSON,(201) 795-8200,Electronic Clinical Quality Measure,GMCS,Global Malnutrition Composite Score,Not Available,Not Available,5,01/01/2024,12/31/2024
310016,HEIGHTS UNIVERSITY HOSPITAL,176 PALISADE AVE,JERSEY CITY,NJ,07306,HUDSON,(201) 795-8200,Electronic Clinical Quality Measure,GMCS_Malnutrition_Diagnosis_Documented,Global Malnutrition Composite Score: Malnutrition Diagnosis Documented,Not Available,Not Available,5,01/01/2024,12/31/2024
310016,HEIGHTS UNIVERSITY HOSPITAL,176 PALISADE AVE,JERSEY CITY,NJ,07306,HUDSON,(201) 795-8200,Electronic Clinical Quality Measure,GMCS_Malnutrition_Screening,Global Malnutrition Composite Score: Malnutrition Risk Screening,Not Available,Not Available,5,01/01/2024,12/31/2024
310016,HEIGHTS UNIVERSITY HOSPITAL,176 PALISADE AVE,JERSEY CITY,NJ,07306,HUDSON,(201) 795-8200,Electronic Clinical Quality Measure,GMCS_Nutrition_Assessment,Global Malnutrition Composite Score: Nutrition Assessment,Not Available,Not Available,5,01/01/2024,12/31/2024
310016,HEIGHTS UNIVERSITY HOSPITAL,176 PALISADE AVE,JERSEY CITY,NJ,07306,HUDSON,(201) 795-8200,Electronic Clinical Quality Measure,GMCS_Nutritional_Care_Plan,Global Malnutrition Composite Score: Nutritional Care Plan,Not Available,Not Available,5,01/01/2024,12/31/2024
310016,HEIGHTS UNIVERSITY HOSPITAL,176 PALISADE AVE,JERSEY CITY,NJ,07306,HUDSON,(201) 795-8200,Electronic Clinical Quality Measure,HH_HYPER,Hospital Harm - Severe Hyperglycemia,Not Available,Not Available,5,01/01/2024,12/31/2024
310016,HEIGHTS UNIVERSITY HOSPITAL,176 PALISADE AVE,JERSEY CITY,NJ,07306,HUDSON,(201) 795-8200,Electronic Clinical Quality Measure,HH_HYPO,Hospital Harm - Severe Hypoglycemia,Not Available,Not Available,5,01/01/2024,12/31/2024
310016,HEIGHTS UNIVERSITY HOSPITAL,176 PALISADE AVE,JERSEY CITY,NJ,07306,HUDSON,(201) 795-8200,Electronic Clinical Quality Measure,HH_ORAE,Hospital Harm - Opioid Related Adverse Events,Not Available,Not Available,5,01/01/2024,12/31/2024
310016,HEIGHTS UNIVERSITY HOSPITAL,176 PALISADE AVE,JERSEY CITY,NJ,07306,HUDSON,(201) 795-8200,Healthcare Personnel Vaccination,IMM_3,Healthcare workers given influenza vaccination,84,1035,,10/01/2024,03/31/2025
310016,HEIGHTS UNIVERSITY HOSPITAL,176 PALISADE AVE,JERSEY CITY,NJ,07306,HUDSON,(201) 795-8200,Emergency Department,OP_18a,"Average (median) time all patients spent in the emergency department before leaving from the visit, including psychiatric/mental health patients and patients who were transferred to another facility. A lower number of minutes is better",168,411,,07/01/2024,06/30/2025
310016,HEIGHTS UNIVERSITY HOSPITAL,176 PALISADE AVE,JERSEY CITY,NJ,07306,HUDSON,(201) 795-8200,Emergency Department,OP_18b,"Average (median) time patients spent in the emergency department before leaving from the visit, excluding patients transferred to another facility or psychiatric care/mental health patients. A lower number of minutes is better",161,375,,07/01/2024,06/30/2025
310016,HEIGHTS UNIVERSITY HOSPITAL,176 PALISADE AVE,JERSEY CITY,NJ,07306,HUDSON,(201) 795-8200,Emergency Department,OP_18c,Average (median) time psychiatric/mental health patients spent in the emergency department before leaving from the visit. A lower number of minutes is better,240,30,,07/01/2024,06/30/2025
310016,HEIGHTS UNIVERSITY HOSPITAL,176 PALISADE AVE,JERSEY CITY,NJ,07306,HUDSON,(201) 795-8200,Emergency Department,OP_18d,Average (median) time patients spent in the emergency department before being transferred to another facility. A lower number of minutes is better,Not Available,Not Available,1,07/01/2024,06/30/2025
310016,HEIGHTS UNIVERSITY HOSPITAL,176 PALISADE AVE,JERSEY CITY,NJ,07306,HUDSON,(201) 795-8200,Emergency Department,OP_22,Left before being seen,3,29765,,01/01/2024,12/31/2024
310016,HEIGHTS UNIVERSITY HOSPITAL,176 PALISADE AVE,JERSEY CITY,NJ,07306,HUDSON,(201) 795-8200,Emergency Department,OP_23,Head CT results,Not Available,Not Available,1,07/01/2024,06/30/2025
310016,HEIGHTS UNIVERSITY HOSPITAL,176 PALISADE AVE,JERSEY CITY,NJ,07306,HUDSON,(201) 795-8200,Colonoscopy care,OP_29,Endoscopy/polyp surveillance: appropriate follow-up interval for normal colonoscopy in average risk patients,95,126,,01/01/2024,12/31/2024
310016,HEIGHTS UNIVERSITY HOSPITAL,176 PALISADE AVE,JERSEY CITY,NJ,07306,HUDSON,(201) 795-8200,Cataract surgery outcome,OP_31,Improvement in Patient's Visual Function within 90 Days Following Cataract Surgery,Not Available,Not Available,5,01/01/2024,12/31/2024
310016,HEIGHTS UNIVERSITY HOSPITAL,176 PALISADE AVE,JERSEY CITY,NJ,07306,HUDSON,(201) 795-8200,Electronic Clinical Quality Measure,OP_40,ST-Segment Elevation Myocardial Infarction (STEMI),Not Available,Not Available,1,01/01/2024,12/31/2024
310016,HEIGHTS UNIVERSITY HOSPITAL,176 PALISADE AVE,JERSEY CITY,NJ,07306,HUDSON,(201) 795-8200,Electronic Clinical Quality Measure,SAFE_USE_OF_OPIOIDS,Safe Use of Opioids - Concurrent Prescribing,12,223,,01/01/2024,12/31/2024
310016,HEIGHTS UNIVERSITY HOSPITAL,176 PALISADE AVE,JERSEY CITY,NJ,07306,HUDSON,(201) 795-8200,Sepsis Care,SEP_1,Appropriate care for severe sepsis and septic shock,93,55,2,07/01/2024,06/30/2025
310016,HEIGHTS UNIVERSITY HOSPITAL,176 PALISADE AVE,JERSEY CITY,NJ,07306,HUDSON,(201) 795-8200,Sepsis Care,SEP_SH_3HR,Septic Shock 3-Hour Bundle,100,19,2,07/01/2024,06/30/2025
310016,HEIGHTS UNIVERSITY HOSPITAL,176 PALISADE AVE,JERSEY CITY,NJ,07306,HUDSON,(201) 795-8200,Sepsis Care,SEP_SH_6HR,Septic Shock 6-Hour Bundle,100,13,"2, 3",07/01/2024,06/30/2025
310016,HEIGHTS UNIVERSITY HOSPITAL,176 PALISADE AVE,JERSEY CITY,NJ,07306,HUDSON,(201) 795-8200,Sepsis Care,SEV_SEP_3HR,Severe Sepsis 3-Hour Bundle,96,55,2,07/01/2024,06/30/2025
310016,HEIGHTS UNIVERSITY HOSPITAL,176 PALISADE AVE,JERSEY CITY,NJ,07306,HUDSON,(201) 795-8200,Sepsis Care,SEV_SEP_6HR,Severe Sepsis 6-Hour Bundle,96,48,2,07/01/2024,06/30/2025
310016,HEIGHTS UNIVERSITY HOSPITAL,176 PALISADE AVE,JERSEY CITY,NJ,07306,HUDSON,(201) 795-8200,Electronic Clinical Quality Measure,STK_02,Discharged on Antithrombotic Therapy,88,91,,01/01/2024,12/31/2024
310016,HEIGHTS UNIVERSITY HOSPITAL,176 PALISADE AVE,JERSEY CITY,NJ,07306,HUDSON,(201) 795-8200,Electronic Clinical Quality Measure,STK_03,Anticoagulation Therapy for Atrial Fibrillation/Flutter,Not Available,Not Available,1,01/01/2024,12/31/2024
310016,HEIGHTS UNIVERSITY HOSPITAL,176 PALISADE AVE,JERSEY CITY,NJ,07306,HUDSON,(201) 795-8200,Electronic Clinical Quality Measure,STK_05,Antithrombotic Therapy by End of Hospital Day 2,94,80,,01/01/2024,12/31/2024
310016,HEIGHTS UNIVERSITY HOSPITAL,176 PALISADE AVE,JERSEY CITY,NJ,07306,HUDSON,(201) 795-8200,Electronic Clinical Quality Measure,VTE_1,Venous Thromboembolism Prophylaxis,Not Available,Not Available,5,01/01/2024,12/31/2024
310016,HEIGHTS UNIVERSITY HOSPITAL,176 PALISADE AVE,JERSEY CITY,NJ,07306,HUDSON,(201) 795-8200,Electronic Clinical Quality Measure,VTE_2,Intensive Care Unit Venous Thromboembolism Prophylaxis,Not Available,Not Available,5,01/01/2024,12/31/2024
310017,CHILTON MEDICAL CENTER,97 WEST PARKWAY,POMPTON PLAINS,NJ,07444,MORRIS,(973) 831-5000,Emergency Department,EDV,Emergency department volume,high,,,01/01/2024,12/31/2024
310017,CHILTON MEDICAL CENTER,97 WEST PARKWAY,POMPTON PLAINS,NJ,07444,MORRIS,(973) 831-5000,Electronic Clinical Quality Measure,GMCS,Global Malnutrition Composite Score,Not Available,Not Available,5,01/01/2024,12/31/2024
310017,CHILTON MEDICAL CENTER,97 WEST PARKWAY,POMPTON PLAINS,NJ,07444,MORRIS,(973) 831-5000,Electronic Clinical Quality Measure,GMCS_Malnutrition_Diagnosis_Documented,Global Malnutrition Composite Score: Malnutrition Diagnosis Documented,Not Available,Not Available,5,01/01/2024,12/31/2024
310017,CHILTON MEDICAL CENTER,97 WEST PARKWAY,POMPTON PLAINS,NJ,07444,MORRIS,(973) 831-5000,Electronic Clinical Quality Measure,GMCS_Malnutrition_Screening,Global Malnutrition Composite Score: Malnutrition Risk Screening,Not Available,Not Available,5,01/01/2024,12/31/2024
310017,CHILTON MEDICAL CENTER,97 WEST PARKWAY,POMPTON PLAINS,NJ,07444,MORRIS,(973) 831-5000,Electronic Clinical Quality Measure,GMCS_Nutrition_Assessment,Global Malnutrition Composite Score: Nutrition Assessment,Not Available,Not Available,5,01/01/2024,12/31/2024
310017,CHILTON MEDICAL CENTER,97 WEST PARKWAY,POMPTON PLAINS,NJ,07444,MORRIS,(973) 831-5000,Electronic Clinical Quality Measure,GMCS_Nutritional_Care_Plan,Global Malnutrition Composite Score: Nutritional Care Plan,Not Available,Not Available,5,01/01/2024,12/31/2024
310017,CHILTON MEDICAL CENTER,97 WEST PARKWAY,POMPTON PLAINS,NJ,07444,MORRIS,(973) 831-5000,Electronic Clinical Quality Measure,HH_HYPER,Hospital Harm - Severe Hyperglycemia,Not Available,Not Available,5,01/01/2024,12/31/2024
310017,CHILTON MEDICAL CENTER,97 WEST PARKWAY,POMPTON PLAINS,NJ,07444,MORRIS,(973) 831-5000,Electronic Clinical Quality Measure,HH_HYPO,Hospital Harm - Severe Hypoglycemia,Not Available,Not Available,5,01/01/2024,12/31/2024
310017,CHILTON MEDICAL CENTER,97 WEST PARKWAY,POMPTON PLAINS,NJ,07444,MORRIS,(973) 831-5000,Electronic Clinical Quality Measure,HH_ORAE,Hospital Harm - Opioid Related Adverse Events,Not Available,Not Available,5,01/01/2024,12/31/2024
310017,CHILTON MEDICAL CENTER,97 WEST PARKWAY,POMPTON PLAINS,NJ,07444,MORRIS,(973) 831-5000,Healthcare Personnel Vaccination,IMM_3,Healthcare workers given influenza vaccination,94,2262,,10/01/2024,03/31/2025
310017,CHILTON MEDICAL CENTER,97 WEST PARKWAY,POMPTON PLAINS,NJ,07444,MORRIS,(973) 831-5000,Emergency Department,OP_18a,"Average (median) time all patients spent in the emergency department before leaving from the visit, including psychiatric/mental health patients and patients who were transferred to another facility. A lower number of minutes is better",230,395,,07/01/2024,06/30/2025
310017,CHILTON MEDICAL CENTER,97 WEST PARKWAY,POMPTON PLAINS,NJ,07444,MORRIS,(973) 831-5000,Emergency Department,OP_18b,"Average (median) time patients spent in the emergency department before leaving from the visit, excluding patients transferred to another facility or psychiatric care/mental health patients. A lower number of minutes is better",226,382,,07/01/2024,06/30/2025
310017,CHILTON MEDICAL CENTER,97 WEST PARKWAY,POMPTON PLAINS,NJ,07444,MORRIS,(973) 831-5000,Emergency Department,OP_18c,Average (median) time psychiatric/mental health patients spent in the emergency department before leaving from the visit. A lower number of minutes is better,542,12,,07/01/2024,06/30/2025
310017,CHILTON MEDICAL CENTER,97 WEST PARKWAY,POMPTON PLAINS,NJ,07444,MORRIS,(973) 831-5000,Emergency Department,OP_18d,Average (median) time patients spent in the emergency department before being transferred to another facility. A lower number of minutes is better,Not Available,Not Available,1,07/01/2024,06/30/2025
310017,CHILTON MEDICAL CENTER,97 WEST PARKWAY,POMPTON PLAINS,NJ,07444,MORRIS,(973) 831-5000,Emergency Department,OP_22,Left before being seen,2,47547,,01/01/2024,12/31/2024
310017,CHILTON MEDICAL CENTER,97 WEST PARKWAY,POMPTON PLAINS,NJ,07444,MORRIS,(973) 831-5000,Emergency Department,OP_23,Head CT results,75,20,,07/01/2024,06/30/2025
310017,CHILTON MEDICAL CENTER,97 WEST PARKWAY,POMPTON PLAINS,NJ,07444,MORRIS,(973) 831-5000,Colonoscopy care,OP_29,Endoscopy/polyp surveillance: appropriate follow-up interval for normal colonoscopy in average risk patients,92,51,,01/01/2024,12/31/2024
310017,CHILTON MEDICAL CENTER,97 WEST PARKWAY,POMPTON PLAINS,NJ,07444,MORRIS,(973) 831-5000,Cataract surgery outcome,OP_31,Improvement in Patient's Visual Function within 90 Days Following Cataract Surgery,Not Available,Not Available,5,01/01/2024,12/31/2024
310017,CHILTON MEDICAL CENTER,97 WEST PARKWAY,POMPTON PLAINS,NJ,07444,MORRIS,(973) 831-5000,Electronic Clinical Quality Measure,OP_40,ST-Segment Elevation Myocardial Infarction (STEMI),Not Available,Not Available,5,01/01/2024,12/31/2024
310017,CHILTON MEDICAL CENTER,97 WEST PARKWAY,POMPTON PLAINS,NJ,07444,MORRIS,(973) 831-5000,Electronic Clinical Quality Measure,SAFE_USE_OF_OPIOIDS,Safe Use of Opioids - Concurrent Prescribing,16,1686,,01/01/2024,12/31/2024
310017,CHILTON MEDICAL CENTER,97 WEST PARKWAY,POMPTON PLAINS,NJ,07444,MORRIS,(973) 831-5000,Sepsis Care,SEP_1,Appropriate care for severe sepsis and septic shock,70,161,2,07/01/2024,06/30/2025
310017,CHILTON MEDICAL CENTER,97 WEST PARKWAY,POMPTON PLAINS,NJ,07444,MORRIS,(973) 831-5000,Sepsis Care,SEP_SH_3HR,Septic Shock 3-Hour Bundle,94,51,2,07/01/2024,06/30/2025
310017,CHILTON MEDICAL CENTER,97 WEST PARKWAY,POMPTON PLAINS,NJ,07444,MORRIS,(973) 831-5000,Sepsis Care,SEP_SH_6HR,Septic Shock 6-Hour Bundle,97,38,2,07/01/2024,06/30/2025
310017,CHILTON MEDICAL CENTER,97 WEST PARKWAY,POMPTON PLAINS,NJ,07444,MORRIS,(973) 831-5000,Sepsis Care,SEV_SEP_3HR,Severe Sepsis 3-Hour Bundle,85,164,2,07/01/2024,06/30/2025
310017,CHILTON MEDICAL CENTER,97 WEST PARKWAY,POMPTON PLAINS,NJ,07444,MORRIS,(973) 831-5000,Sepsis Care,SEV_SEP_6HR,Severe Sepsis 6-Hour Bundle,83,103,2,07/01/2024,06/30/2025
310017,CHILTON MEDICAL CENTER,97 WEST PARKWAY,POMPTON PLAINS,NJ,07444,MORRIS,(973) 831-5000,Electronic Clinical Quality Measure,STK_02,Discharged on Antithrombotic Therapy,100,163,,01/01/2024,12/31/2024
310017,CHILTON MEDICAL CENTER,97 WEST PARKWAY,POMPTON PLAINS,NJ,07444,MORRIS,(973) 831-5000,Electronic Clinical Quality Measure,STK_03,Anticoagulation Therapy for Atrial Fibrillation/Flutter,Not Available,Not Available,5,01/01/2024,12/31/2024
310017,CHILTON MEDICAL CENTER,97 WEST PARKWAY,POMPTON PLAINS,NJ,07444,MORRIS,(973) 831-5000,Electronic Clinical Quality Measure,STK_05,Antithrombotic Therapy by End of Hospital Day 2,Not Available,Not Available,5,01/01/2024,12/31/2024
310017,CHILTON MEDICAL CENTER,97 WEST PARKWAY,POMPTON PLAINS,NJ,07444,MORRIS,(973) 831-5000,Electronic Clinical Quality Measure,VTE_1,Venous Thromboembolism Prophylaxis,95,5615,,01/01/2024,12/31/2024
310017,CHILTON MEDICAL CENTER,97 WEST PARKWAY,POMPTON PLAINS,NJ,07444,MORRIS,(973) 831-5000,Electronic Clinical Quality Measure,VTE_2,Intensive Care Unit Venous Thromboembolism Prophylaxis,98,849,,01/01/2024,12/31/2024
310019,ST JOSEPH'S UNIVERSITY MEDICAL CENTER INC,703 MAIN ST,PATERSON,NJ,07503,PASSAIC,(973) 754-2010,Emergency Department,EDV,Emergency department volume,very high,,,01/01/2024,12/31/2024
310019,ST JOSEPH'S UNIVERSITY MEDICAL CENTER INC,703 MAIN ST,PATERSON,NJ,07503,PASSAIC,(973) 754-2010,Electronic Clinical Quality Measure,GMCS,Global Malnutrition Composite Score,Not Available,Not Available,5,01/01/2024,12/31/2024
310019,ST JOSEPH'S UNIVERSITY MEDICAL CENTER INC,703 MAIN ST,PATERSON,NJ,07503,PASSAIC,(973) 754-2010,Electronic Clinical Quality Measure,GMCS_Malnutrition_Diagnosis_Documented,Global Malnutrition Composite Score: Malnutrition Diagnosis Documented,Not Available,Not Available,5,01/01/2024,12/31/2024
310019,ST JOSEPH'S UNIVERSITY MEDICAL CENTER INC,703 MAIN ST,PATERSON,NJ,07503,PASSAIC,(973) 754-2010,Electronic Clinical Quality Measure,GMCS_Malnutrition_Screening,Global Malnutrition Composite Score: Malnutrition Risk Screening,Not Available,Not Available,5,01/01/2024,12/31/2024
310019,ST JOSEPH'S UNIVERSITY MEDICAL CENTER INC,703 MAIN ST,PATERSON,NJ,07503,PASSAIC,(973) 754-2010,Electronic Clinical Quality Measure,GMCS_Nutrition_Assessment,Global Malnutrition Composite Score: Nutrition Assessment,Not Available,Not Available,5,01/01/2024,12/31/2024
310019,ST JOSEPH'S UNIVERSITY MEDICAL CENTER INC,703 MAIN ST,PATERSON,NJ,07503,PASSAIC,(973) 754-2010,Electronic Clinical Quality Measure,GMCS_Nutritional_Care_Plan,Global Malnutrition Composite Score: Nutritional Care Plan,Not Available,Not Available,5,01/01/2024,12/31/2024
310019,ST JOSEPH'S UNIVERSITY MEDICAL CENTER INC,703 MAIN ST,PATERSON,NJ,07503,PASSAIC,(973) 754-2010,Electronic Clinical Quality Measure,HH_HYPER,Hospital Harm - Severe Hyperglycemia,Not Available,Not Available,5,01/01/2024,12/31/2024
310019,ST JOSEPH'S UNIVERSITY MEDICAL CENTER INC,703 MAIN ST,PATERSON,NJ,07503,PASSAIC,(973) 754-2010,Electronic Clinical Quality Measure,HH_HYPO,Hospital Harm - Severe Hypoglycemia,Not Available,Not Available,5,01/01/2024,12/31/2024
310019,ST JOSEPH'S UNIVERSITY MEDICAL CENTER INC,703 MAIN ST,PATERSON,NJ,07503,PASSAIC,(973) 754-2010,Electronic Clinical Quality Measure,HH_ORAE,Hospital Harm - Opioid Related Adverse Events,Not Available,Not Available,5,01/01/2024,12/31/2024
310019,ST JOSEPH'S UNIVERSITY MEDICAL CENTER INC,703 MAIN ST,PATERSON,NJ,07503,PASSAIC,(973) 754-2010,Healthcare Personnel Vaccination,IMM_3,Healthcare workers given influenza vaccination,99,7291,,10/01/2024,03/31/2025
310019,ST JOSEPH'S UNIVERSITY MEDICAL CENTER INC,703 MAIN ST,PATERSON,NJ,07503,PASSAIC,(973) 754-2010,Emergency Department,OP_18a,"Average (median) time all patients spent in the emergency department before leaving from the visit, including psychiatric/mental health patients and patients who were transferred to another facility. A lower number of minutes is better",224,746,,07/01/2024,06/30/2025
310019,ST JOSEPH'S UNIVERSITY MEDICAL CENTER INC,703 MAIN ST,PATERSON,NJ,07503,PASSAIC,(973) 754-2010,Emergency Department,OP_18b,"Average (median) time patients spent in the emergency department before leaving from the visit, excluding patients transferred to another facility or psychiatric care/mental health patients. A lower number of minutes is better",224,708,,07/01/2024,06/30/2025
310019,ST JOSEPH'S UNIVERSITY MEDICAL CENTER INC,703 MAIN ST,PATERSON,NJ,07503,PASSAIC,(973) 754-2010,Emergency Department,OP_18c,Average (median) time psychiatric/mental health patients spent in the emergency department before leaving from the visit. A lower number of minutes is better,324,32,,07/01/2024,06/30/2025
310019,ST JOSEPH'S UNIVERSITY MEDICAL CENTER INC,703 MAIN ST,PATERSON,NJ,07503,PASSAIC,(973) 754-2010,Emergency Department,OP_18d,Average (median) time patients spent in the emergency department before being transferred to another facility. A lower number of minutes is better,Not Available,Not Available,1,07/01/2024,06/30/2025
310019,ST JOSEPH'S UNIVERSITY MEDICAL CENTER INC,703 MAIN ST,PATERSON,NJ,07503,PASSAIC,(973) 754-2010,Emergency Department,OP_22,Left before being seen,5,152579,,01/01/2024,12/31/2024
310019,ST JOSEPH'S UNIVERSITY MEDICAL CENTER INC,703 MAIN ST,PATERSON,NJ,07503,PASSAIC,(973) 754-2010,Emergency Department,OP_23,Head CT results,Not Available,Not Available,1,07/01/2024,06/30/2025
310019,ST JOSEPH'S UNIVERSITY MEDICAL CENTER INC,703 MAIN ST,PATERSON,NJ,07503,PASSAIC,(973) 754-2010,Colonoscopy care,OP_29,Endoscopy/polyp surveillance: appropriate follow-up interval for normal colonoscopy in average risk patients,99,162,,01/01/2024,12/31/2024
310019,ST JOSEPH'S UNIVERSITY MEDICAL CENTER INC,703 MAIN ST,PATERSON,NJ,07503,PASSAIC,(973) 754-2010,Cataract surgery outcome,OP_31,Improvement in Patient's Visual Function within 90 Days Following Cataract Surgery,Not Available,Not Available,5,01/01/2024,12/31/2024
310019,ST JOSEPH'S UNIVERSITY MEDICAL CENTER INC,703 MAIN ST,PATERSON,NJ,07503,PASSAIC,(973) 754-2010,Electronic Clinical Quality Measure,OP_40,ST-Segment Elevation Myocardial Infarction (STEMI),56,39,,01/01/2024,12/31/2024
310019,ST JOSEPH'S UNIVERSITY MEDICAL CENTER INC,703 MAIN ST,PATERSON,NJ,07503,PASSAIC,(973) 754-2010,Electronic Clinical Quality Measure,SAFE_USE_OF_OPIOIDS,Safe Use of Opioids - Concurrent Prescribing,14,2159,,01/01/2024,12/31/2024
310019,ST JOSEPH'S UNIVERSITY MEDICAL CENTER INC,703 MAIN ST,PATERSON,NJ,07503,PASSAIC,(973) 754-2010,Sepsis Care,SEP_1,Appropriate care for severe sepsis and septic shock,58,213,2,07/01/2024,06/30/2025
310019,ST JOSEPH'S UNIVERSITY MEDICAL CENTER INC,703 MAIN ST,PATERSON,NJ,07503,PASSAIC,(973) 754-2010,Sepsis Care,SEP_SH_3HR,Septic Shock 3-Hour Bundle,70,79,2,07/01/2024,06/30/2025
310019,ST JOSEPH'S UNIVERSITY MEDICAL CENTER INC,703 MAIN ST,PATERSON,NJ,07503,PASSAIC,(973) 754-2010,Sepsis Care,SEP_SH_6HR,Septic Shock 6-Hour Bundle,91,43,2,07/01/2024,06/30/2025
310019,ST JOSEPH'S UNIVERSITY MEDICAL CENTER INC,703 MAIN ST,PATERSON,NJ,07503,PASSAIC,(973) 754-2010,Sepsis Care,SEV_SEP_3HR,Severe Sepsis 3-Hour Bundle,79,213,2,07/01/2024,06/30/2025
310019,ST JOSEPH'S UNIVERSITY MEDICAL CENTER INC,703 MAIN ST,PATERSON,NJ,07503,PASSAIC,(973) 754-2010,Sepsis Care,SEV_SEP_6HR,Severe Sepsis 6-Hour Bundle,91,113,2,07/01/2024,06/30/2025
310019,ST JOSEPH'S UNIVERSITY MEDICAL CENTER INC,703 MAIN ST,PATERSON,NJ,07503,PASSAIC,(973) 754-2010,Electronic Clinical Quality Measure,STK_02,Discharged on Antithrombotic Therapy,93,442,,01/01/2024,12/31/2024
310019,ST JOSEPH'S UNIVERSITY MEDICAL CENTER INC,703 MAIN ST,PATERSON,NJ,07503,PASSAIC,(973) 754-2010,Electronic Clinical Quality Measure,STK_03,Anticoagulation Therapy for Atrial Fibrillation/Flutter,Not Available,Not Available,5,01/01/2024,12/31/2024
310019,ST JOSEPH'S UNIVERSITY MEDICAL CENTER INC,703 MAIN ST,PATERSON,NJ,07503,PASSAIC,(973) 754-2010,Electronic Clinical Quality Measure,STK_05,Antithrombotic Therapy by End of Hospital Day 2,91,434,,01/01/2024,12/31/2024
310019,ST JOSEPH'S UNIVERSITY MEDICAL CENTER INC,703 MAIN ST,PATERSON,NJ,07503,PASSAIC,(973) 754-2010,Electronic Clinical Quality Measure,VTE_1,Venous Thromboembolism Prophylaxis,Not Available,Not Available,5,01/01/2024,12/31/2024
310019,ST JOSEPH'S UNIVERSITY MEDICAL CENTER INC,703 MAIN ST,PATERSON,NJ,07503,PASSAIC,(973) 754-2010,Electronic Clinical Quality Measure,VTE_2,Intensive Care Unit Venous Thromboembolism Prophylaxis,99,651,,01/01/2024,12/31/2024
310022,WEST JERSEY HOSPITAL,100 BOWMAN DRIVE,VOORHEES,NJ,08043,CAMDEN,(856) 247-3000,Emergency Department,EDV,Emergency department volume,very high,,,01/01/2024,12/31/2024
310022,WEST JERSEY HOSPITAL,100 BOWMAN DRIVE,VOORHEES,NJ,08043,CAMDEN,(856) 247-3000,Electronic Clinical Quality Measure,GMCS,Global Malnutrition Composite Score,Not Available,Not Available,5,01/01/2024,12/31/2024
310022,WEST JERSEY HOSPITAL,100 BOWMAN DRIVE,VOORHEES,NJ,08043,CAMDEN,(856) 247-3000,Electronic Clinical Quality Measure,GMCS_Malnutrition_Diagnosis_Documented,Global Malnutrition Composite Score: Malnutrition Diagnosis Documented,Not Available,Not Available,5,01/01/2024,12/31/2024
310022,WEST JERSEY HOSPITAL,100 BOWMAN DRIVE,VOORHEES,NJ,08043,CAMDEN,(856) 247-3000,Electronic Clinical Quality Measure,GMCS_Malnutrition_Screening,Global Malnutrition Composite Score: Malnutrition Risk Screening,Not Available,Not Available,5,01/01/2024,12/31/2024
310022,WEST JERSEY HOSPITAL,100 BOWMAN DRIVE,VOORHEES,NJ,08043,CAMDEN,(856) 247-3000,Electronic Clinical Quality Measure,GMCS_Nutrition_Assessment,Global Malnutrition Composite Score: Nutrition Assessment,Not Available,Not Available,5,01/01/2024,12/31/2024
310022,WEST JERSEY HOSPITAL,100 BOWMAN DRIVE,VOORHEES,NJ,08043,CAMDEN,(856) 247-3000,Electronic Clinical Quality Measure,GMCS_Nutritional_Care_Plan,Global Malnutrition Composite Score: Nutritional Care Plan,Not Available,Not Available,5,01/01/2024,12/31/2024
310022,WEST JERSEY HOSPITAL,100 BOWMAN DRIVE,VOORHEES,NJ,08043,CAMDEN,(856) 247-3000,Electronic Clinical Quality Measure,HH_HYPER,Hospital Harm - Severe Hyperglycemia,Not Available,Not Available,5,01/01/2024,12/31/2024
310022,WEST JERSEY HOSPITAL,100 BOWMAN DRIVE,VOORHEES,NJ,08043,CAMDEN,(856) 247-3000,Electronic Clinical Quality Measure,HH_HYPO,Hospital Harm - Severe Hypoglycemia,Not Available,Not Available,5,01/01/2024,12/31/2024
310022,WEST JERSEY HOSPITAL,100 BOWMAN DRIVE,VOORHEES,NJ,08043,CAMDEN,(856) 247-3000,Electronic Clinical Quality Measure,HH_ORAE,Hospital Harm - Opioid Related Adverse Events,Not Available,Not Available,5,01/01/2024,12/31/2024
310022,WEST JERSEY HOSPITAL,100 BOWMAN DRIVE,VOORHEES,NJ,08043,CAMDEN,(856) 247-3000,Healthcare Personnel Vaccination,IMM_3,Healthcare workers given influenza vaccination,95,5142,,10/01/2024,03/31/2025
310022,WEST JERSEY HOSPITAL,100 BOWMAN DRIVE,VOORHEES,NJ,08043,CAMDEN,(856) 247-3000,Emergency Department,OP_18a,"Average (median) time all patients spent in the emergency department before leaving from the visit, including psychiatric/mental health patients and patients who were transferred to another facility. A lower number of minutes is better",167,481,,07/01/2024,06/30/2025
310022,WEST JERSEY HOSPITAL,100 BOWMAN DRIVE,VOORHEES,NJ,08043,CAMDEN,(856) 247-3000,Emergency Department,OP_18b,"Average (median) time patients spent in the emergency department before leaving from the visit, excluding patients transferred to another facility or psychiatric care/mental health patients. A lower number of minutes is better",155,448,,07/01/2024,06/30/2025
310022,WEST JERSEY HOSPITAL,100 BOWMAN DRIVE,VOORHEES,NJ,08043,CAMDEN,(856) 247-3000,Emergency Department,OP_18c,Average (median) time psychiatric/mental health patients spent in the emergency department before leaving from the visit. A lower number of minutes is better,Not Available,Not Available,1,07/01/2024,06/30/2025
310022,WEST JERSEY HOSPITAL,100 BOWMAN DRIVE,VOORHEES,NJ,08043,CAMDEN,(856) 247-3000,Emergency Department,OP_18d,Average (median) time patients spent in the emergency department before being transferred to another facility. A lower number of minutes is better,1562,27,,07/01/2024,06/30/2025
310022,WEST JERSEY HOSPITAL,100 BOWMAN DRIVE,VOORHEES,NJ,08043,CAMDEN,(856) 247-3000,Emergency Department,OP_22,Left before being seen,2,128682,,01/01/2024,12/31/2024
310022,WEST JERSEY HOSPITAL,100 BOWMAN DRIVE,VOORHEES,NJ,08043,CAMDEN,(856) 247-3000,Emergency Department,OP_23,Head CT results,72,36,,07/01/2024,06/30/2025
310022,WEST JERSEY HOSPITAL,100 BOWMAN DRIVE,VOORHEES,NJ,08043,CAMDEN,(856) 247-3000,Colonoscopy care,OP_29,Endoscopy/polyp surveillance: appropriate follow-up interval for normal colonoscopy in average risk patients,97,32,,01/01/2024,12/31/2024
310022,WEST JERSEY HOSPITAL,100 BOWMAN DRIVE,VOORHEES,NJ,08043,CAMDEN,(856) 247-3000,Cataract surgery outcome,OP_31,Improvement in Patient's Visual Function within 90 Days Following Cataract Surgery,Not Available,Not Available,5,01/01/2024,12/31/2024
310022,WEST JERSEY HOSPITAL,100 BOWMAN DRIVE,VOORHEES,NJ,08043,CAMDEN,(856) 247-3000,Electronic Clinical Quality Measure,OP_40,ST-Segment Elevation Myocardial Infarction (STEMI),58,38,,01/01/2024,12/31/2024
310022,WEST JERSEY HOSPITAL,100 BOWMAN DRIVE,VOORHEES,NJ,08043,CAMDEN,(856) 247-3000,Electronic Clinical Quality Measure,SAFE_USE_OF_OPIOIDS,Safe Use of Opioids - Concurrent Prescribing,17,7275,,01/01/2024,12/31/2024
310022,WEST JERSEY HOSPITAL,100 BOWMAN DRIVE,VOORHEES,NJ,08043,CAMDEN,(856) 247-3000,Sepsis Care,SEP_1,Appropriate care for severe sepsis and septic shock,77,1165,,07/01/2024,06/30/2025
310022,WEST JERSEY HOSPITAL,100 BOWMAN DRIVE,VOORHEES,NJ,08043,CAMDEN,(856) 247-3000,Sepsis Care,SEP_SH_3HR,Septic Shock 3-Hour Bundle,85,330,,07/01/2024,06/30/2025
310022,WEST JERSEY HOSPITAL,100 BOWMAN DRIVE,VOORHEES,NJ,08043,CAMDEN,(856) 247-3000,Sepsis Care,SEP_SH_6HR,Septic Shock 6-Hour Bundle,95,225,,07/01/2024,06/30/2025
310022,WEST JERSEY HOSPITAL,100 BOWMAN DRIVE,VOORHEES,NJ,08043,CAMDEN,(856) 247-3000,Sepsis Care,SEV_SEP_3HR,Severe Sepsis 3-Hour Bundle,86,1175,,07/01/2024,06/30/2025
310022,WEST JERSEY HOSPITAL,100 BOWMAN DRIVE,VOORHEES,NJ,08043,CAMDEN,(856) 247-3000,Sepsis Care,SEV_SEP_6HR,Severe Sepsis 6-Hour Bundle,96,637,,07/01/2024,06/30/2025
310022,WEST JERSEY HOSPITAL,100 BOWMAN DRIVE,VOORHEES,NJ,08043,CAMDEN,(856) 247-3000,Electronic Clinical Quality Measure,STK_02,Discharged on Antithrombotic Therapy,99,267,,01/01/2024,12/31/2024
310022,WEST JERSEY HOSPITAL,100 BOWMAN DRIVE,VOORHEES,NJ,08043,CAMDEN,(856) 247-3000,Electronic Clinical Quality Measure,STK_03,Anticoagulation Therapy for Atrial Fibrillation/Flutter,67,61,,01/01/2024,12/31/2024
310022,WEST JERSEY HOSPITAL,100 BOWMAN DRIVE,VOORHEES,NJ,08043,CAMDEN,(856) 247-3000,Electronic Clinical Quality Measure,STK_05,Antithrombotic Therapy by End of Hospital Day 2,97,261,,01/01/2024,12/31/2024
310022,WEST JERSEY HOSPITAL,100 BOWMAN DRIVE,VOORHEES,NJ,08043,CAMDEN,(856) 247-3000,Electronic Clinical Quality Measure,VTE_1,Venous Thromboembolism Prophylaxis,Not Available,Not Available,5,01/01/2024,12/31/2024
310022,WEST JERSEY HOSPITAL,100 BOWMAN DRIVE,VOORHEES,NJ,08043,CAMDEN,(856) 247-3000,Electronic Clinical Quality Measure,VTE_2,Intensive Care Unit Venous Thromboembolism Prophylaxis,Not Available,Not Available,5,01/01/2024,12/31/2024
310024,ROBERT WOOD JOHNSON UNIVERSITY HOSPITAL AT RAHWAY,865 STONE ST,RAHWAY,NJ,07065,UNION,(732) 381-4200,Emergency Department,EDV,Emergency department volume,medium,,,01/01/2024,12/31/2024
310024,ROBERT WOOD JOHNSON UNIVERSITY HOSPITAL AT RAHWAY,865 STONE ST,RAHWAY,NJ,07065,UNION,(732) 381-4200,Electronic Clinical Quality Measure,GMCS,Global Malnutrition Composite Score,Not Available,Not Available,5,01/01/2024,12/31/2024
310024,ROBERT WOOD JOHNSON UNIVERSITY HOSPITAL AT RAHWAY,865 STONE ST,RAHWAY,NJ,07065,UNION,(732) 381-4200,Electronic Clinical Quality Measure,GMCS_Malnutrition_Diagnosis_Documented,Global Malnutrition Composite Score: Malnutrition Diagnosis Documented,Not Available,Not Available,5,01/01/2024,12/31/2024
310024,ROBERT WOOD JOHNSON UNIVERSITY HOSPITAL AT RAHWAY,865 STONE ST,RAHWAY,NJ,07065,UNION,(732) 381-4200,Electronic Clinical Quality Measure,GMCS_Malnutrition_Screening,Global Malnutrition Composite Score: Malnutrition Risk Screening,Not Available,Not Available,5,01/01/2024,12/31/2024
310024,ROBERT WOOD JOHNSON UNIVERSITY HOSPITAL AT RAHWAY,865 STONE ST,RAHWAY,NJ,07065,UNION,(732) 381-4200,Electronic Clinical Quality Measure,GMCS_Nutrition_Assessment,Global Malnutrition Composite Score: Nutrition Assessment,Not Available,Not Available,5,01/01/2024,12/31/2024
310024,ROBERT WOOD JOHNSON UNIVERSITY HOSPITAL AT RAHWAY,865 STONE ST,RAHWAY,NJ,07065,UNION,(732) 381-4200,Electronic Clinical Quality Measure,GMCS_Nutritional_Care_Plan,Global Malnutrition Composite Score: Nutritional Care Plan,Not Available,Not Available,5,01/01/2024,12/31/2024
310024,ROBERT WOOD JOHNSON UNIVERSITY HOSPITAL AT RAHWAY,865 STONE ST,RAHWAY,NJ,07065,UNION,(732) 381-4200,Electronic Clinical Quality Measure,HH_HYPER,Hospital Harm - Severe Hyperglycemia,Not Available,Not Available,5,01/01/2024,12/31/2024
310024,ROBERT WOOD JOHNSON UNIVERSITY HOSPITAL AT RAHWAY,865 STONE ST,RAHWAY,NJ,07065,UNION,(732) 381-4200,Electronic Clinical Quality Measure,HH_HYPO,Hospital Harm - Severe Hypoglycemia,Not Available,Not Available,5,01/01/2024,12/31/2024
310024,ROBERT WOOD JOHNSON UNIVERSITY HOSPITAL AT RAHWAY,865 STONE ST,RAHWAY,NJ,07065,UNION,(732) 381-4200,Electronic Clinical Quality Measure,HH_ORAE,Hospital Harm - Opioid Related Adverse Events,Not Available,Not Available,5,01/01/2024,12/31/2024
310024,ROBERT WOOD JOHNSON UNIVERSITY HOSPITAL AT RAHWAY,865 STONE ST,RAHWAY,NJ,07065,UNION,(732) 381-4200,Healthcare Personnel Vaccination,IMM_3,Healthcare workers given influenza vaccination,74,1389,,10/01/2024,03/31/2025
310024,ROBERT WOOD JOHNSON UNIVERSITY HOSPITAL AT RAHWAY,865 STONE ST,RAHWAY,NJ,07065,UNION,(732) 381-4200,Emergency Department,OP_18a,"Average (median) time all patients spent in the emergency department before leaving from the visit, including psychiatric/mental health patients and patients who were transferred to another facility. A lower number of minutes is better",110,425,,07/01/2024,06/30/2025
310024,ROBERT WOOD JOHNSON UNIVERSITY HOSPITAL AT RAHWAY,865 STONE ST,RAHWAY,NJ,07065,UNION,(732) 381-4200,Emergency Department,OP_18b,"Average (median) time patients spent in the emergency department before leaving from the visit, excluding patients transferred to another facility or psychiatric care/mental health patients. A lower number of minutes is better",110,407,,07/01/2024,06/30/2025
310024,ROBERT WOOD JOHNSON UNIVERSITY HOSPITAL AT RAHWAY,865 STONE ST,RAHWAY,NJ,07065,UNION,(732) 381-4200,Emergency Department,OP_18c,Average (median) time psychiatric/mental health patients spent in the emergency department before leaving from the visit. A lower number of minutes is better,Not Available,Not Available,1,07/01/2024,06/30/2025
310024,ROBERT WOOD JOHNSON UNIVERSITY HOSPITAL AT RAHWAY,865 STONE ST,RAHWAY,NJ,07065,UNION,(732) 381-4200,Emergency Department,OP_18d,Average (median) time patients spent in the emergency department before being transferred to another facility. A lower number of minutes is better,Not Available,Not Available,1,07/01/2024,06/30/2025
310024,ROBERT WOOD JOHNSON UNIVERSITY HOSPITAL AT RAHWAY,865 STONE ST,RAHWAY,NJ,07065,UNION,(732) 381-4200,Emergency Department,OP_22,Left before being seen,0,38945,,01/01/2024,12/31/2024
310024,ROBERT WOOD JOHNSON UNIVERSITY HOSPITAL AT RAHWAY,865 STONE ST,RAHWAY,NJ,07065,UNION,(732) 381-4200,Emergency Department,OP_23,Head CT results,Not Available,Not Available,1,07/01/2024,06/30/2025
310024,ROBERT WOOD JOHNSON UNIVERSITY HOSPITAL AT RAHWAY,865 STONE ST,RAHWAY,NJ,07065,UNION,(732) 381-4200,Colonoscopy care,OP_29,Endoscopy/polyp surveillance: appropriate follow-up interval for normal colonoscopy in average risk patients,97,61,,01/01/2024,12/31/2024
310024,ROBERT WOOD JOHNSON UNIVERSITY HOSPITAL AT RAHWAY,865 STONE ST,RAHWAY,NJ,07065,UNION,(732) 381-4200,Cataract surgery outcome,OP_31,Improvement in Patient's Visual Function within 90 Days Following Cataract Surgery,Not Available,Not Available,5,01/01/2024,12/31/2024
310024,ROBERT WOOD JOHNSON UNIVERSITY HOSPITAL AT RAHWAY,865 STONE ST,RAHWAY,NJ,07065,UNION,(732) 381-4200,Electronic Clinical Quality Measure,OP_40,ST-Segment Elevation Myocardial Infarction (STEMI),Not Available,Not Available,1,01/01/2024,12/31/2024
310024,ROBERT WOOD JOHNSON UNIVERSITY HOSPITAL AT RAHWAY,865 STONE ST,RAHWAY,NJ,07065,UNION,(732) 381-4200,Electronic Clinical Quality Measure,SAFE_USE_OF_OPIOIDS,Safe Use of Opioids - Concurrent Prescribing,20,844,,01/01/2024,12/31/2024
310024,ROBERT WOOD JOHNSON UNIVERSITY HOSPITAL AT RAHWAY,865 STONE ST,RAHWAY,NJ,07065,UNION,(732) 381-4200,Sepsis Care,SEP_1,Appropriate care for severe sepsis and septic shock,82,256,2,07/01/2024,06/30/2025
310024,ROBERT WOOD JOHNSON UNIVERSITY HOSPITAL AT RAHWAY,865 STONE ST,RAHWAY,NJ,07065,UNION,(732) 381-4200,Sepsis Care,SEP_SH_3HR,Septic Shock 3-Hour Bundle,84,90,2,07/01/2024,06/30/2025
310024,ROBERT WOOD JOHNSON UNIVERSITY HOSPITAL AT RAHWAY,865 STONE ST,RAHWAY,NJ,07065,UNION,(732) 381-4200,Sepsis Care,SEP_SH_6HR,Septic Shock 6-Hour Bundle,98,55,2,07/01/2024,06/30/2025
310024,ROBERT WOOD JOHNSON UNIVERSITY HOSPITAL AT RAHWAY,865 STONE ST,RAHWAY,NJ,07065,UNION,(732) 381-4200,Sepsis Care,SEV_SEP_3HR,Severe Sepsis 3-Hour Bundle,88,259,2,07/01/2024,06/30/2025
310024,ROBERT WOOD JOHNSON UNIVERSITY HOSPITAL AT RAHWAY,865 STONE ST,RAHWAY,NJ,07065,UNION,(732) 381-4200,Sepsis Care,SEV_SEP_6HR,Severe Sepsis 6-Hour Bundle,99,150,2,07/01/2024,06/30/2025
310024,ROBERT WOOD JOHNSON UNIVERSITY HOSPITAL AT RAHWAY,865 STONE ST,RAHWAY,NJ,07065,UNION,(732) 381-4200,Electronic Clinical Quality Measure,STK_02,Discharged on Antithrombotic Therapy,96,193,,01/01/2024,12/31/2024
310024,ROBERT WOOD JOHNSON UNIVERSITY HOSPITAL AT RAHWAY,865 STONE ST,RAHWAY,NJ,07065,UNION,(732) 381-4200,Electronic Clinical Quality Measure,STK_03,Anticoagulation Therapy for Atrial Fibrillation/Flutter,Not Available,Not Available,5,01/01/2024,12/31/2024
310024,ROBERT WOOD JOHNSON UNIVERSITY HOSPITAL AT RAHWAY,865 STONE ST,RAHWAY,NJ,07065,UNION,(732) 381-4200,Electronic Clinical Quality Measure,STK_05,Antithrombotic Therapy by End of Hospital Day 2,99,194,,01/01/2024,12/31/2024
310024,ROBERT WOOD JOHNSON UNIVERSITY HOSPITAL AT RAHWAY,865 STONE ST,RAHWAY,NJ,07065,UNION,(732) 381-4200,Electronic Clinical Quality Measure,VTE_1,Venous Thromboembolism Prophylaxis,80,2763,,01/01/2024,12/31/2024
310024,ROBERT WOOD JOHNSON UNIVERSITY HOSPITAL AT RAHWAY,865 STONE ST,RAHWAY,NJ,07065,UNION,(732) 381-4200,Electronic Clinical Quality Measure,VTE_2,Intensive Care Unit Venous Thromboembolism Prophylaxis,Not Available,Not Available,5,01/01/2024,12/31/2024
310025,CAREPOINT HEALTH - BAYONNE MEDICAL CENTER,29 EAST 29TH ST,BAYONNE,NJ,07002,HUDSON,(201) 858-5000,Emergency Department,EDV,Emergency department volume,low,,,01/01/2024,12/31/2024
310025,CAREPOINT HEALTH - BAYONNE MEDICAL CENTER,29 EAST 29TH ST,BAYONNE,NJ,07002,HUDSON,(201) 858-5000,Electronic Clinical Quality Measure,GMCS,Global Malnutrition Composite Score,Not Available,Not Available,5,01/01/2024,12/31/2024
310025,CAREPOINT HEALTH - BAYONNE MEDICAL CENTER,29 EAST 29TH ST,BAYONNE,NJ,07002,HUDSON,(201) 858-5000,Electronic Clinical Quality Measure,GMCS_Malnutrition_Diagnosis_Documented,Global Malnutrition Composite Score: Malnutrition Diagnosis Documented,Not Available,Not Available,5,01/01/2024,12/31/2024
310025,CAREPOINT HEALTH - BAYONNE MEDICAL CENTER,29 EAST 29TH ST,BAYONNE,NJ,07002,HUDSON,(201) 858-5000,Electronic Clinical Quality Measure,GMCS_Malnutrition_Screening,Global Malnutrition Composite Score: Malnutrition Risk Screening,Not Available,Not Available,5,01/01/2024,12/31/2024
310025,CAREPOINT HEALTH - BAYONNE MEDICAL CENTER,29 EAST 29TH ST,BAYONNE,NJ,07002,HUDSON,(201) 858-5000,Electronic Clinical Quality Measure,GMCS_Nutrition_Assessment,Global Malnutrition Composite Score: Nutrition Assessment,Not Available,Not Available,5,01/01/2024,12/31/2024
310025,CAREPOINT HEALTH - BAYONNE MEDICAL CENTER,29 EAST 29TH ST,BAYONNE,NJ,07002,HUDSON,(201) 858-5000,Electronic Clinical Quality Measure,GMCS_Nutritional_Care_Plan,Global Malnutrition Composite Score: Nutritional Care Plan,Not Available,Not Available,5,01/01/2024,12/31/2024
310025,CAREPOINT HEALTH - BAYONNE MEDICAL CENTER,29 EAST 29TH ST,BAYONNE,NJ,07002,HUDSON,(201) 858-5000,Electronic Clinical Quality Measure,HH_HYPER,Hospital Harm - Severe Hyperglycemia,Not Available,Not Available,5,01/01/2024,12/31/2024
310025,CAREPOINT HEALTH - BAYONNE MEDICAL CENTER,29 EAST 29TH ST,BAYONNE,NJ,07002,HUDSON,(201) 858-5000,Electronic Clinical Quality Measure,HH_HYPO,Hospital Harm - Severe Hypoglycemia,Not Available,Not Available,5,01/01/2024,12/31/2024
310025,CAREPOINT HEALTH - BAYONNE MEDICAL CENTER,29 EAST 29TH ST,BAYONNE,NJ,07002,HUDSON,(201) 858-5000,Electronic Clinical Quality Measure,HH_ORAE,Hospital Harm - Opioid Related Adverse Events,Not Available,Not Available,5,01/01/2024,12/31/2024
310025,CAREPOINT HEALTH - BAYONNE MEDICAL CENTER,29 EAST 29TH ST,BAYONNE,NJ,07002,HUDSON,(201) 858-5000,Healthcare Personnel Vaccination,IMM_3,Healthcare workers given influenza vaccination,93,46,,10/01/2024,03/31/2025
310025,CAREPOINT HEALTH - BAYONNE MEDICAL CENTER,29 EAST 29TH ST,BAYONNE,NJ,07002,HUDSON,(201) 858-5000,Emergency Department,OP_18a,"Average (median) time all patients spent in the emergency department before leaving from the visit, including psychiatric/mental health patients and patients who were transferred to another facility. A lower number of minutes is better",208,410,,07/01/2024,06/30/2025
310025,CAREPOINT HEALTH - BAYONNE MEDICAL CENTER,29 EAST 29TH ST,BAYONNE,NJ,07002,HUDSON,(201) 858-5000,Emergency Department,OP_18b,"Average (median) time patients spent in the emergency department before leaving from the visit, excluding patients transferred to another facility or psychiatric care/mental health patients. A lower number of minutes is better",206,359,,07/01/2024,06/30/2025
310025,CAREPOINT HEALTH - BAYONNE MEDICAL CENTER,29 EAST 29TH ST,BAYONNE,NJ,07002,HUDSON,(201) 858-5000,Emergency Department,OP_18c,Average (median) time psychiatric/mental health patients spent in the emergency department before leaving from the visit. A lower number of minutes is better,232,27,,07/01/2024,06/30/2025
310025,CAREPOINT HEALTH - BAYONNE MEDICAL CENTER,29 EAST 29TH ST,BAYONNE,NJ,07002,HUDSON,(201) 858-5000,Emergency Department,OP_18d,Average (median) time patients spent in the emergency department before being transferred to another facility. A lower number of minutes is better,265,24,,07/01/2024,06/30/2025
310025,CAREPOINT HEALTH - BAYONNE MEDICAL CENTER,29 EAST 29TH ST,BAYONNE,NJ,07002,HUDSON,(201) 858-5000,Emergency Department,OP_22,Left before being seen,2,19266,,01/01/2024,12/31/2024
310025,CAREPOINT HEALTH - BAYONNE MEDICAL CENTER,29 EAST 29TH ST,BAYONNE,NJ,07002,HUDSON,(201) 858-5000,Emergency Department,OP_23,Head CT results,Not Available,Not Available,1,07/01/2024,06/30/2025
310025,CAREPOINT HEALTH - BAYONNE MEDICAL CENTER,29 EAST 29TH ST,BAYONNE,NJ,07002,HUDSON,(201) 858-5000,Colonoscopy care,OP_29,Endoscopy/polyp surveillance: appropriate follow-up interval for normal colonoscopy in average risk patients,92,65,,01/01/2024,12/31/2024
310025,CAREPOINT HEALTH - BAYONNE MEDICAL CENTER,29 EAST 29TH ST,BAYONNE,NJ,07002,HUDSON,(201) 858-5000,Cataract surgery outcome,OP_31,Improvement in Patient's Visual Function within 90 Days Following Cataract Surgery,Not Available,Not Available,5,01/01/2024,12/31/2024
310025,CAREPOINT HEALTH - BAYONNE MEDICAL CENTER,29 EAST 29TH ST,BAYONNE,NJ,07002,HUDSON,(201) 858-5000,Electronic Clinical Quality Measure,OP_40,ST-Segment Elevation Myocardial Infarction (STEMI),Not Available,Not Available,1,01/01/2024,12/31/2024
310025,CAREPOINT HEALTH - BAYONNE MEDICAL CENTER,29 EAST 29TH ST,BAYONNE,NJ,07002,HUDSON,(201) 858-5000,Electronic Clinical Quality Measure,SAFE_USE_OF_OPIOIDS,Safe Use of Opioids - Concurrent Prescribing,14,300,,01/01/2024,12/31/2024
310025,CAREPOINT HEALTH - BAYONNE MEDICAL CENTER,29 EAST 29TH ST,BAYONNE,NJ,07002,HUDSON,(201) 858-5000,Sepsis Care,SEP_1,Appropriate care for severe sepsis and septic shock,81,154,2,07/01/2024,06/30/2025
310025,CAREPOINT HEALTH - BAYONNE MEDICAL CENTER,29 EAST 29TH ST,BAYONNE,NJ,07002,HUDSON,(201) 858-5000,Sepsis Care,SEP_SH_3HR,Septic Shock 3-Hour Bundle,92,48,2,07/01/2024,06/30/2025
310025,CAREPOINT HEALTH - BAYONNE MEDICAL CENTER,29 EAST 29TH ST,BAYONNE,NJ,07002,HUDSON,(201) 858-5000,Sepsis Care,SEP_SH_6HR,Septic Shock 6-Hour Bundle,97,38,2,07/01/2024,06/30/2025
310025,CAREPOINT HEALTH - BAYONNE MEDICAL CENTER,29 EAST 29TH ST,BAYONNE,NJ,07002,HUDSON,(201) 858-5000,Sepsis Care,SEV_SEP_3HR,Severe Sepsis 3-Hour Bundle,87,154,2,07/01/2024,06/30/2025
310025,CAREPOINT HEALTH - BAYONNE MEDICAL CENTER,29 EAST 29TH ST,BAYONNE,NJ,07002,HUDSON,(201) 858-5000,Sepsis Care,SEV_SEP_6HR,Severe Sepsis 6-Hour Bundle,96,114,2,07/01/2024,06/30/2025
310025,CAREPOINT HEALTH - BAYONNE MEDICAL CENTER,29 EAST 29TH ST,BAYONNE,NJ,07002,HUDSON,(201) 858-5000,Electronic Clinical Quality Measure,STK_02,Discharged on Antithrombotic Therapy,83,60,,01/01/2024,12/31/2024
310025,CAREPOINT HEALTH - BAYONNE MEDICAL CENTER,29 EAST 29TH ST,BAYONNE,NJ,07002,HUDSON,(201) 858-5000,Electronic Clinical Quality Measure,STK_03,Anticoagulation Therapy for Atrial Fibrillation/Flutter,Not Available,Not Available,1,01/01/2024,12/31/2024
310025,CAREPOINT HEALTH - BAYONNE MEDICAL CENTER,29 EAST 29TH ST,BAYONNE,NJ,07002,HUDSON,(201) 858-5000,Electronic Clinical Quality Measure,STK_05,Antithrombotic Therapy by End of Hospital Day 2,94,53,,01/01/2024,12/31/2024
310025,CAREPOINT HEALTH - BAYONNE MEDICAL CENTER,29 EAST 29TH ST,BAYONNE,NJ,07002,HUDSON,(201) 858-5000,Electronic Clinical Quality Measure,VTE_1,Venous Thromboembolism Prophylaxis,Not Available,Not Available,5,01/01/2024,12/31/2024
310025,CAREPOINT HEALTH - BAYONNE MEDICAL CENTER,29 EAST 29TH ST,BAYONNE,NJ,07002,HUDSON,(201) 858-5000,Electronic Clinical Quality Measure,VTE_2,Intensive Care Unit Venous Thromboembolism Prophylaxis,Not Available,Not Available,5,01/01/2024,12/31/2024
310027,TRINITAS REGIONAL MEDICAL CENTER,225 WILLIAMSON STREET,ELIZABETH,NJ,07207,UNION,(908) 994-5000,Emergency Department,EDV,Emergency department volume,high,,,01/01/2024,12/31/2024
310027,TRINITAS REGIONAL MEDICAL CENTER,225 WILLIAMSON STREET,ELIZABETH,NJ,07207,UNION,(908) 994-5000,Electronic Clinical Quality Measure,GMCS,Global Malnutrition Composite Score,Not Available,Not Available,5,01/01/2024,12/31/2024
310027,TRINITAS REGIONAL MEDICAL CENTER,225 WILLIAMSON STREET,ELIZABETH,NJ,07207,UNION,(908) 994-5000,Electronic Clinical Quality Measure,GMCS_Malnutrition_Diagnosis_Documented,Global Malnutrition Composite Score: Malnutrition Diagnosis Documented,Not Available,Not Available,5,01/01/2024,12/31/2024
310027,TRINITAS REGIONAL MEDICAL CENTER,225 WILLIAMSON STREET,ELIZABETH,NJ,07207,UNION,(908) 994-5000,Electronic Clinical Quality Measure,GMCS_Malnutrition_Screening,Global Malnutrition Composite Score: Malnutrition Risk Screening,Not Available,Not Available,5,01/01/2024,12/31/2024
310027,TRINITAS REGIONAL MEDICAL CENTER,225 WILLIAMSON STREET,ELIZABETH,NJ,07207,UNION,(908) 994-5000,Electronic Clinical Quality Measure,GMCS_Nutrition_Assessment,Global Malnutrition Composite Score: Nutrition Assessment,Not Available,Not Available,5,01/01/2024,12/31/2024
310027,TRINITAS REGIONAL MEDICAL CENTER,225 WILLIAMSON STREET,ELIZABETH,NJ,07207,UNION,(908) 994-5000,Electronic Clinical Quality Measure,GMCS_Nutritional_Care_Plan,Global Malnutrition Composite Score: Nutritional Care Plan,Not Available,Not Available,5,01/01/2024,12/31/2024
310027,TRINITAS REGIONAL MEDICAL CENTER,225 WILLIAMSON STREET,ELIZABETH,NJ,07207,UNION,(908) 994-5000,Electronic Clinical Quality Measure,HH_HYPER,Hospital Harm - Severe Hyperglycemia,Not Available,Not Available,5,01/01/2024,12/31/2024
310027,TRINITAS REGIONAL MEDICAL CENTER,225 WILLIAMSON STREET,ELIZABETH,NJ,07207,UNION,(908) 994-5000,Electronic Clinical Quality Measure,HH_HYPO,Hospital Harm - Severe Hypoglycemia,Not Available,Not Available,5,01/01/2024,12/31/2024
310027,TRINITAS REGIONAL MEDICAL CENTER,225 WILLIAMSON STREET,ELIZABETH,NJ,07207,UNION,(908) 994-5000,Electronic Clinical Quality Measure,HH_ORAE,Hospital Harm - Opioid Related Adverse Events,Not Available,Not Available,5,01/01/2024,12/31/2024
310027,TRINITAS REGIONAL MEDICAL CENTER,225 WILLIAMSON STREET,ELIZABETH,NJ,07207,UNION,(908) 994-5000,Healthcare Personnel Vaccination,IMM_3,Healthcare workers given influenza vaccination,96,2272,,10/01/2024,03/31/2025
310027,TRINITAS REGIONAL MEDICAL CENTER,225 WILLIAMSON STREET,ELIZABETH,NJ,07207,UNION,(908) 994-5000,Emergency Department,OP_18a,"Average (median) time all patients spent in the emergency department before leaving from the visit, including psychiatric/mental health patients and patients who were transferred to another facility. A lower number of minutes is better",198,391,,07/01/2024,06/30/2025
310027,TRINITAS REGIONAL MEDICAL CENTER,225 WILLIAMSON STREET,ELIZABETH,NJ,07207,UNION,(908) 994-5000,Emergency Department,OP_18b,"Average (median) time patients spent in the emergency department before leaving from the visit, excluding patients transferred to another facility or psychiatric care/mental health patients. A lower number of minutes is better",203,337,,07/01/2024,06/30/2025
310027,TRINITAS REGIONAL MEDICAL CENTER,225 WILLIAMSON STREET,ELIZABETH,NJ,07207,UNION,(908) 994-5000,Emergency Department,OP_18c,Average (median) time psychiatric/mental health patients spent in the emergency department before leaving from the visit. A lower number of minutes is better,148,50,,07/01/2024,06/30/2025
310027,TRINITAS REGIONAL MEDICAL CENTER,225 WILLIAMSON STREET,ELIZABETH,NJ,07207,UNION,(908) 994-5000,Emergency Department,OP_18d,Average (median) time patients spent in the emergency department before being transferred to another facility. A lower number of minutes is better,Not Available,Not Available,1,07/01/2024,06/30/2025
310027,TRINITAS REGIONAL MEDICAL CENTER,225 WILLIAMSON STREET,ELIZABETH,NJ,07207,UNION,(908) 994-5000,Emergency Department,OP_22,Left before being seen,1,56479,,01/01/2024,12/31/2024
310027,TRINITAS REGIONAL MEDICAL CENTER,225 WILLIAMSON STREET,ELIZABETH,NJ,07207,UNION,(908) 994-5000,Emergency Department,OP_23,Head CT results,83,12,,07/01/2024,06/30/2025
310027,TRINITAS REGIONAL MEDICAL CENTER,225 WILLIAMSON STREET,ELIZABETH,NJ,07207,UNION,(908) 994-5000,Colonoscopy care,OP_29,Endoscopy/polyp surveillance: appropriate follow-up interval for normal colonoscopy in average risk patients,87,149,,01/01/2024,12/31/2024
310027,TRINITAS REGIONAL MEDICAL CENTER,225 WILLIAMSON STREET,ELIZABETH,NJ,07207,UNION,(908) 994-5000,Cataract surgery outcome,OP_31,Improvement in Patient's Visual Function within 90 Days Following Cataract Surgery,Not Available,Not Available,5,01/01/2024,12/31/2024
310027,TRINITAS REGIONAL MEDICAL CENTER,225 WILLIAMSON STREET,ELIZABETH,NJ,07207,UNION,(908) 994-5000,Electronic Clinical Quality Measure,OP_40,ST-Segment Elevation Myocardial Infarction (STEMI),Not Available,Not Available,1,01/01/2024,12/31/2024
310027,TRINITAS REGIONAL MEDICAL CENTER,225 WILLIAMSON STREET,ELIZABETH,NJ,07207,UNION,(908) 994-5000,Electronic Clinical Quality Measure,SAFE_USE_OF_OPIOIDS,Safe Use of Opioids - Concurrent Prescribing,14,827,,01/01/2024,12/31/2024
310027,TRINITAS REGIONAL MEDICAL CENTER,225 WILLIAMSON STREET,ELIZABETH,NJ,07207,UNION,(908) 994-5000,Sepsis Care,SEP_1,Appropriate care for severe sepsis and septic shock,82,207,2,07/01/2024,06/30/2025
310027,TRINITAS REGIONAL MEDICAL CENTER,225 WILLIAMSON STREET,ELIZABETH,NJ,07207,UNION,(908) 994-5000,Sepsis Care,SEP_SH_3HR,Septic Shock 3-Hour Bundle,85,72,2,07/01/2024,06/30/2025
310027,TRINITAS REGIONAL MEDICAL CENTER,225 WILLIAMSON STREET,ELIZABETH,NJ,07207,UNION,(908) 994-5000,Sepsis Care,SEP_SH_6HR,Septic Shock 6-Hour Bundle,98,46,2,07/01/2024,06/30/2025
310027,TRINITAS REGIONAL MEDICAL CENTER,225 WILLIAMSON STREET,ELIZABETH,NJ,07207,UNION,(908) 994-5000,Sepsis Care,SEV_SEP_3HR,Severe Sepsis 3-Hour Bundle,94,208,2,07/01/2024,06/30/2025
310027,TRINITAS REGIONAL MEDICAL CENTER,225 WILLIAMSON STREET,ELIZABETH,NJ,07207,UNION,(908) 994-5000,Sepsis Care,SEV_SEP_6HR,Severe Sepsis 6-Hour Bundle,90,125,2,07/01/2024,06/30/2025
310027,TRINITAS REGIONAL MEDICAL CENTER,225 WILLIAMSON STREET,ELIZABETH,NJ,07207,UNION,(908) 994-5000,Electronic Clinical Quality Measure,STK_02,Discharged on Antithrombotic Therapy,88,131,,01/01/2024,12/31/2024
310027,TRINITAS REGIONAL MEDICAL CENTER,225 WILLIAMSON STREET,ELIZABETH,NJ,07207,UNION,(908) 994-5000,Electronic Clinical Quality Measure,STK_03,Anticoagulation Therapy for Atrial Fibrillation/Flutter,Not Available,Not Available,5,01/01/2024,12/31/2024
310027,TRINITAS REGIONAL MEDICAL CENTER,225 WILLIAMSON STREET,ELIZABETH,NJ,07207,UNION,(908) 994-5000,Electronic Clinical Quality Measure,STK_05,Antithrombotic Therapy by End of Hospital Day 2,91,129,,01/01/2024,12/31/2024
310027,TRINITAS REGIONAL MEDICAL CENTER,225 WILLIAMSON STREET,ELIZABETH,NJ,07207,UNION,(908) 994-5000,Electronic Clinical Quality Measure,VTE_1,Venous Thromboembolism Prophylaxis,60,4819,,01/01/2024,12/31/2024
310027,TRINITAS REGIONAL MEDICAL CENTER,225 WILLIAMSON STREET,ELIZABETH,NJ,07207,UNION,(908) 994-5000,Electronic Clinical Quality Measure,VTE_2,Intensive Care Unit Venous Thromboembolism Prophylaxis,Not Available,Not Available,5,01/01/2024,12/31/2024
310028,NEWTON MEDICAL CENTER,175 HIGH ST,NEWTON,NJ,07860,SUSSEX,(973) 383-2121,Emergency Department,EDV,Emergency department volume,medium,,,01/01/2024,12/31/2024
310028,NEWTON MEDICAL CENTER,175 HIGH ST,NEWTON,NJ,07860,SUSSEX,(973) 383-2121,Electronic Clinical Quality Measure,GMCS,Global Malnutrition Composite Score,Not Available,Not Available,5,01/01/2024,12/31/2024
310028,NEWTON MEDICAL CENTER,175 HIGH ST,NEWTON,NJ,07860,SUSSEX,(973) 383-2121,Electronic Clinical Quality Measure,GMCS_Malnutrition_Diagnosis_Documented,Global Malnutrition Composite Score: Malnutrition Diagnosis Documented,Not Available,Not Available,5,01/01/2024,12/31/2024
310028,NEWTON MEDICAL CENTER,175 HIGH ST,NEWTON,NJ,07860,SUSSEX,(973) 383-2121,Electronic Clinical Quality Measure,GMCS_Malnutrition_Screening,Global Malnutrition Composite Score: Malnutrition Risk Screening,Not Available,Not Available,5,01/01/2024,12/31/2024
310028,NEWTON MEDICAL CENTER,175 HIGH ST,NEWTON,NJ,07860,SUSSEX,(973) 383-2121,Electronic Clinical Quality Measure,GMCS_Nutrition_Assessment,Global Malnutrition Composite Score: Nutrition Assessment,Not Available,Not Available,5,01/01/2024,12/31/2024
310028,NEWTON MEDICAL CENTER,175 HIGH ST,NEWTON,NJ,07860,SUSSEX,(973) 383-2121,Electronic Clinical Quality Measure,GMCS_Nutritional_Care_Plan,Global Malnutrition Composite Score: Nutritional Care Plan,Not Available,Not Available,5,01/01/2024,12/31/2024
310028,NEWTON MEDICAL CENTER,175 HIGH ST,NEWTON,NJ,07860,SUSSEX,(973) 383-2121,Electronic Clinical Quality Measure,HH_HYPER,Hospital Harm - Severe Hyperglycemia,Not Available,Not Available,5,01/01/2024,12/31/2024
310028,NEWTON MEDICAL CENTER,175 HIGH ST,NEWTON,NJ,07860,SUSSEX,(973) 383-2121,Electronic Clinical Quality Measure,HH_HYPO,Hospital Harm - Severe Hypoglycemia,Not Available,Not Available,5,01/01/2024,12/31/2024
310028,NEWTON MEDICAL CENTER,175 HIGH ST,NEWTON,NJ,07860,SUSSEX,(973) 383-2121,Electronic Clinical Quality Measure,HH_ORAE,Hospital Harm - Opioid Related Adverse Events,Not Available,Not Available,5,01/01/2024,12/31/2024
310028,NEWTON MEDICAL CENTER,175 HIGH ST,NEWTON,NJ,07860,SUSSEX,(973) 383-2121,Healthcare Personnel Vaccination,IMM_3,Healthcare workers given influenza vaccination,92,1991,,10/01/2024,03/31/2025
310028,NEWTON MEDICAL CENTER,175 HIGH ST,NEWTON,NJ,07860,SUSSEX,(973) 383-2121,Emergency Department,OP_18a,"Average (median) time all patients spent in the emergency department before leaving from the visit, including psychiatric/mental health patients and patients who were transferred to another facility. A lower number of minutes is better",174,397,,07/01/2024,06/30/2025
310028,NEWTON MEDICAL CENTER,175 HIGH ST,NEWTON,NJ,07860,SUSSEX,(973) 383-2121,Emergency Department,OP_18b,"Average (median) time patients spent in the emergency department before leaving from the visit, excluding patients transferred to another facility or psychiatric care/mental health patients. A lower number of minutes is better",169,363,,07/01/2024,06/30/2025
310028,NEWTON MEDICAL CENTER,175 HIGH ST,NEWTON,NJ,07860,SUSSEX,(973) 383-2121,Emergency Department,OP_18c,Average (median) time psychiatric/mental health patients spent in the emergency department before leaving from the visit. A lower number of minutes is better,237,27,,07/01/2024,06/30/2025
310028,NEWTON MEDICAL CENTER,175 HIGH ST,NEWTON,NJ,07860,SUSSEX,(973) 383-2121,Emergency Department,OP_18d,Average (median) time patients spent in the emergency department before being transferred to another facility. A lower number of minutes is better,Not Available,Not Available,1,07/01/2024,06/30/2025
310028,NEWTON MEDICAL CENTER,175 HIGH ST,NEWTON,NJ,07860,SUSSEX,(973) 383-2121,Emergency Department,OP_22,Left before being seen,1,38997,,01/01/2024,12/31/2024
310028,NEWTON MEDICAL CENTER,175 HIGH ST,NEWTON,NJ,07860,SUSSEX,(973) 383-2121,Emergency Department,OP_23,Head CT results,92,12,,07/01/2024,06/30/2025
310028,NEWTON MEDICAL CENTER,175 HIGH ST,NEWTON,NJ,07860,SUSSEX,(973) 383-2121,Colonoscopy care,OP_29,Endoscopy/polyp surveillance: appropriate follow-up interval for normal colonoscopy in average risk patients,78,94,,01/01/2024,12/31/2024
310028,NEWTON MEDICAL CENTER,175 HIGH ST,NEWTON,NJ,07860,SUSSEX,(973) 383-2121,Cataract surgery outcome,OP_31,Improvement in Patient's Visual Function within 90 Days Following Cataract Surgery,Not Available,Not Available,5,01/01/2024,12/31/2024
310028,NEWTON MEDICAL CENTER,175 HIGH ST,NEWTON,NJ,07860,SUSSEX,(973) 383-2121,Electronic Clinical Quality Measure,OP_40,ST-Segment Elevation Myocardial Infarction (STEMI),Not Available,Not Available,5,01/01/2024,12/31/2024
310028,NEWTON MEDICAL CENTER,175 HIGH ST,NEWTON,NJ,07860,SUSSEX,(973) 383-2121,Electronic Clinical Quality Measure,SAFE_USE_OF_OPIOIDS,Safe Use of Opioids - Concurrent Prescribing,17,1305,,01/01/2024,12/31/2024
310028,NEWTON MEDICAL CENTER,175 HIGH ST,NEWTON,NJ,07860,SUSSEX,(973) 383-2121,Sepsis Care,SEP_1,Appropriate care for severe sepsis and septic shock,52,134,2,07/01/2024,06/30/2025
310028,NEWTON MEDICAL CENTER,175 HIGH ST,NEWTON,NJ,07860,SUSSEX,(973) 383-2121,Sepsis Care,SEP_SH_3HR,Septic Shock 3-Hour Bundle,88,25,2,07/01/2024,06/30/2025
310028,NEWTON MEDICAL CENTER,175 HIGH ST,NEWTON,NJ,07860,SUSSEX,(973) 383-2121,Sepsis Care,SEP_SH_6HR,Septic Shock 6-Hour Bundle,80,15,2,07/01/2024,06/30/2025
310028,NEWTON MEDICAL CENTER,175 HIGH ST,NEWTON,NJ,07860,SUSSEX,(973) 383-2121,Sepsis Care,SEV_SEP_3HR,Severe Sepsis 3-Hour Bundle,75,135,2,07/01/2024,06/30/2025
310028,NEWTON MEDICAL CENTER,175 HIGH ST,NEWTON,NJ,07860,SUSSEX,(973) 383-2121,Sepsis Care,SEV_SEP_6HR,Severe Sepsis 6-Hour Bundle,62,64,2,07/01/2024,06/30/2025
310028,NEWTON MEDICAL CENTER,175 HIGH ST,NEWTON,NJ,07860,SUSSEX,(973) 383-2121,Electronic Clinical Quality Measure,STK_02,Discharged on Antithrombotic Therapy,99,143,,01/01/2024,12/31/2024
310028,NEWTON MEDICAL CENTER,175 HIGH ST,NEWTON,NJ,07860,SUSSEX,(973) 383-2121,Electronic Clinical Quality Measure,STK_03,Anticoagulation Therapy for Atrial Fibrillation/Flutter,Not Available,Not Available,5,01/01/2024,12/31/2024
310028,NEWTON MEDICAL CENTER,175 HIGH ST,NEWTON,NJ,07860,SUSSEX,(973) 383-2121,Electronic Clinical Quality Measure,STK_05,Antithrombotic Therapy by End of Hospital Day 2,98,118,,01/01/2024,12/31/2024
310028,NEWTON MEDICAL CENTER,175 HIGH ST,NEWTON,NJ,07860,SUSSEX,(973) 383-2121,Electronic Clinical Quality Measure,VTE_1,Venous Thromboembolism Prophylaxis,Not Available,Not Available,5,01/01/2024,12/31/2024
310028,NEWTON MEDICAL CENTER,175 HIGH ST,NEWTON,NJ,07860,SUSSEX,(973) 383-2121,Electronic Clinical Quality Measure,VTE_2,Intensive Care Unit Venous Thromboembolism Prophylaxis,96,508,,01/01/2024,12/31/2024
310029,VIRTUA OUR LADY OF LOURDES HOSPITAL,1600 HADDON AVENUE,CAMDEN,NJ,08103,CAMDEN,(856) 886-5373,Emergency Department,EDV,Emergency department volume,high,,,01/01/2024,12/31/2024
310029,VIRTUA OUR LADY OF LOURDES HOSPITAL,1600 HADDON AVENUE,CAMDEN,NJ,08103,CAMDEN,(856) 886-5373,Electronic Clinical Quality Measure,GMCS,Global Malnutrition Composite Score,Not Available,Not Available,5,01/01/2024,12/31/2024
310029,VIRTUA OUR LADY OF LOURDES HOSPITAL,1600 HADDON AVENUE,CAMDEN,NJ,08103,CAMDEN,(856) 886-5373,Electronic Clinical Quality Measure,GMCS_Malnutrition_Diagnosis_Documented,Global Malnutrition Composite Score: Malnutrition Diagnosis Documented,Not Available,Not Available,5,01/01/2024,12/31/2024
310029,VIRTUA OUR LADY OF LOURDES HOSPITAL,1600 HADDON AVENUE,CAMDEN,NJ,08103,CAMDEN,(856) 886-5373,Electronic Clinical Quality Measure,GMCS_Malnutrition_Screening,Global Malnutrition Composite Score: Malnutrition Risk Screening,Not Available,Not Available,5,01/01/2024,12/31/2024
310029,VIRTUA OUR LADY OF LOURDES HOSPITAL,1600 HADDON AVENUE,CAMDEN,NJ,08103,CAMDEN,(856) 886-5373,Electronic Clinical Quality Measure,GMCS_Nutrition_Assessment,Global Malnutrition Composite Score: Nutrition Assessment,Not Available,Not Available,5,01/01/2024,12/31/2024
310029,VIRTUA OUR LADY OF LOURDES HOSPITAL,1600 HADDON AVENUE,CAMDEN,NJ,08103,CAMDEN,(856) 886-5373,Electronic Clinical Quality Measure,GMCS_Nutritional_Care_Plan,Global Malnutrition Composite Score: Nutritional Care Plan,Not Available,Not Available,5,01/01/2024,12/31/2024
310029,VIRTUA OUR LADY OF LOURDES HOSPITAL,1600 HADDON AVENUE,CAMDEN,NJ,08103,CAMDEN,(856) 886-5373,Electronic Clinical Quality Measure,HH_HYPER,Hospital Harm - Severe Hyperglycemia,Not Available,Not Available,5,01/01/2024,12/31/2024
310029,VIRTUA OUR LADY OF LOURDES HOSPITAL,1600 HADDON AVENUE,CAMDEN,NJ,08103,CAMDEN,(856) 886-5373,Electronic Clinical Quality Measure,HH_HYPO,Hospital Harm - Severe Hypoglycemia,Not Available,Not Available,5,01/01/2024,12/31/2024
310029,VIRTUA OUR LADY OF LOURDES HOSPITAL,1600 HADDON AVENUE,CAMDEN,NJ,08103,CAMDEN,(856) 886-5373,Electronic Clinical Quality Measure,HH_ORAE,Hospital Harm - Opioid Related Adverse Events,Not Available,Not Available,5,01/01/2024,12/31/2024
310029,VIRTUA OUR LADY OF LOURDES HOSPITAL,1600 HADDON AVENUE,CAMDEN,NJ,08103,CAMDEN,(856) 886-5373,Healthcare Personnel Vaccination,IMM_3,Healthcare workers given influenza vaccination,95,2559,,10/01/2024,03/31/2025
310029,VIRTUA OUR LADY OF LOURDES HOSPITAL,1600 HADDON AVENUE,CAMDEN,NJ,08103,CAMDEN,(856) 886-5373,Emergency Department,OP_18a,"Average (median) time all patients spent in the emergency department before leaving from the visit, including psychiatric/mental health patients and patients who were transferred to another facility. A lower number of minutes is better",179,421,,07/01/2024,06/30/2025
310029,VIRTUA OUR LADY OF LOURDES HOSPITAL,1600 HADDON AVENUE,CAMDEN,NJ,08103,CAMDEN,(856) 886-5373,Emergency Department,OP_18b,"Average (median) time patients spent in the emergency department before leaving from the visit, excluding patients transferred to another facility or psychiatric care/mental health patients. A lower number of minutes is better",161,373,,07/01/2024,06/30/2025
310029,VIRTUA OUR LADY OF LOURDES HOSPITAL,1600 HADDON AVENUE,CAMDEN,NJ,08103,CAMDEN,(856) 886-5373,Emergency Department,OP_18c,Average (median) time psychiatric/mental health patients spent in the emergency department before leaving from the visit. A lower number of minutes is better,336,26,,07/01/2024,06/30/2025
310029,VIRTUA OUR LADY OF LOURDES HOSPITAL,1600 HADDON AVENUE,CAMDEN,NJ,08103,CAMDEN,(856) 886-5373,Emergency Department,OP_18d,Average (median) time patients spent in the emergency department before being transferred to another facility. A lower number of minutes is better,508,24,,07/01/2024,06/30/2025
310029,VIRTUA OUR LADY OF LOURDES HOSPITAL,1600 HADDON AVENUE,CAMDEN,NJ,08103,CAMDEN,(856) 886-5373,Emergency Department,OP_22,Left before being seen,1,46418,,01/01/2024,12/31/2024
310029,VIRTUA OUR LADY OF LOURDES HOSPITAL,1600 HADDON AVENUE,CAMDEN,NJ,08103,CAMDEN,(856) 886-5373,Emergency Department,OP_23,Head CT results,82,11,,07/01/2024,06/30/2025
310029,VIRTUA OUR LADY OF LOURDES HOSPITAL,1600 HADDON AVENUE,CAMDEN,NJ,08103,CAMDEN,(856) 886-5373,Colonoscopy care,OP_29,Endoscopy/polyp surveillance: appropriate follow-up interval for normal colonoscopy in average risk patients,100,39,,01/01/2024,12/31/2024
310029,VIRTUA OUR LADY OF LOURDES HOSPITAL,1600 HADDON AVENUE,CAMDEN,NJ,08103,CAMDEN,(856) 886-5373,Cataract surgery outcome,OP_31,Improvement in Patient's Visual Function within 90 Days Following Cataract Surgery,Not Available,Not Available,5,01/01/2024,12/31/2024
310029,VIRTUA OUR LADY OF LOURDES HOSPITAL,1600 HADDON AVENUE,CAMDEN,NJ,08103,CAMDEN,(856) 886-5373,Electronic Clinical Quality Measure,OP_40,ST-Segment Elevation Myocardial Infarction (STEMI),74,34,,01/01/2024,12/31/2024
310029,VIRTUA OUR LADY OF LOURDES HOSPITAL,1600 HADDON AVENUE,CAMDEN,NJ,08103,CAMDEN,(856) 886-5373,Electronic Clinical Quality Measure,SAFE_USE_OF_OPIOIDS,Safe Use of Opioids - Concurrent Prescribing,17,2342,,01/01/2024,12/31/2024
310029,VIRTUA OUR LADY OF LOURDES HOSPITAL,1600 HADDON AVENUE,CAMDEN,NJ,08103,CAMDEN,(856) 886-5373,Sepsis Care,SEP_1,Appropriate care for severe sepsis and septic shock,81,478,,07/01/2024,06/30/2025
310029,VIRTUA OUR LADY OF LOURDES HOSPITAL,1600 HADDON AVENUE,CAMDEN,NJ,08103,CAMDEN,(856) 886-5373,Sepsis Care,SEP_SH_3HR,Septic Shock 3-Hour Bundle,86,154,,07/01/2024,06/30/2025
310029,VIRTUA OUR LADY OF LOURDES HOSPITAL,1600 HADDON AVENUE,CAMDEN,NJ,08103,CAMDEN,(856) 886-5373,Sepsis Care,SEP_SH_6HR,Septic Shock 6-Hour Bundle,98,104,,07/01/2024,06/30/2025
310029,VIRTUA OUR LADY OF LOURDES HOSPITAL,1600 HADDON AVENUE,CAMDEN,NJ,08103,CAMDEN,(856) 886-5373,Sepsis Care,SEV_SEP_3HR,Severe Sepsis 3-Hour Bundle,89,478,,07/01/2024,06/30/2025
310029,VIRTUA OUR LADY OF LOURDES HOSPITAL,1600 HADDON AVENUE,CAMDEN,NJ,08103,CAMDEN,(856) 886-5373,Sepsis Care,SEV_SEP_6HR,Severe Sepsis 6-Hour Bundle,95,261,,07/01/2024,06/30/2025
310029,VIRTUA OUR LADY OF LOURDES HOSPITAL,1600 HADDON AVENUE,CAMDEN,NJ,08103,CAMDEN,(856) 886-5373,Electronic Clinical Quality Measure,STK_02,Discharged on Antithrombotic Therapy,98,384,,01/01/2024,12/31/2024
310029,VIRTUA OUR LADY OF LOURDES HOSPITAL,1600 HADDON AVENUE,CAMDEN,NJ,08103,CAMDEN,(856) 886-5373,Electronic Clinical Quality Measure,STK_03,Anticoagulation Therapy for Atrial Fibrillation/Flutter,75,130,,01/01/2024,12/31/2024
310029,VIRTUA OUR LADY OF LOURDES HOSPITAL,1600 HADDON AVENUE,CAMDEN,NJ,08103,CAMDEN,(856) 886-5373,Electronic Clinical Quality Measure,STK_05,Antithrombotic Therapy by End of Hospital Day 2,87,372,,01/01/2024,12/31/2024
310029,VIRTUA OUR LADY OF LOURDES HOSPITAL,1600 HADDON AVENUE,CAMDEN,NJ,08103,CAMDEN,(856) 886-5373,Electronic Clinical Quality Measure,VTE_1,Venous Thromboembolism Prophylaxis,Not Available,Not Available,5,01/01/2024,12/31/2024
310029,VIRTUA OUR LADY OF LOURDES HOSPITAL,1600 HADDON AVENUE,CAMDEN,NJ,08103,CAMDEN,(856) 886-5373,Electronic Clinical Quality Measure,VTE_2,Intensive Care Unit Venous Thromboembolism Prophylaxis,Not Available,Not Available,5,01/01/2024,12/31/2024
310031,DEBORAH HEART AND LUNG CENTER,200 TRENTON ROAD,BROWNS MILLS,NJ,08015,BURLINGTON,(609) 893-6611,Emergency Department,EDV,Emergency department volume,Not Available,,5,01/01/2024,12/31/2024
310031,DEBORAH HEART AND LUNG CENTER,200 TRENTON ROAD,BROWNS MILLS,NJ,08015,BURLINGTON,(609) 893-6611,Electronic Clinical Quality Measure,GMCS,Global Malnutrition Composite Score,Not Available,Not Available,5,01/01/2024,12/31/2024
310031,DEBORAH HEART AND LUNG CENTER,200 TRENTON ROAD,BROWNS MILLS,NJ,08015,BURLINGTON,(609) 893-6611,Electronic Clinical Quality Measure,GMCS_Malnutrition_Diagnosis_Documented,Global Malnutrition Composite Score: Malnutrition Diagnosis Documented,Not Available,Not Available,5,01/01/2024,12/31/2024
310031,DEBORAH HEART AND LUNG CENTER,200 TRENTON ROAD,BROWNS MILLS,NJ,08015,BURLINGTON,(609) 893-6611,Electronic Clinical Quality Measure,GMCS_Malnutrition_Screening,Global Malnutrition Composite Score: Malnutrition Risk Screening,Not Available,Not Available,5,01/01/2024,12/31/2024
310031,DEBORAH HEART AND LUNG CENTER,200 TRENTON ROAD,BROWNS MILLS,NJ,08015,BURLINGTON,(609) 893-6611,Electronic Clinical Quality Measure,GMCS_Nutrition_Assessment,Global Malnutrition Composite Score: Nutrition Assessment,Not Available,Not Available,5,01/01/2024,12/31/2024
310031,DEBORAH HEART AND LUNG CENTER,200 TRENTON ROAD,BROWNS MILLS,NJ,08015,BURLINGTON,(609) 893-6611,Electronic Clinical Quality Measure,GMCS_Nutritional_Care_Plan,Global Malnutrition Composite Score: Nutritional Care Plan,Not Available,Not Available,5,01/01/2024,12/31/2024
310031,DEBORAH HEART AND LUNG CENTER,200 TRENTON ROAD,BROWNS MILLS,NJ,08015,BURLINGTON,(609) 893-6611,Electronic Clinical Quality Measure,HH_HYPER,Hospital Harm - Severe Hyperglycemia,0,6735,,01/01/2024,12/31/2024
310031,DEBORAH HEART AND LUNG CENTER,200 TRENTON ROAD,BROWNS MILLS,NJ,08015,BURLINGTON,(609) 893-6611,Electronic Clinical Quality Measure,HH_HYPO,Hospital Harm - Severe Hypoglycemia,0,1247,,01/01/2024,12/31/2024
310031,DEBORAH HEART AND LUNG CENTER,200 TRENTON ROAD,BROWNS MILLS,NJ,08015,BURLINGTON,(609) 893-6611,Electronic Clinical Quality Measure,HH_ORAE,Hospital Harm - Opioid Related Adverse Events,0,1188,,01/01/2024,12/31/2024
310031,DEBORAH HEART AND LUNG CENTER,200 TRENTON ROAD,BROWNS MILLS,NJ,08015,BURLINGTON,(609) 893-6611,Healthcare Personnel Vaccination,IMM_3,Healthcare workers given influenza vaccination,99,1379,,10/01/2024,03/31/2025
310031,DEBORAH HEART AND LUNG CENTER,200 TRENTON ROAD,BROWNS MILLS,NJ,08015,BURLINGTON,(609) 893-6611,Emergency Department,OP_18a,"Average (median) time all patients spent in the emergency department before leaving from the visit, including psychiatric/mental health patients and patients who were transferred to another facility. A lower number of minutes is better",Not Available,Not Available,5,07/01/2024,06/30/2025
310031,DEBORAH HEART AND LUNG CENTER,200 TRENTON ROAD,BROWNS MILLS,NJ,08015,BURLINGTON,(609) 893-6611,Emergency Department,OP_18b,"Average (median) time patients spent in the emergency department before leaving from the visit, excluding patients transferred to another facility or psychiatric care/mental health patients. A lower number of minutes is better",Not Available,Not Available,5,07/01/2024,06/30/2025
310031,DEBORAH HEART AND LUNG CENTER,200 TRENTON ROAD,BROWNS MILLS,NJ,08015,BURLINGTON,(609) 893-6611,Emergency Department,OP_18c,Average (median) time psychiatric/mental health patients spent in the emergency department before leaving from the visit. A lower number of minutes is better,Not Available,Not Available,5,07/01/2024,06/30/2025
310031,DEBORAH HEART AND LUNG CENTER,200 TRENTON ROAD,BROWNS MILLS,NJ,08015,BURLINGTON,(609) 893-6611,Emergency Department,OP_18d,Average (median) time patients spent in the emergency department before being transferred to another facility. A lower number of minutes is better,Not Available,Not Available,5,07/01/2024,06/30/2025
310031,DEBORAH HEART AND LUNG CENTER,200 TRENTON ROAD,BROWNS MILLS,NJ,08015,BURLINGTON,(609) 893-6611,Emergency Department,OP_22,Left before being seen,Not Available,Not Available,5,01/01/2024,12/31/2024
310031,DEBORAH HEART AND LUNG CENTER,200 TRENTON ROAD,BROWNS MILLS,NJ,08015,BURLINGTON,(609) 893-6611,Emergency Department,OP_23,Head CT results,Not Available,Not Available,5,07/01/2024,06/30/2025
310031,DEBORAH HEART AND LUNG CENTER,200 TRENTON ROAD,BROWNS MILLS,NJ,08015,BURLINGTON,(609) 893-6611,Colonoscopy care,OP_29,Endoscopy/polyp surveillance: appropriate follow-up interval for normal colonoscopy in average risk patients,Not Available,Not Available,5,01/01/2024,12/31/2024
310031,DEBORAH HEART AND LUNG CENTER,200 TRENTON ROAD,BROWNS MILLS,NJ,08015,BURLINGTON,(609) 893-6611,Cataract surgery outcome,OP_31,Improvement in Patient's Visual Function within 90 Days Following Cataract Surgery,Not Available,Not Available,5,01/01/2024,12/31/2024
310031,DEBORAH HEART AND LUNG CENTER,200 TRENTON ROAD,BROWNS MILLS,NJ,08015,BURLINGTON,(609) 893-6611,Electronic Clinical Quality Measure,OP_40,ST-Segment Elevation Myocardial Infarction (STEMI),Not Available,Not Available,5,01/01/2024,12/31/2024
310031,DEBORAH HEART AND LUNG CENTER,200 TRENTON ROAD,BROWNS MILLS,NJ,08015,BURLINGTON,(609) 893-6611,Electronic Clinical Quality Measure,SAFE_USE_OF_OPIOIDS,Safe Use of Opioids - Concurrent Prescribing,20,646,,01/01/2024,12/31/2024
310031,DEBORAH HEART AND LUNG CENTER,200 TRENTON ROAD,BROWNS MILLS,NJ,08015,BURLINGTON,(609) 893-6611,Sepsis Care,SEP_1,Appropriate care for severe sepsis and septic shock,54,13,,07/01/2024,06/30/2025
310031,DEBORAH HEART AND LUNG CENTER,200 TRENTON ROAD,BROWNS MILLS,NJ,08015,BURLINGTON,(609) 893-6611,Sepsis Care,SEP_SH_3HR,Septic Shock 3-Hour Bundle,Not Available,Not Available,"1, 3",07/01/2024,06/30/2025
310031,DEBORAH HEART AND LUNG CENTER,200 TRENTON ROAD,BROWNS MILLS,NJ,08015,BURLINGTON,(609) 893-6611,Sepsis Care,SEP_SH_6HR,Septic Shock 6-Hour Bundle,Not Available,Not Available,5,07/01/2024,06/30/2025
310031,DEBORAH HEART AND LUNG CENTER,200 TRENTON ROAD,BROWNS MILLS,NJ,08015,BURLINGTON,(609) 893-6611,Sepsis Care,SEV_SEP_3HR,Severe Sepsis 3-Hour Bundle,92,13,,07/01/2024,06/30/2025
310031,DEBORAH HEART AND LUNG CENTER,200 TRENTON ROAD,BROWNS MILLS,NJ,08015,BURLINGTON,(609) 893-6611,Sepsis Care,SEV_SEP_6HR,Severe Sepsis 6-Hour Bundle,Not Available,Not Available,"1, 3",07/01/2024,06/30/2025
310031,DEBORAH HEART AND LUNG CENTER,200 TRENTON ROAD,BROWNS MILLS,NJ,08015,BURLINGTON,(609) 893-6611,Electronic Clinical Quality Measure,STK_02,Discharged on Antithrombotic Therapy,Not Available,Not Available,1,01/01/2024,12/31/2024
310031,DEBORAH HEART AND LUNG CENTER,200 TRENTON ROAD,BROWNS MILLS,NJ,08015,BURLINGTON,(609) 893-6611,Electronic Clinical Quality Measure,STK_03,Anticoagulation Therapy for Atrial Fibrillation/Flutter,Not Available,0,5,01/01/2024,12/31/2024
310031,DEBORAH HEART AND LUNG CENTER,200 TRENTON ROAD,BROWNS MILLS,NJ,08015,BURLINGTON,(609) 893-6611,Electronic Clinical Quality Measure,STK_05,Antithrombotic Therapy by End of Hospital Day 2,Not Available,0,5,01/01/2024,12/31/2024
310031,DEBORAH HEART AND LUNG CENTER,200 TRENTON ROAD,BROWNS MILLS,NJ,08015,BURLINGTON,(609) 893-6611,Electronic Clinical Quality Measure,VTE_1,Venous Thromboembolism Prophylaxis,49,2386,,01/01/2024,12/31/2024
310031,DEBORAH HEART AND LUNG CENTER,200 TRENTON ROAD,BROWNS MILLS,NJ,08015,BURLINGTON,(609) 893-6611,Electronic Clinical Quality Measure,VTE_2,Intensive Care Unit Venous Thromboembolism Prophylaxis,Not Available,0,5,01/01/2024,12/31/2024
310032,INSPIRA MEDICAL CENTER VINELAND,1505 W SHERMAN AVE,VINELAND,NJ,08360,CUMBERLAND,(856) 641-8000,Emergency Department,EDV,Emergency department volume,very high,,,01/01/2024,12/31/2024
310032,INSPIRA MEDICAL CENTER VINELAND,1505 W SHERMAN AVE,VINELAND,NJ,08360,CUMBERLAND,(856) 641-8000,Electronic Clinical Quality Measure,GMCS,Global Malnutrition Composite Score,Not Available,Not Available,5,01/01/2024,12/31/2024
310032,INSPIRA MEDICAL CENTER VINELAND,1505 W SHERMAN AVE,VINELAND,NJ,08360,CUMBERLAND,(856) 641-8000,Electronic Clinical Quality Measure,GMCS_Malnutrition_Diagnosis_Documented,Global Malnutrition Composite Score: Malnutrition Diagnosis Documented,Not Available,Not Available,5,01/01/2024,12/31/2024
310032,INSPIRA MEDICAL CENTER VINELAND,1505 W SHERMAN AVE,VINELAND,NJ,08360,CUMBERLAND,(856) 641-8000,Electronic Clinical Quality Measure,GMCS_Malnutrition_Screening,Global Malnutrition Composite Score: Malnutrition Risk Screening,Not Available,Not Available,5,01/01/2024,12/31/2024
310032,INSPIRA MEDICAL CENTER VINELAND,1505 W SHERMAN AVE,VINELAND,NJ,08360,CUMBERLAND,(856) 641-8000,Electronic Clinical Quality Measure,GMCS_Nutrition_Assessment,Global Malnutrition Composite Score: Nutrition Assessment,Not Available,Not Available,5,01/01/2024,12/31/2024
310032,INSPIRA MEDICAL CENTER VINELAND,1505 W SHERMAN AVE,VINELAND,NJ,08360,CUMBERLAND,(856) 641-8000,Electronic Clinical Quality Measure,GMCS_Nutritional_Care_Plan,Global Malnutrition Composite Score: Nutritional Care Plan,Not Available,Not Available,5,01/01/2024,12/31/2024
310032,INSPIRA MEDICAL CENTER VINELAND,1505 W SHERMAN AVE,VINELAND,NJ,08360,CUMBERLAND,(856) 641-8000,Electronic Clinical Quality Measure,HH_HYPER,Hospital Harm - Severe Hyperglycemia,Not Available,Not Available,5,01/01/2024,12/31/2024
310032,INSPIRA MEDICAL CENTER VINELAND,1505 W SHERMAN AVE,VINELAND,NJ,08360,CUMBERLAND,(856) 641-8000,Electronic Clinical Quality Measure,HH_HYPO,Hospital Harm - Severe Hypoglycemia,0,3948,,01/01/2024,12/31/2024
310032,INSPIRA MEDICAL CENTER VINELAND,1505 W SHERMAN AVE,VINELAND,NJ,08360,CUMBERLAND,(856) 641-8000,Electronic Clinical Quality Measure,HH_ORAE,Hospital Harm - Opioid Related Adverse Events,Not Available,Not Available,5,01/01/2024,12/31/2024
310032,INSPIRA MEDICAL CENTER VINELAND,1505 W SHERMAN AVE,VINELAND,NJ,08360,CUMBERLAND,(856) 641-8000,Healthcare Personnel Vaccination,IMM_3,Healthcare workers given influenza vaccination,93,4011,,10/01/2024,03/31/2025
310032,INSPIRA MEDICAL CENTER VINELAND,1505 W SHERMAN AVE,VINELAND,NJ,08360,CUMBERLAND,(856) 641-8000,Emergency Department,OP_18a,"Average (median) time all patients spent in the emergency department before leaving from the visit, including psychiatric/mental health patients and patients who were transferred to another facility. A lower number of minutes is better",208,439,,07/01/2024,06/30/2025
310032,INSPIRA MEDICAL CENTER VINELAND,1505 W SHERMAN AVE,VINELAND,NJ,08360,CUMBERLAND,(856) 641-8000,Emergency Department,OP_18b,"Average (median) time patients spent in the emergency department before leaving from the visit, excluding patients transferred to another facility or psychiatric care/mental health patients. A lower number of minutes is better",204,406,,07/01/2024,06/30/2025
310032,INSPIRA MEDICAL CENTER VINELAND,1505 W SHERMAN AVE,VINELAND,NJ,08360,CUMBERLAND,(856) 641-8000,Emergency Department,OP_18c,Average (median) time psychiatric/mental health patients spent in the emergency department before leaving from the visit. A lower number of minutes is better,321,23,,07/01/2024,06/30/2025
310032,INSPIRA MEDICAL CENTER VINELAND,1505 W SHERMAN AVE,VINELAND,NJ,08360,CUMBERLAND,(856) 641-8000,Emergency Department,OP_18d,Average (median) time patients spent in the emergency department before being transferred to another facility. A lower number of minutes is better,Not Available,Not Available,1,07/01/2024,06/30/2025
310032,INSPIRA MEDICAL CENTER VINELAND,1505 W SHERMAN AVE,VINELAND,NJ,08360,CUMBERLAND,(856) 641-8000,Emergency Department,OP_22,Left before being seen,3,106687,,01/01/2024,12/31/2024
310032,INSPIRA MEDICAL CENTER VINELAND,1505 W SHERMAN AVE,VINELAND,NJ,08360,CUMBERLAND,(856) 641-8000,Emergency Department,OP_23,Head CT results,69,36,,07/01/2024,06/30/2025
310032,INSPIRA MEDICAL CENTER VINELAND,1505 W SHERMAN AVE,VINELAND,NJ,08360,CUMBERLAND,(856) 641-8000,Colonoscopy care,OP_29,Endoscopy/polyp surveillance: appropriate follow-up interval for normal colonoscopy in average risk patients,79,425,,01/01/2024,12/31/2024
310032,INSPIRA MEDICAL CENTER VINELAND,1505 W SHERMAN AVE,VINELAND,NJ,08360,CUMBERLAND,(856) 641-8000,Cataract surgery outcome,OP_31,Improvement in Patient's Visual Function within 90 Days Following Cataract Surgery,Not Available,Not Available,5,01/01/2024,12/31/2024
310032,INSPIRA MEDICAL CENTER VINELAND,1505 W SHERMAN AVE,VINELAND,NJ,08360,CUMBERLAND,(856) 641-8000,Electronic Clinical Quality Measure,OP_40,ST-Segment Elevation Myocardial Infarction (STEMI),Not Available,Not Available,1,01/01/2024,12/31/2024
310032,INSPIRA MEDICAL CENTER VINELAND,1505 W SHERMAN AVE,VINELAND,NJ,08360,CUMBERLAND,(856) 641-8000,Electronic Clinical Quality Measure,SAFE_USE_OF_OPIOIDS,Safe Use of Opioids - Concurrent Prescribing,14,2829,,01/01/2024,12/31/2024
310032,INSPIRA MEDICAL CENTER VINELAND,1505 W SHERMAN AVE,VINELAND,NJ,08360,CUMBERLAND,(856) 641-8000,Sepsis Care,SEP_1,Appropriate care for severe sepsis and septic shock,53,206,2,07/01/2024,06/30/2025
310032,INSPIRA MEDICAL CENTER VINELAND,1505 W SHERMAN AVE,VINELAND,NJ,08360,CUMBERLAND,(856) 641-8000,Sepsis Care,SEP_SH_3HR,Septic Shock 3-Hour Bundle,62,71,2,07/01/2024,06/30/2025
310032,INSPIRA MEDICAL CENTER VINELAND,1505 W SHERMAN AVE,VINELAND,NJ,08360,CUMBERLAND,(856) 641-8000,Sepsis Care,SEP_SH_6HR,Septic Shock 6-Hour Bundle,65,37,2,07/01/2024,06/30/2025
310032,INSPIRA MEDICAL CENTER VINELAND,1505 W SHERMAN AVE,VINELAND,NJ,08360,CUMBERLAND,(856) 641-8000,Sepsis Care,SEV_SEP_3HR,Severe Sepsis 3-Hour Bundle,78,208,2,07/01/2024,06/30/2025
310032,INSPIRA MEDICAL CENTER VINELAND,1505 W SHERMAN AVE,VINELAND,NJ,08360,CUMBERLAND,(856) 641-8000,Sepsis Care,SEV_SEP_6HR,Severe Sepsis 6-Hour Bundle,92,120,2,07/01/2024,06/30/2025
310032,INSPIRA MEDICAL CENTER VINELAND,1505 W SHERMAN AVE,VINELAND,NJ,08360,CUMBERLAND,(856) 641-8000,Electronic Clinical Quality Measure,STK_02,Discharged on Antithrombotic Therapy,98,211,,01/01/2024,12/31/2024
310032,INSPIRA MEDICAL CENTER VINELAND,1505 W SHERMAN AVE,VINELAND,NJ,08360,CUMBERLAND,(856) 641-8000,Electronic Clinical Quality Measure,STK_03,Anticoagulation Therapy for Atrial Fibrillation/Flutter,Not Available,Not Available,5,01/01/2024,12/31/2024
310032,INSPIRA MEDICAL CENTER VINELAND,1505 W SHERMAN AVE,VINELAND,NJ,08360,CUMBERLAND,(856) 641-8000,Electronic Clinical Quality Measure,STK_05,Antithrombotic Therapy by End of Hospital Day 2,90,201,,01/01/2024,12/31/2024
310032,INSPIRA MEDICAL CENTER VINELAND,1505 W SHERMAN AVE,VINELAND,NJ,08360,CUMBERLAND,(856) 641-8000,Electronic Clinical Quality Measure,VTE_1,Venous Thromboembolism Prophylaxis,Not Available,Not Available,5,01/01/2024,12/31/2024
310032,INSPIRA MEDICAL CENTER VINELAND,1505 W SHERMAN AVE,VINELAND,NJ,08360,CUMBERLAND,(856) 641-8000,Electronic Clinical Quality Measure,VTE_2,Intensive Care Unit Venous Thromboembolism Prophylaxis,Not Available,Not Available,5,01/01/2024,12/31/2024
310034,RIVERVIEW MEDICAL CENTER,ONE RIVERVIEW PLAZA,RED BANK,NJ,07701,MONMOUTH,(732) 741-2700,Emergency Department,EDV,Emergency department volume,medium,,,01/01/2024,12/31/2024
310034,RIVERVIEW MEDICAL CENTER,ONE RIVERVIEW PLAZA,RED BANK,NJ,07701,MONMOUTH,(732) 741-2700,Electronic Clinical Quality Measure,GMCS,Global Malnutrition Composite Score,Not Available,Not Available,5,01/01/2024,12/31/2024
310034,RIVERVIEW MEDICAL CENTER,ONE RIVERVIEW PLAZA,RED BANK,NJ,07701,MONMOUTH,(732) 741-2700,Electronic Clinical Quality Measure,GMCS_Malnutrition_Diagnosis_Documented,Global Malnutrition Composite Score: Malnutrition Diagnosis Documented,Not Available,Not Available,5,01/01/2024,12/31/2024
310034,RIVERVIEW MEDICAL CENTER,ONE RIVERVIEW PLAZA,RED BANK,NJ,07701,MONMOUTH,(732) 741-2700,Electronic Clinical Quality Measure,GMCS_Malnutrition_Screening,Global Malnutrition Composite Score: Malnutrition Risk Screening,Not Available,Not Available,5,01/01/2024,12/31/2024
310034,RIVERVIEW MEDICAL CENTER,ONE RIVERVIEW PLAZA,RED BANK,NJ,07701,MONMOUTH,(732) 741-2700,Electronic Clinical Quality Measure,GMCS_Nutrition_Assessment,Global Malnutrition Composite Score: Nutrition Assessment,Not Available,Not Available,5,01/01/2024,12/31/2024
310034,RIVERVIEW MEDICAL CENTER,ONE RIVERVIEW PLAZA,RED BANK,NJ,07701,MONMOUTH,(732) 741-2700,Electronic Clinical Quality Measure,GMCS_Nutritional_Care_Plan,Global Malnutrition Composite Score: Nutritional Care Plan,Not Available,Not Available,5,01/01/2024,12/31/2024
310034,RIVERVIEW MEDICAL CENTER,ONE RIVERVIEW PLAZA,RED BANK,NJ,07701,MONMOUTH,(732) 741-2700,Electronic Clinical Quality Measure,HH_HYPER,Hospital Harm - Severe Hyperglycemia,Not Available,Not Available,5,01/01/2024,12/31/2024
310034,RIVERVIEW MEDICAL CENTER,ONE RIVERVIEW PLAZA,RED BANK,NJ,07701,MONMOUTH,(732) 741-2700,Electronic Clinical Quality Measure,HH_HYPO,Hospital Harm - Severe Hypoglycemia,Not Available,Not Available,5,01/01/2024,12/31/2024
310034,RIVERVIEW MEDICAL CENTER,ONE RIVERVIEW PLAZA,RED BANK,NJ,07701,MONMOUTH,(732) 741-2700,Electronic Clinical Quality Measure,HH_ORAE,Hospital Harm - Opioid Related Adverse Events,Not Available,Not Available,5,01/01/2024,12/31/2024
310034,RIVERVIEW MEDICAL CENTER,ONE RIVERVIEW PLAZA,RED BANK,NJ,07701,MONMOUTH,(732) 741-2700,Healthcare Personnel Vaccination,IMM_3,Healthcare workers given influenza vaccination,85,2549,,10/01/2024,03/31/2025
310034,RIVERVIEW MEDICAL CENTER,ONE RIVERVIEW PLAZA,RED BANK,NJ,07701,MONMOUTH,(732) 741-2700,Emergency Department,OP_18a,"Average (median) time all patients spent in the emergency department before leaving from the visit, including psychiatric/mental health patients and patients who were transferred to another facility. A lower number of minutes is better",212,396,,07/01/2024,06/30/2025
310034,RIVERVIEW MEDICAL CENTER,ONE RIVERVIEW PLAZA,RED BANK,NJ,07701,MONMOUTH,(732) 741-2700,Emergency Department,OP_18b,"Average (median) time patients spent in the emergency department before leaving from the visit, excluding patients transferred to another facility or psychiatric care/mental health patients. A lower number of minutes is better",206,355,,07/01/2024,06/30/2025
310034,RIVERVIEW MEDICAL CENTER,ONE RIVERVIEW PLAZA,RED BANK,NJ,07701,MONMOUTH,(732) 741-2700,Emergency Department,OP_18c,Average (median) time psychiatric/mental health patients spent in the emergency department before leaving from the visit. A lower number of minutes is better,529,15,,07/01/2024,06/30/2025
310034,RIVERVIEW MEDICAL CENTER,ONE RIVERVIEW PLAZA,RED BANK,NJ,07701,MONMOUTH,(732) 741-2700,Emergency Department,OP_18d,Average (median) time patients spent in the emergency department before being transferred to another facility. A lower number of minutes is better,225,27,,07/01/2024,06/30/2025
310034,RIVERVIEW MEDICAL CENTER,ONE RIVERVIEW PLAZA,RED BANK,NJ,07701,MONMOUTH,(732) 741-2700,Emergency Department,OP_22,Left before being seen,1,38678,,01/01/2024,12/31/2024
310034,RIVERVIEW MEDICAL CENTER,ONE RIVERVIEW PLAZA,RED BANK,NJ,07701,MONMOUTH,(732) 741-2700,Emergency Department,OP_23,Head CT results,Not Available,Not Available,1,07/01/2024,06/30/2025
310034,RIVERVIEW MEDICAL CENTER,ONE RIVERVIEW PLAZA,RED BANK,NJ,07701,MONMOUTH,(732) 741-2700,Colonoscopy care,OP_29,Endoscopy/polyp surveillance: appropriate follow-up interval for normal colonoscopy in average risk patients,97,126,,01/01/2024,12/31/2024
310034,RIVERVIEW MEDICAL CENTER,ONE RIVERVIEW PLAZA,RED BANK,NJ,07701,MONMOUTH,(732) 741-2700,Cataract surgery outcome,OP_31,Improvement in Patient's Visual Function within 90 Days Following Cataract Surgery,Not Available,Not Available,5,01/01/2024,12/31/2024
310034,RIVERVIEW MEDICAL CENTER,ONE RIVERVIEW PLAZA,RED BANK,NJ,07701,MONMOUTH,(732) 741-2700,Electronic Clinical Quality Measure,OP_40,ST-Segment Elevation Myocardial Infarction (STEMI),Not Available,Not Available,1,01/01/2024,12/31/2024
310034,RIVERVIEW MEDICAL CENTER,ONE RIVERVIEW PLAZA,RED BANK,NJ,07701,MONMOUTH,(732) 741-2700,Electronic Clinical Quality Measure,SAFE_USE_OF_OPIOIDS,Safe Use of Opioids - Concurrent Prescribing,19,2375,,01/01/2024,12/31/2024
310034,RIVERVIEW MEDICAL CENTER,ONE RIVERVIEW PLAZA,RED BANK,NJ,07701,MONMOUTH,(732) 741-2700,Sepsis Care,SEP_1,Appropriate care for severe sepsis and septic shock,72,193,2,07/01/2024,06/30/2025
310034,RIVERVIEW MEDICAL CENTER,ONE RIVERVIEW PLAZA,RED BANK,NJ,07701,MONMOUTH,(732) 741-2700,Sepsis Care,SEP_SH_3HR,Septic Shock 3-Hour Bundle,78,78,2,07/01/2024,06/30/2025
310034,RIVERVIEW MEDICAL CENTER,ONE RIVERVIEW PLAZA,RED BANK,NJ,07701,MONMOUTH,(732) 741-2700,Sepsis Care,SEP_SH_6HR,Septic Shock 6-Hour Bundle,84,44,2,07/01/2024,06/30/2025
310034,RIVERVIEW MEDICAL CENTER,ONE RIVERVIEW PLAZA,RED BANK,NJ,07701,MONMOUTH,(732) 741-2700,Sepsis Care,SEV_SEP_3HR,Severe Sepsis 3-Hour Bundle,86,195,2,07/01/2024,06/30/2025
310034,RIVERVIEW MEDICAL CENTER,ONE RIVERVIEW PLAZA,RED BANK,NJ,07701,MONMOUTH,(732) 741-2700,Sepsis Care,SEV_SEP_6HR,Severe Sepsis 6-Hour Bundle,100,98,2,07/01/2024,06/30/2025
310034,RIVERVIEW MEDICAL CENTER,ONE RIVERVIEW PLAZA,RED BANK,NJ,07701,MONMOUTH,(732) 741-2700,Electronic Clinical Quality Measure,STK_02,Discharged on Antithrombotic Therapy,97,130,,01/01/2024,12/31/2024
310034,RIVERVIEW MEDICAL CENTER,ONE RIVERVIEW PLAZA,RED BANK,NJ,07701,MONMOUTH,(732) 741-2700,Electronic Clinical Quality Measure,STK_03,Anticoagulation Therapy for Atrial Fibrillation/Flutter,57,35,,01/01/2024,12/31/2024
310034,RIVERVIEW MEDICAL CENTER,ONE RIVERVIEW PLAZA,RED BANK,NJ,07701,MONMOUTH,(732) 741-2700,Electronic Clinical Quality Measure,STK_05,Antithrombotic Therapy by End of Hospital Day 2,93,112,,01/01/2024,12/31/2024
310034,RIVERVIEW MEDICAL CENTER,ONE RIVERVIEW PLAZA,RED BANK,NJ,07701,MONMOUTH,(732) 741-2700,Electronic Clinical Quality Measure,VTE_1,Venous Thromboembolism Prophylaxis,Not Available,Not Available,5,01/01/2024,12/31/2024
310034,RIVERVIEW MEDICAL CENTER,ONE RIVERVIEW PLAZA,RED BANK,NJ,07701,MONMOUTH,(732) 741-2700,Electronic Clinical Quality Measure,VTE_2,Intensive Care Unit Venous Thromboembolism Prophylaxis,Not Available,Not Available,5,01/01/2024,12/31/2024
310038,ROBERT WOOD JOHNSON UNIVERSITY HOSPITAL,ONE ROBERT WOOD JOHNSON PLACE,NEW BRUNSWICK,NJ,08901,MIDDLESEX,(732) 828-3000,Emergency Department,EDV,Emergency department volume,very high,,,01/01/2024,12/31/2024
310038,ROBERT WOOD JOHNSON UNIVERSITY HOSPITAL,ONE ROBERT WOOD JOHNSON PLACE,NEW BRUNSWICK,NJ,08901,MIDDLESEX,(732) 828-3000,Electronic Clinical Quality Measure,GMCS,Global Malnutrition Composite Score,Not Available,Not Available,5,01/01/2024,12/31/2024
310038,ROBERT WOOD JOHNSON UNIVERSITY HOSPITAL,ONE ROBERT WOOD JOHNSON PLACE,NEW BRUNSWICK,NJ,08901,MIDDLESEX,(732) 828-3000,Electronic Clinical Quality Measure,GMCS_Malnutrition_Diagnosis_Documented,Global Malnutrition Composite Score: Malnutrition Diagnosis Documented,Not Available,Not Available,5,01/01/2024,12/31/2024
310038,ROBERT WOOD JOHNSON UNIVERSITY HOSPITAL,ONE ROBERT WOOD JOHNSON PLACE,NEW BRUNSWICK,NJ,08901,MIDDLESEX,(732) 828-3000,Electronic Clinical Quality Measure,GMCS_Malnutrition_Screening,Global Malnutrition Composite Score: Malnutrition Risk Screening,Not Available,Not Available,5,01/01/2024,12/31/2024
310038,ROBERT WOOD JOHNSON UNIVERSITY HOSPITAL,ONE ROBERT WOOD JOHNSON PLACE,NEW BRUNSWICK,NJ,08901,MIDDLESEX,(732) 828-3000,Electronic Clinical Quality Measure,GMCS_Nutrition_Assessment,Global Malnutrition Composite Score: Nutrition Assessment,Not Available,Not Available,5,01/01/2024,12/31/2024
310038,ROBERT WOOD JOHNSON UNIVERSITY HOSPITAL,ONE ROBERT WOOD JOHNSON PLACE,NEW BRUNSWICK,NJ,08901,MIDDLESEX,(732) 828-3000,Electronic Clinical Quality Measure,GMCS_Nutritional_Care_Plan,Global Malnutrition Composite Score: Nutritional Care Plan,Not Available,Not Available,5,01/01/2024,12/31/2024
310038,ROBERT WOOD JOHNSON UNIVERSITY HOSPITAL,ONE ROBERT WOOD JOHNSON PLACE,NEW BRUNSWICK,NJ,08901,MIDDLESEX,(732) 828-3000,Electronic Clinical Quality Measure,HH_HYPER,Hospital Harm - Severe Hyperglycemia,Not Available,Not Available,5,01/01/2024,12/31/2024
310038,ROBERT WOOD JOHNSON UNIVERSITY HOSPITAL,ONE ROBERT WOOD JOHNSON PLACE,NEW BRUNSWICK,NJ,08901,MIDDLESEX,(732) 828-3000,Electronic Clinical Quality Measure,HH_HYPO,Hospital Harm - Severe Hypoglycemia,Not Available,Not Available,5,01/01/2024,12/31/2024
310038,ROBERT WOOD JOHNSON UNIVERSITY HOSPITAL,ONE ROBERT WOOD JOHNSON PLACE,NEW BRUNSWICK,NJ,08901,MIDDLESEX,(732) 828-3000,Electronic Clinical Quality Measure,HH_ORAE,Hospital Harm - Opioid Related Adverse Events,Not Available,Not Available,5,01/01/2024,12/31/2024
310038,ROBERT WOOD JOHNSON UNIVERSITY HOSPITAL,ONE ROBERT WOOD JOHNSON PLACE,NEW BRUNSWICK,NJ,08901,MIDDLESEX,(732) 828-3000,Healthcare Personnel Vaccination,IMM_3,Healthcare workers given influenza vaccination,95,8741,,10/01/2024,03/31/2025
310038,ROBERT WOOD JOHNSON UNIVERSITY HOSPITAL,ONE ROBERT WOOD JOHNSON PLACE,NEW BRUNSWICK,NJ,08901,MIDDLESEX,(732) 828-3000,Emergency Department,OP_18a,"Average (median) time all patients spent in the emergency department before leaving from the visit, including psychiatric/mental health patients and patients who were transferred to another facility. A lower number of minutes is better",196,428,,07/01/2024,06/30/2025
310038,ROBERT WOOD JOHNSON UNIVERSITY HOSPITAL,ONE ROBERT WOOD JOHNSON PLACE,NEW BRUNSWICK,NJ,08901,MIDDLESEX,(732) 828-3000,Emergency Department,OP_18b,"Average (median) time patients spent in the emergency department before leaving from the visit, excluding patients transferred to another facility or psychiatric care/mental health patients. A lower number of minutes is better",197,404,,07/01/2024,06/30/2025
310038,ROBERT WOOD JOHNSON UNIVERSITY HOSPITAL,ONE ROBERT WOOD JOHNSON PLACE,NEW BRUNSWICK,NJ,08901,MIDDLESEX,(732) 828-3000,Emergency Department,OP_18c,Average (median) time psychiatric/mental health patients spent in the emergency department before leaving from the visit. A lower number of minutes is better,160,22,,07/01/2024,06/30/2025
310038,ROBERT WOOD JOHNSON UNIVERSITY HOSPITAL,ONE ROBERT WOOD JOHNSON PLACE,NEW BRUNSWICK,NJ,08901,MIDDLESEX,(732) 828-3000,Emergency Department,OP_18d,Average (median) time patients spent in the emergency department before being transferred to another facility. A lower number of minutes is better,Not Available,Not Available,1,07/01/2024,06/30/2025
310038,ROBERT WOOD JOHNSON UNIVERSITY HOSPITAL,ONE ROBERT WOOD JOHNSON PLACE,NEW BRUNSWICK,NJ,08901,MIDDLESEX,(732) 828-3000,Emergency Department,OP_22,Left before being seen,1,81126,,01/01/2024,12/31/2024
310038,ROBERT WOOD JOHNSON UNIVERSITY HOSPITAL,ONE ROBERT WOOD JOHNSON PLACE,NEW BRUNSWICK,NJ,08901,MIDDLESEX,(732) 828-3000,Emergency Department,OP_23,Head CT results,Not Available,Not Available,1,07/01/2024,06/30/2025
310038,ROBERT WOOD JOHNSON UNIVERSITY HOSPITAL,ONE ROBERT WOOD JOHNSON PLACE,NEW BRUNSWICK,NJ,08901,MIDDLESEX,(732) 828-3000,Colonoscopy care,OP_29,Endoscopy/polyp surveillance: appropriate follow-up interval for normal colonoscopy in average risk patients,88,121,,01/01/2024,12/31/2024
310038,ROBERT WOOD JOHNSON UNIVERSITY HOSPITAL,ONE ROBERT WOOD JOHNSON PLACE,NEW BRUNSWICK,NJ,08901,MIDDLESEX,(732) 828-3000,Cataract surgery outcome,OP_31,Improvement in Patient's Visual Function within 90 Days Following Cataract Surgery,Not Available,Not Available,5,01/01/2024,12/31/2024
310038,ROBERT WOOD JOHNSON UNIVERSITY HOSPITAL,ONE ROBERT WOOD JOHNSON PLACE,NEW BRUNSWICK,NJ,08901,MIDDLESEX,(732) 828-3000,Electronic Clinical Quality Measure,OP_40,ST-Segment Elevation Myocardial Infarction (STEMI),74,43,,01/01/2024,12/31/2024
310038,ROBERT WOOD JOHNSON UNIVERSITY HOSPITAL,ONE ROBERT WOOD JOHNSON PLACE,NEW BRUNSWICK,NJ,08901,MIDDLESEX,(732) 828-3000,Electronic Clinical Quality Measure,SAFE_USE_OF_OPIOIDS,Safe Use of Opioids - Concurrent Prescribing,17,6093,,01/01/2024,12/31/2024
310038,ROBERT WOOD JOHNSON UNIVERSITY HOSPITAL,ONE ROBERT WOOD JOHNSON PLACE,NEW BRUNSWICK,NJ,08901,MIDDLESEX,(732) 828-3000,Sepsis Care,SEP_1,Appropriate care for severe sepsis and septic shock,67,182,2,07/01/2024,06/30/2025
310038,ROBERT WOOD JOHNSON UNIVERSITY HOSPITAL,ONE ROBERT WOOD JOHNSON PLACE,NEW BRUNSWICK,NJ,08901,MIDDLESEX,(732) 828-3000,Sepsis Care,SEP_SH_3HR,Septic Shock 3-Hour Bundle,72,68,2,07/01/2024,06/30/2025
310038,ROBERT WOOD JOHNSON UNIVERSITY HOSPITAL,ONE ROBERT WOOD JOHNSON PLACE,NEW BRUNSWICK,NJ,08901,MIDDLESEX,(732) 828-3000,Sepsis Care,SEP_SH_6HR,Septic Shock 6-Hour Bundle,98,43,2,07/01/2024,06/30/2025
310038,ROBERT WOOD JOHNSON UNIVERSITY HOSPITAL,ONE ROBERT WOOD JOHNSON PLACE,NEW BRUNSWICK,NJ,08901,MIDDLESEX,(732) 828-3000,Sepsis Care,SEV_SEP_3HR,Severe Sepsis 3-Hour Bundle,81,182,2,07/01/2024,06/30/2025
310038,ROBERT WOOD JOHNSON UNIVERSITY HOSPITAL,ONE ROBERT WOOD JOHNSON PLACE,NEW BRUNSWICK,NJ,08901,MIDDLESEX,(732) 828-3000,Sepsis Care,SEV_SEP_6HR,Severe Sepsis 6-Hour Bundle,93,88,2,07/01/2024,06/30/2025
310038,ROBERT WOOD JOHNSON UNIVERSITY HOSPITAL,ONE ROBERT WOOD JOHNSON PLACE,NEW BRUNSWICK,NJ,08901,MIDDLESEX,(732) 828-3000,Electronic Clinical Quality Measure,STK_02,Discharged on Antithrombotic Therapy,95,1103,,01/01/2024,12/31/2024
310038,ROBERT WOOD JOHNSON UNIVERSITY HOSPITAL,ONE ROBERT WOOD JOHNSON PLACE,NEW BRUNSWICK,NJ,08901,MIDDLESEX,(732) 828-3000,Electronic Clinical Quality Measure,STK_03,Anticoagulation Therapy for Atrial Fibrillation/Flutter,Not Available,Not Available,5,01/01/2024,12/31/2024
310038,ROBERT WOOD JOHNSON UNIVERSITY HOSPITAL,ONE ROBERT WOOD JOHNSON PLACE,NEW BRUNSWICK,NJ,08901,MIDDLESEX,(732) 828-3000,Electronic Clinical Quality Measure,STK_05,Antithrombotic Therapy by End of Hospital Day 2,87,840,,01/01/2024,12/31/2024
310038,ROBERT WOOD JOHNSON UNIVERSITY HOSPITAL,ONE ROBERT WOOD JOHNSON PLACE,NEW BRUNSWICK,NJ,08901,MIDDLESEX,(732) 828-3000,Electronic Clinical Quality Measure,VTE_1,Venous Thromboembolism Prophylaxis,67,15720,,01/01/2024,12/31/2024
310038,ROBERT WOOD JOHNSON UNIVERSITY HOSPITAL,ONE ROBERT WOOD JOHNSON PLACE,NEW BRUNSWICK,NJ,08901,MIDDLESEX,(732) 828-3000,Electronic Clinical Quality Measure,VTE_2,Intensive Care Unit Venous Thromboembolism Prophylaxis,Not Available,Not Available,5,01/01/2024,12/31/2024
310039,RARITAN BAY MEDICAL CENTER,530 NEW BRUNSWICK AVE,PERTH AMBOY,NJ,08861,MIDDLESEX,(732) 324-5000,Emergency Department,EDV,Emergency department volume,high,,,01/01/2024,12/31/2024
310039,RARITAN BAY MEDICAL CENTER,530 NEW BRUNSWICK AVE,PERTH AMBOY,NJ,08861,MIDDLESEX,(732) 324-5000,Electronic Clinical Quality Measure,GMCS,Global Malnutrition Composite Score,Not Available,Not Available,5,01/01/2024,12/31/2024
310039,RARITAN BAY MEDICAL CENTER,530 NEW BRUNSWICK AVE,PERTH AMBOY,NJ,08861,MIDDLESEX,(732) 324-5000,Electronic Clinical Quality Measure,GMCS_Malnutrition_Diagnosis_Documented,Global Malnutrition Composite Score: Malnutrition Diagnosis Documented,Not Available,Not Available,5,01/01/2024,12/31/2024
310039,RARITAN BAY MEDICAL CENTER,530 NEW BRUNSWICK AVE,PERTH AMBOY,NJ,08861,MIDDLESEX,(732) 324-5000,Electronic Clinical Quality Measure,GMCS_Malnutrition_Screening,Global Malnutrition Composite Score: Malnutrition Risk Screening,Not Available,Not Available,5,01/01/2024,12/31/2024
310039,RARITAN BAY MEDICAL CENTER,530 NEW BRUNSWICK AVE,PERTH AMBOY,NJ,08861,MIDDLESEX,(732) 324-5000,Electronic Clinical Quality Measure,GMCS_Nutrition_Assessment,Global Malnutrition Composite Score: Nutrition Assessment,Not Available,Not Available,5,01/01/2024,12/31/2024
310039,RARITAN BAY MEDICAL CENTER,530 NEW BRUNSWICK AVE,PERTH AMBOY,NJ,08861,MIDDLESEX,(732) 324-5000,Electronic Clinical Quality Measure,GMCS_Nutritional_Care_Plan,Global Malnutrition Composite Score: Nutritional Care Plan,Not Available,Not Available,5,01/01/2024,12/31/2024
310039,RARITAN BAY MEDICAL CENTER,530 NEW BRUNSWICK AVE,PERTH AMBOY,NJ,08861,MIDDLESEX,(732) 324-5000,Electronic Clinical Quality Measure,HH_HYPER,Hospital Harm - Severe Hyperglycemia,Not Available,Not Available,5,01/01/2024,12/31/2024
310039,RARITAN BAY MEDICAL CENTER,530 NEW BRUNSWICK AVE,PERTH AMBOY,NJ,08861,MIDDLESEX,(732) 324-5000,Electronic Clinical Quality Measure,HH_HYPO,Hospital Harm - Severe Hypoglycemia,Not Available,Not Available,5,01/01/2024,12/31/2024
310039,RARITAN BAY MEDICAL CENTER,530 NEW BRUNSWICK AVE,PERTH AMBOY,NJ,08861,MIDDLESEX,(732) 324-5000,Electronic Clinical Quality Measure,HH_ORAE,Hospital Harm - Opioid Related Adverse Events,Not Available,Not Available,5,01/01/2024,12/31/2024
310039,RARITAN BAY MEDICAL CENTER,530 NEW BRUNSWICK AVE,PERTH AMBOY,NJ,08861,MIDDLESEX,(732) 324-5000,Healthcare Personnel Vaccination,IMM_3,Healthcare workers given influenza vaccination,90,4210,,10/01/2024,03/31/2025
310039,RARITAN BAY MEDICAL CENTER,530 NEW BRUNSWICK AVE,PERTH AMBOY,NJ,08861,MIDDLESEX,(732) 324-5000,Emergency Department,OP_18a,"Average (median) time all patients spent in the emergency department before leaving from the visit, including psychiatric/mental health patients and patients who were transferred to another facility. A lower number of minutes is better",183,393,,07/01/2024,06/30/2025
310039,RARITAN BAY MEDICAL CENTER,530 NEW BRUNSWICK AVE,PERTH AMBOY,NJ,08861,MIDDLESEX,(732) 324-5000,Emergency Department,OP_18b,"Average (median) time patients spent in the emergency department before leaving from the visit, excluding patients transferred to another facility or psychiatric care/mental health patients. A lower number of minutes is better",174,361,,07/01/2024,06/30/2025
310039,RARITAN BAY MEDICAL CENTER,530 NEW BRUNSWICK AVE,PERTH AMBOY,NJ,08861,MIDDLESEX,(732) 324-5000,Emergency Department,OP_18c,Average (median) time psychiatric/mental health patients spent in the emergency department before leaving from the visit. A lower number of minutes is better,312,20,,07/01/2024,06/30/2025
310039,RARITAN BAY MEDICAL CENTER,530 NEW BRUNSWICK AVE,PERTH AMBOY,NJ,08861,MIDDLESEX,(732) 324-5000,Emergency Department,OP_18d,Average (median) time patients spent in the emergency department before being transferred to another facility. A lower number of minutes is better,289,13,,07/01/2024,06/30/2025
310039,RARITAN BAY MEDICAL CENTER,530 NEW BRUNSWICK AVE,PERTH AMBOY,NJ,08861,MIDDLESEX,(732) 324-5000,Emergency Department,OP_22,Left before being seen,3,40931,,01/01/2024,12/31/2024
310039,RARITAN BAY MEDICAL CENTER,530 NEW BRUNSWICK AVE,PERTH AMBOY,NJ,08861,MIDDLESEX,(732) 324-5000,Emergency Department,OP_23,Head CT results,71,17,,07/01/2024,06/30/2025
310039,RARITAN BAY MEDICAL CENTER,530 NEW BRUNSWICK AVE,PERTH AMBOY,NJ,08861,MIDDLESEX,(732) 324-5000,Colonoscopy care,OP_29,Endoscopy/polyp surveillance: appropriate follow-up interval for normal colonoscopy in average risk patients,37,107,,01/01/2024,12/31/2024
310039,RARITAN BAY MEDICAL CENTER,530 NEW BRUNSWICK AVE,PERTH AMBOY,NJ,08861,MIDDLESEX,(732) 324-5000,Cataract surgery outcome,OP_31,Improvement in Patient's Visual Function within 90 Days Following Cataract Surgery,Not Available,Not Available,5,01/01/2024,12/31/2024
310039,RARITAN BAY MEDICAL CENTER,530 NEW BRUNSWICK AVE,PERTH AMBOY,NJ,08861,MIDDLESEX,(732) 324-5000,Electronic Clinical Quality Measure,OP_40,ST-Segment Elevation Myocardial Infarction (STEMI),Not Available,Not Available,1,01/01/2024,12/31/2024
310039,RARITAN BAY MEDICAL CENTER,530 NEW BRUNSWICK AVE,PERTH AMBOY,NJ,08861,MIDDLESEX,(732) 324-5000,Electronic Clinical Quality Measure,SAFE_USE_OF_OPIOIDS,Safe Use of Opioids - Concurrent Prescribing,13,2591,,01/01/2024,12/31/2024
310039,RARITAN BAY MEDICAL CENTER,530 NEW BRUNSWICK AVE,PERTH AMBOY,NJ,08861,MIDDLESEX,(732) 324-5000,Sepsis Care,SEP_1,Appropriate care for severe sepsis and septic shock,79,228,2,07/01/2024,06/30/2025
310039,RARITAN BAY MEDICAL CENTER,530 NEW BRUNSWICK AVE,PERTH AMBOY,NJ,08861,MIDDLESEX,(732) 324-5000,Sepsis Care,SEP_SH_3HR,Septic Shock 3-Hour Bundle,87,89,2,07/01/2024,06/30/2025
310039,RARITAN BAY MEDICAL CENTER,530 NEW BRUNSWICK AVE,PERTH AMBOY,NJ,08861,MIDDLESEX,(732) 324-5000,Sepsis Care,SEP_SH_6HR,Septic Shock 6-Hour Bundle,95,64,2,07/01/2024,06/30/2025
310039,RARITAN BAY MEDICAL CENTER,530 NEW BRUNSWICK AVE,PERTH AMBOY,NJ,08861,MIDDLESEX,(732) 324-5000,Sepsis Care,SEV_SEP_3HR,Severe Sepsis 3-Hour Bundle,88,231,2,07/01/2024,06/30/2025
310039,RARITAN BAY MEDICAL CENTER,530 NEW BRUNSWICK AVE,PERTH AMBOY,NJ,08861,MIDDLESEX,(732) 324-5000,Sepsis Care,SEV_SEP_6HR,Severe Sepsis 6-Hour Bundle,96,153,2,07/01/2024,06/30/2025
310039,RARITAN BAY MEDICAL CENTER,530 NEW BRUNSWICK AVE,PERTH AMBOY,NJ,08861,MIDDLESEX,(732) 324-5000,Electronic Clinical Quality Measure,STK_02,Discharged on Antithrombotic Therapy,98,141,,01/01/2024,12/31/2024
310039,RARITAN BAY MEDICAL CENTER,530 NEW BRUNSWICK AVE,PERTH AMBOY,NJ,08861,MIDDLESEX,(732) 324-5000,Electronic Clinical Quality Measure,STK_03,Anticoagulation Therapy for Atrial Fibrillation/Flutter,Not Available,Not Available,1,01/01/2024,12/31/2024
310039,RARITAN BAY MEDICAL CENTER,530 NEW BRUNSWICK AVE,PERTH AMBOY,NJ,08861,MIDDLESEX,(732) 324-5000,Electronic Clinical Quality Measure,STK_05,Antithrombotic Therapy by End of Hospital Day 2,92,140,,01/01/2024,12/31/2024
310039,RARITAN BAY MEDICAL CENTER,530 NEW BRUNSWICK AVE,PERTH AMBOY,NJ,08861,MIDDLESEX,(732) 324-5000,Electronic Clinical Quality Measure,VTE_1,Venous Thromboembolism Prophylaxis,Not Available,Not Available,5,01/01/2024,12/31/2024
310039,RARITAN BAY MEDICAL CENTER,530 NEW BRUNSWICK AVE,PERTH AMBOY,NJ,08861,MIDDLESEX,(732) 324-5000,Electronic Clinical Quality Measure,VTE_2,Intensive Care Unit Venous Thromboembolism Prophylaxis,Not Available,Not Available,5,01/01/2024,12/31/2024
310040,CAREPOINT HEALTH-HOBOKEN UNIVERSITY MEDICAL CENTER,308 WILLOW AVE,HOBOKEN,NJ,07030,HUDSON,(201) 418-1000,Emergency Department,EDV,Emergency department volume,medium,,,01/01/2024,12/31/2024
310040,CAREPOINT HEALTH-HOBOKEN UNIVERSITY MEDICAL CENTER,308 WILLOW AVE,HOBOKEN,NJ,07030,HUDSON,(201) 418-1000,Electronic Clinical Quality Measure,GMCS,Global Malnutrition Composite Score,Not Available,Not Available,5,01/01/2024,12/31/2024
310040,CAREPOINT HEALTH-HOBOKEN UNIVERSITY MEDICAL CENTER,308 WILLOW AVE,HOBOKEN,NJ,07030,HUDSON,(201) 418-1000,Electronic Clinical Quality Measure,GMCS_Malnutrition_Diagnosis_Documented,Global Malnutrition Composite Score: Malnutrition Diagnosis Documented,Not Available,Not Available,5,01/01/2024,12/31/2024
310040,CAREPOINT HEALTH-HOBOKEN UNIVERSITY MEDICAL CENTER,308 WILLOW AVE,HOBOKEN,NJ,07030,HUDSON,(201) 418-1000,Electronic Clinical Quality Measure,GMCS_Malnutrition_Screening,Global Malnutrition Composite Score: Malnutrition Risk Screening,Not Available,Not Available,5,01/01/2024,12/31/2024
310040,CAREPOINT HEALTH-HOBOKEN UNIVERSITY MEDICAL CENTER,308 WILLOW AVE,HOBOKEN,NJ,07030,HUDSON,(201) 418-1000,Electronic Clinical Quality Measure,GMCS_Nutrition_Assessment,Global Malnutrition Composite Score: Nutrition Assessment,Not Available,Not Available,5,01/01/2024,12/31/2024
310040,CAREPOINT HEALTH-HOBOKEN UNIVERSITY MEDICAL CENTER,308 WILLOW AVE,HOBOKEN,NJ,07030,HUDSON,(201) 418-1000,Electronic Clinical Quality Measure,GMCS_Nutritional_Care_Plan,Global Malnutrition Composite Score: Nutritional Care Plan,Not Available,Not Available,5,01/01/2024,12/31/2024
310040,CAREPOINT HEALTH-HOBOKEN UNIVERSITY MEDICAL CENTER,308 WILLOW AVE,HOBOKEN,NJ,07030,HUDSON,(201) 418-1000,Electronic Clinical Quality Measure,HH_HYPER,Hospital Harm - Severe Hyperglycemia,Not Available,Not Available,5,01/01/2024,12/31/2024
310040,CAREPOINT HEALTH-HOBOKEN UNIVERSITY MEDICAL CENTER,308 WILLOW AVE,HOBOKEN,NJ,07030,HUDSON,(201) 418-1000,Electronic Clinical Quality Measure,HH_HYPO,Hospital Harm - Severe Hypoglycemia,Not Available,Not Available,5,01/01/2024,12/31/2024
310040,CAREPOINT HEALTH-HOBOKEN UNIVERSITY MEDICAL CENTER,308 WILLOW AVE,HOBOKEN,NJ,07030,HUDSON,(201) 418-1000,Electronic Clinical Quality Measure,HH_ORAE,Hospital Harm - Opioid Related Adverse Events,Not Available,Not Available,5,01/01/2024,12/31/2024
310040,CAREPOINT HEALTH-HOBOKEN UNIVERSITY MEDICAL CENTER,308 WILLOW AVE,HOBOKEN,NJ,07030,HUDSON,(201) 418-1000,Healthcare Personnel Vaccination,IMM_3,Healthcare workers given influenza vaccination,92,830,,10/01/2024,03/31/2025
310040,CAREPOINT HEALTH-HOBOKEN UNIVERSITY MEDICAL CENTER,308 WILLOW AVE,HOBOKEN,NJ,07030,HUDSON,(201) 418-1000,Emergency Department,OP_18a,"Average (median) time all patients spent in the emergency department before leaving from the visit, including psychiatric/mental health patients and patients who were transferred to another facility. A lower number of minutes is better",211,410,,07/01/2024,06/30/2025
310040,CAREPOINT HEALTH-HOBOKEN UNIVERSITY MEDICAL CENTER,308 WILLOW AVE,HOBOKEN,NJ,07030,HUDSON,(201) 418-1000,Emergency Department,OP_18b,"Average (median) time patients spent in the emergency department before leaving from the visit, excluding patients transferred to another facility or psychiatric care/mental health patients. A lower number of minutes is better",207,343,,07/01/2024,06/30/2025
310040,CAREPOINT HEALTH-HOBOKEN UNIVERSITY MEDICAL CENTER,308 WILLOW AVE,HOBOKEN,NJ,07030,HUDSON,(201) 418-1000,Emergency Department,OP_18c,Average (median) time psychiatric/mental health patients spent in the emergency department before leaving from the visit. A lower number of minutes is better,235,59,,07/01/2024,06/30/2025
310040,CAREPOINT HEALTH-HOBOKEN UNIVERSITY MEDICAL CENTER,308 WILLOW AVE,HOBOKEN,NJ,07030,HUDSON,(201) 418-1000,Emergency Department,OP_18d,Average (median) time patients spent in the emergency department before being transferred to another facility. A lower number of minutes is better,Not Available,Not Available,1,07/01/2024,06/30/2025
310040,CAREPOINT HEALTH-HOBOKEN UNIVERSITY MEDICAL CENTER,308 WILLOW AVE,HOBOKEN,NJ,07030,HUDSON,(201) 418-1000,Emergency Department,OP_22,Left before being seen,3,36562,,01/01/2024,12/31/2024
310040,CAREPOINT HEALTH-HOBOKEN UNIVERSITY MEDICAL CENTER,308 WILLOW AVE,HOBOKEN,NJ,07030,HUDSON,(201) 418-1000,Emergency Department,OP_23,Head CT results,Not Available,Not Available,1,07/01/2024,06/30/2025
310040,CAREPOINT HEALTH-HOBOKEN UNIVERSITY MEDICAL CENTER,308 WILLOW AVE,HOBOKEN,NJ,07030,HUDSON,(201) 418-1000,Colonoscopy care,OP_29,Endoscopy/polyp surveillance: appropriate follow-up interval for normal colonoscopy in average risk patients,27,153,,01/01/2024,12/31/2024
310040,CAREPOINT HEALTH-HOBOKEN UNIVERSITY MEDICAL CENTER,308 WILLOW AVE,HOBOKEN,NJ,07030,HUDSON,(201) 418-1000,Cataract surgery outcome,OP_31,Improvement in Patient's Visual Function within 90 Days Following Cataract Surgery,Not Available,Not Available,5,01/01/2024,12/31/2024
310040,CAREPOINT HEALTH-HOBOKEN UNIVERSITY MEDICAL CENTER,308 WILLOW AVE,HOBOKEN,NJ,07030,HUDSON,(201) 418-1000,Electronic Clinical Quality Measure,OP_40,ST-Segment Elevation Myocardial Infarction (STEMI),Not Available,Not Available,1,01/01/2024,12/31/2024
310040,CAREPOINT HEALTH-HOBOKEN UNIVERSITY MEDICAL CENTER,308 WILLOW AVE,HOBOKEN,NJ,07030,HUDSON,(201) 418-1000,Electronic Clinical Quality Measure,SAFE_USE_OF_OPIOIDS,Safe Use of Opioids - Concurrent Prescribing,12,243,,01/01/2024,12/31/2024
310040,CAREPOINT HEALTH-HOBOKEN UNIVERSITY MEDICAL CENTER,308 WILLOW AVE,HOBOKEN,NJ,07030,HUDSON,(201) 418-1000,Sepsis Care,SEP_1,Appropriate care for severe sepsis and septic shock,82,44,2,07/01/2024,06/30/2025
310040,CAREPOINT HEALTH-HOBOKEN UNIVERSITY MEDICAL CENTER,308 WILLOW AVE,HOBOKEN,NJ,07030,HUDSON,(201) 418-1000,Sepsis Care,SEP_SH_3HR,Septic Shock 3-Hour Bundle,82,11,2,07/01/2024,06/30/2025
310040,CAREPOINT HEALTH-HOBOKEN UNIVERSITY MEDICAL CENTER,308 WILLOW AVE,HOBOKEN,NJ,07030,HUDSON,(201) 418-1000,Sepsis Care,SEP_SH_6HR,Septic Shock 6-Hour Bundle,Not Available,Not Available,"1, 2, 3",07/01/2024,06/30/2025
310040,CAREPOINT HEALTH-HOBOKEN UNIVERSITY MEDICAL CENTER,308 WILLOW AVE,HOBOKEN,NJ,07030,HUDSON,(201) 418-1000,Sepsis Care,SEV_SEP_3HR,Severe Sepsis 3-Hour Bundle,89,45,2,07/01/2024,06/30/2025
310040,CAREPOINT HEALTH-HOBOKEN UNIVERSITY MEDICAL CENTER,308 WILLOW AVE,HOBOKEN,NJ,07030,HUDSON,(201) 418-1000,Sepsis Care,SEV_SEP_6HR,Severe Sepsis 6-Hour Bundle,96,28,2,07/01/2024,06/30/2025
310040,CAREPOINT HEALTH-HOBOKEN UNIVERSITY MEDICAL CENTER,308 WILLOW AVE,HOBOKEN,NJ,07030,HUDSON,(201) 418-1000,Electronic Clinical Quality Measure,STK_02,Discharged on Antithrombotic Therapy,Not Available,Not Available,1,01/01/2024,12/31/2024
310040,CAREPOINT HEALTH-HOBOKEN UNIVERSITY MEDICAL CENTER,308 WILLOW AVE,HOBOKEN,NJ,07030,HUDSON,(201) 418-1000,Electronic Clinical Quality Measure,STK_03,Anticoagulation Therapy for Atrial Fibrillation/Flutter,Not Available,Not Available,1,01/01/2024,12/31/2024
310040,CAREPOINT HEALTH-HOBOKEN UNIVERSITY MEDICAL CENTER,308 WILLOW AVE,HOBOKEN,NJ,07030,HUDSON,(201) 418-1000,Electronic Clinical Quality Measure,STK_05,Antithrombotic Therapy by End of Hospital Day 2,Not Available,Not Available,1,01/01/2024,12/31/2024
310040,CAREPOINT HEALTH-HOBOKEN UNIVERSITY MEDICAL CENTER,308 WILLOW AVE,HOBOKEN,NJ,07030,HUDSON,(201) 418-1000,Electronic Clinical Quality Measure,VTE_1,Venous Thromboembolism Prophylaxis,Not Available,Not Available,5,01/01/2024,12/31/2024
310040,CAREPOINT HEALTH-HOBOKEN UNIVERSITY MEDICAL CENTER,308 WILLOW AVE,HOBOKEN,NJ,07030,HUDSON,(201) 418-1000,Electronic Clinical Quality Measure,VTE_2,Intensive Care Unit Venous Thromboembolism Prophylaxis,Not Available,Not Available,5,01/01/2024,12/31/2024
310041,COMMUNITY MEDICAL CENTER,99 RT 37 WEST,TOMS RIVER,NJ,08755,OCEAN,(732) 557-8000,Emergency Department,EDV,Emergency department volume,very high,,,01/01/2024,12/31/2024
310041,COMMUNITY MEDICAL CENTER,99 RT 37 WEST,TOMS RIVER,NJ,08755,OCEAN,(732) 557-8000,Electronic Clinical Quality Measure,GMCS,Global Malnutrition Composite Score,Not Available,Not Available,5,01/01/2024,12/31/2024
310041,COMMUNITY MEDICAL CENTER,99 RT 37 WEST,TOMS RIVER,NJ,08755,OCEAN,(732) 557-8000,Electronic Clinical Quality Measure,GMCS_Malnutrition_Diagnosis_Documented,Global Malnutrition Composite Score: Malnutrition Diagnosis Documented,Not Available,Not Available,5,01/01/2024,12/31/2024
310041,COMMUNITY MEDICAL CENTER,99 RT 37 WEST,TOMS RIVER,NJ,08755,OCEAN,(732) 557-8000,Electronic Clinical Quality Measure,GMCS_Malnutrition_Screening,Global Malnutrition Composite Score: Malnutrition Risk Screening,Not Available,Not Available,5,01/01/2024,12/31/2024
310041,COMMUNITY MEDICAL CENTER,99 RT 37 WEST,TOMS RIVER,NJ,08755,OCEAN,(732) 557-8000,Electronic Clinical Quality Measure,GMCS_Nutrition_Assessment,Global Malnutrition Composite Score: Nutrition Assessment,Not Available,Not Available,5,01/01/2024,12/31/2024
310041,COMMUNITY MEDICAL CENTER,99 RT 37 WEST,TOMS RIVER,NJ,08755,OCEAN,(732) 557-8000,Electronic Clinical Quality Measure,GMCS_Nutritional_Care_Plan,Global Malnutrition Composite Score: Nutritional Care Plan,Not Available,Not Available,5,01/01/2024,12/31/2024
310041,COMMUNITY MEDICAL CENTER,99 RT 37 WEST,TOMS RIVER,NJ,08755,OCEAN,(732) 557-8000,Electronic Clinical Quality Measure,HH_HYPER,Hospital Harm - Severe Hyperglycemia,Not Available,Not Available,5,01/01/2024,12/31/2024
310041,COMMUNITY MEDICAL CENTER,99 RT 37 WEST,TOMS RIVER,NJ,08755,OCEAN,(732) 557-8000,Electronic Clinical Quality Measure,HH_HYPO,Hospital Harm - Severe Hypoglycemia,Not Available,Not Available,5,01/01/2024,12/31/2024
310041,COMMUNITY MEDICAL CENTER,99 RT 37 WEST,TOMS RIVER,NJ,08755,OCEAN,(732) 557-8000,Electronic Clinical Quality Measure,HH_ORAE,Hospital Harm - Opioid Related Adverse Events,Not Available,Not Available,5,01/01/2024,12/31/2024
310041,COMMUNITY MEDICAL CENTER,99 RT 37 WEST,TOMS RIVER,NJ,08755,OCEAN,(732) 557-8000,Healthcare Personnel Vaccination,IMM_3,Healthcare workers given influenza vaccination,98,3509,,10/01/2024,03/31/2025
310041,COMMUNITY MEDICAL CENTER,99 RT 37 WEST,TOMS RIVER,NJ,08755,OCEAN,(732) 557-8000,Emergency Department,OP_18a,"Average (median) time all patients spent in the emergency department before leaving from the visit, including psychiatric/mental health patients and patients who were transferred to another facility. A lower number of minutes is better",180,425,,07/01/2024,06/30/2025
310041,COMMUNITY MEDICAL CENTER,99 RT 37 WEST,TOMS RIVER,NJ,08755,OCEAN,(732) 557-8000,Emergency Department,OP_18b,"Average (median) time patients spent in the emergency department before leaving from the visit, excluding patients transferred to another facility or psychiatric care/mental health patients. A lower number of minutes is better",182,385,,07/01/2024,06/30/2025
310041,COMMUNITY MEDICAL CENTER,99 RT 37 WEST,TOMS RIVER,NJ,08755,OCEAN,(732) 557-8000,Emergency Department,OP_18c,Average (median) time psychiatric/mental health patients spent in the emergency department before leaving from the visit. A lower number of minutes is better,124,36,,07/01/2024,06/30/2025
310041,COMMUNITY MEDICAL CENTER,99 RT 37 WEST,TOMS RIVER,NJ,08755,OCEAN,(732) 557-8000,Emergency Department,OP_18d,Average (median) time patients spent in the emergency department before being transferred to another facility. A lower number of minutes is better,Not Available,Not Available,1,07/01/2024,06/30/2025
310041,COMMUNITY MEDICAL CENTER,99 RT 37 WEST,TOMS RIVER,NJ,08755,OCEAN,(732) 557-8000,Emergency Department,OP_22,Left before being seen,0,77987,,01/01/2024,12/31/2024
310041,COMMUNITY MEDICAL CENTER,99 RT 37 WEST,TOMS RIVER,NJ,08755,OCEAN,(732) 557-8000,Emergency Department,OP_23,Head CT results,79,33,,07/01/2024,06/30/2025
310041,COMMUNITY MEDICAL CENTER,99 RT 37 WEST,TOMS RIVER,NJ,08755,OCEAN,(732) 557-8000,Colonoscopy care,OP_29,Endoscopy/polyp surveillance: appropriate follow-up interval for normal colonoscopy in average risk patients,59,22,,01/01/2024,12/31/2024
310041,COMMUNITY MEDICAL CENTER,99 RT 37 WEST,TOMS RIVER,NJ,08755,OCEAN,(732) 557-8000,Cataract surgery outcome,OP_31,Improvement in Patient's Visual Function within 90 Days Following Cataract Surgery,Not Available,Not Available,5,01/01/2024,12/31/2024
310041,COMMUNITY MEDICAL CENTER,99 RT 37 WEST,TOMS RIVER,NJ,08755,OCEAN,(732) 557-8000,Electronic Clinical Quality Measure,OP_40,ST-Segment Elevation Myocardial Infarction (STEMI),52,25,,01/01/2024,12/31/2024
310041,COMMUNITY MEDICAL CENTER,99 RT 37 WEST,TOMS RIVER,NJ,08755,OCEAN,(732) 557-8000,Electronic Clinical Quality Measure,SAFE_USE_OF_OPIOIDS,Safe Use of Opioids - Concurrent Prescribing,19,5187,,01/01/2024,12/31/2024
310041,COMMUNITY MEDICAL CENTER,99 RT 37 WEST,TOMS RIVER,NJ,08755,OCEAN,(732) 557-8000,Sepsis Care,SEP_1,Appropriate care for severe sepsis and septic shock,79,241,2,07/01/2024,06/30/2025
310041,COMMUNITY MEDICAL CENTER,99 RT 37 WEST,TOMS RIVER,NJ,08755,OCEAN,(732) 557-8000,Sepsis Care,SEP_SH_3HR,Septic Shock 3-Hour Bundle,89,117,2,07/01/2024,06/30/2025
310041,COMMUNITY MEDICAL CENTER,99 RT 37 WEST,TOMS RIVER,NJ,08755,OCEAN,(732) 557-8000,Sepsis Care,SEP_SH_6HR,Septic Shock 6-Hour Bundle,94,88,2,07/01/2024,06/30/2025
310041,COMMUNITY MEDICAL CENTER,99 RT 37 WEST,TOMS RIVER,NJ,08755,OCEAN,(732) 557-8000,Sepsis Care,SEV_SEP_3HR,Severe Sepsis 3-Hour Bundle,90,241,2,07/01/2024,06/30/2025
310041,COMMUNITY MEDICAL CENTER,99 RT 37 WEST,TOMS RIVER,NJ,08755,OCEAN,(732) 557-8000,Sepsis Care,SEV_SEP_6HR,Severe Sepsis 6-Hour Bundle,97,148,2,07/01/2024,06/30/2025
310041,COMMUNITY MEDICAL CENTER,99 RT 37 WEST,TOMS RIVER,NJ,08755,OCEAN,(732) 557-8000,Electronic Clinical Quality Measure,STK_02,Discharged on Antithrombotic Therapy,96,891,,01/01/2024,12/31/2024
310041,COMMUNITY MEDICAL CENTER,99 RT 37 WEST,TOMS RIVER,NJ,08755,OCEAN,(732) 557-8000,Electronic Clinical Quality Measure,STK_03,Anticoagulation Therapy for Atrial Fibrillation/Flutter,Not Available,Not Available,5,01/01/2024,12/31/2024
310041,COMMUNITY MEDICAL CENTER,99 RT 37 WEST,TOMS RIVER,NJ,08755,OCEAN,(732) 557-8000,Electronic Clinical Quality Measure,STK_05,Antithrombotic Therapy by End of Hospital Day 2,92,826,,01/01/2024,12/31/2024
310041,COMMUNITY MEDICAL CENTER,99 RT 37 WEST,TOMS RIVER,NJ,08755,OCEAN,(732) 557-8000,Electronic Clinical Quality Measure,VTE_1,Venous Thromboembolism Prophylaxis,55,14509,,01/01/2024,12/31/2024
310041,COMMUNITY MEDICAL CENTER,99 RT 37 WEST,TOMS RIVER,NJ,08755,OCEAN,(732) 557-8000,Electronic Clinical Quality Measure,VTE_2,Intensive Care Unit Venous Thromboembolism Prophylaxis,Not Available,Not Available,5,01/01/2024,12/31/2024
310044,CAPITAL HEALTH MEDICAL CENTER - HOPEWELL,ONE CAPITAL WAY,PENNINGTON,NJ,08534,MERCER,(609) 303-4000,Emergency Department,EDV,Emergency department volume,very high,,,01/01/2024,12/31/2024
310044,CAPITAL HEALTH MEDICAL CENTER - HOPEWELL,ONE CAPITAL WAY,PENNINGTON,NJ,08534,MERCER,(609) 303-4000,Electronic Clinical Quality Measure,GMCS,Global Malnutrition Composite Score,Not Available,Not Available,5,01/01/2024,12/31/2024
310044,CAPITAL HEALTH MEDICAL CENTER - HOPEWELL,ONE CAPITAL WAY,PENNINGTON,NJ,08534,MERCER,(609) 303-4000,Electronic Clinical Quality Measure,GMCS_Malnutrition_Diagnosis_Documented,Global Malnutrition Composite Score: Malnutrition Diagnosis Documented,Not Available,Not Available,5,01/01/2024,12/31/2024
310044,CAPITAL HEALTH MEDICAL CENTER - HOPEWELL,ONE CAPITAL WAY,PENNINGTON,NJ,08534,MERCER,(609) 303-4000,Electronic Clinical Quality Measure,GMCS_Malnutrition_Screening,Global Malnutrition Composite Score: Malnutrition Risk Screening,Not Available,Not Available,5,01/01/2024,12/31/2024
310044,CAPITAL HEALTH MEDICAL CENTER - HOPEWELL,ONE CAPITAL WAY,PENNINGTON,NJ,08534,MERCER,(609) 303-4000,Electronic Clinical Quality Measure,GMCS_Nutrition_Assessment,Global Malnutrition Composite Score: Nutrition Assessment,Not Available,Not Available,5,01/01/2024,12/31/2024
310044,CAPITAL HEALTH MEDICAL CENTER - HOPEWELL,ONE CAPITAL WAY,PENNINGTON,NJ,08534,MERCER,(609) 303-4000,Electronic Clinical Quality Measure,GMCS_Nutritional_Care_Plan,Global Malnutrition Composite Score: Nutritional Care Plan,Not Available,Not Available,5,01/01/2024,12/31/2024
310044,CAPITAL HEALTH MEDICAL CENTER - HOPEWELL,ONE CAPITAL WAY,PENNINGTON,NJ,08534,MERCER,(609) 303-4000,Electronic Clinical Quality Measure,HH_HYPER,Hospital Harm - Severe Hyperglycemia,Not Available,Not Available,5,01/01/2024,12/31/2024
310044,CAPITAL HEALTH MEDICAL CENTER - HOPEWELL,ONE CAPITAL WAY,PENNINGTON,NJ,08534,MERCER,(609) 303-4000,Electronic Clinical Quality Measure,HH_HYPO,Hospital Harm - Severe Hypoglycemia,Not Available,Not Available,5,01/01/2024,12/31/2024
310044,CAPITAL HEALTH MEDICAL CENTER - HOPEWELL,ONE CAPITAL WAY,PENNINGTON,NJ,08534,MERCER,(609) 303-4000,Electronic Clinical Quality Measure,HH_ORAE,Hospital Harm - Opioid Related Adverse Events,Not Available,Not Available,5,01/01/2024,12/31/2024
310044,CAPITAL HEALTH MEDICAL CENTER - HOPEWELL,ONE CAPITAL WAY,PENNINGTON,NJ,08534,MERCER,(609) 303-4000,Healthcare Personnel Vaccination,IMM_3,Healthcare workers given influenza vaccination,97,3576,,10/01/2024,03/31/2025
310044,CAPITAL HEALTH MEDICAL CENTER - HOPEWELL,ONE CAPITAL WAY,PENNINGTON,NJ,08534,MERCER,(609) 303-4000,Emergency Department,OP_18a,"Average (median) time all patients spent in the emergency department before leaving from the visit, including psychiatric/mental health patients and patients who were transferred to another facility. A lower number of minutes is better",216,403,,07/01/2024,06/30/2025
310044,CAPITAL HEALTH MEDICAL CENTER - HOPEWELL,ONE CAPITAL WAY,PENNINGTON,NJ,08534,MERCER,(609) 303-4000,Emergency Department,OP_18b,"Average (median) time patients spent in the emergency department before leaving from the visit, excluding patients transferred to another facility or psychiatric care/mental health patients. A lower number of minutes is better",206,365,,07/01/2024,06/30/2025
310044,CAPITAL HEALTH MEDICAL CENTER - HOPEWELL,ONE CAPITAL WAY,PENNINGTON,NJ,08534,MERCER,(609) 303-4000,Emergency Department,OP_18c,Average (median) time psychiatric/mental health patients spent in the emergency department before leaving from the visit. A lower number of minutes is better,454,11,,07/01/2024,06/30/2025
310044,CAPITAL HEALTH MEDICAL CENTER - HOPEWELL,ONE CAPITAL WAY,PENNINGTON,NJ,08534,MERCER,(609) 303-4000,Emergency Department,OP_18d,Average (median) time patients spent in the emergency department before being transferred to another facility. A lower number of minutes is better,415,28,,07/01/2024,06/30/2025
310044,CAPITAL HEALTH MEDICAL CENTER - HOPEWELL,ONE CAPITAL WAY,PENNINGTON,NJ,08534,MERCER,(609) 303-4000,Emergency Department,OP_22,Left before being seen,2,79259,,01/01/2024,12/31/2024
310044,CAPITAL HEALTH MEDICAL CENTER - HOPEWELL,ONE CAPITAL WAY,PENNINGTON,NJ,08534,MERCER,(609) 303-4000,Emergency Department,OP_23,Head CT results,Not Available,Not Available,1,07/01/2024,06/30/2025
310044,CAPITAL HEALTH MEDICAL CENTER - HOPEWELL,ONE CAPITAL WAY,PENNINGTON,NJ,08534,MERCER,(609) 303-4000,Colonoscopy care,OP_29,Endoscopy/polyp surveillance: appropriate follow-up interval for normal colonoscopy in average risk patients,100,436,,01/01/2024,12/31/2024
310044,CAPITAL HEALTH MEDICAL CENTER - HOPEWELL,ONE CAPITAL WAY,PENNINGTON,NJ,08534,MERCER,(609) 303-4000,Cataract surgery outcome,OP_31,Improvement in Patient's Visual Function within 90 Days Following Cataract Surgery,Not Available,Not Available,5,01/01/2024,12/31/2024
310044,CAPITAL HEALTH MEDICAL CENTER - HOPEWELL,ONE CAPITAL WAY,PENNINGTON,NJ,08534,MERCER,(609) 303-4000,Electronic Clinical Quality Measure,OP_40,ST-Segment Elevation Myocardial Infarction (STEMI),Not Available,Not Available,1,01/01/2024,12/31/2024
310044,CAPITAL HEALTH MEDICAL CENTER - HOPEWELL,ONE CAPITAL WAY,PENNINGTON,NJ,08534,MERCER,(609) 303-4000,Electronic Clinical Quality Measure,SAFE_USE_OF_OPIOIDS,Safe Use of Opioids - Concurrent Prescribing,10,2356,,01/01/2024,12/31/2024
310044,CAPITAL HEALTH MEDICAL CENTER - HOPEWELL,ONE CAPITAL WAY,PENNINGTON,NJ,08534,MERCER,(609) 303-4000,Sepsis Care,SEP_1,Appropriate care for severe sepsis and septic shock,73,117,2,07/01/2024,06/30/2025
310044,CAPITAL HEALTH MEDICAL CENTER - HOPEWELL,ONE CAPITAL WAY,PENNINGTON,NJ,08534,MERCER,(609) 303-4000,Sepsis Care,SEP_SH_3HR,Septic Shock 3-Hour Bundle,72,36,2,07/01/2024,06/30/2025
310044,CAPITAL HEALTH MEDICAL CENTER - HOPEWELL,ONE CAPITAL WAY,PENNINGTON,NJ,08534,MERCER,(609) 303-4000,Sepsis Care,SEP_SH_6HR,Septic Shock 6-Hour Bundle,95,19,2,07/01/2024,06/30/2025
310044,CAPITAL HEALTH MEDICAL CENTER - HOPEWELL,ONE CAPITAL WAY,PENNINGTON,NJ,08534,MERCER,(609) 303-4000,Sepsis Care,SEV_SEP_3HR,Severe Sepsis 3-Hour Bundle,86,117,2,07/01/2024,06/30/2025
310044,CAPITAL HEALTH MEDICAL CENTER - HOPEWELL,ONE CAPITAL WAY,PENNINGTON,NJ,08534,MERCER,(609) 303-4000,Sepsis Care,SEV_SEP_6HR,Severe Sepsis 6-Hour Bundle,95,63,2,07/01/2024,06/30/2025
310044,CAPITAL HEALTH MEDICAL CENTER - HOPEWELL,ONE CAPITAL WAY,PENNINGTON,NJ,08534,MERCER,(609) 303-4000,Electronic Clinical Quality Measure,STK_02,Discharged on Antithrombotic Therapy,97,101,,01/01/2024,12/31/2024
310044,CAPITAL HEALTH MEDICAL CENTER - HOPEWELL,ONE CAPITAL WAY,PENNINGTON,NJ,08534,MERCER,(609) 303-4000,Electronic Clinical Quality Measure,STK_03,Anticoagulation Therapy for Atrial Fibrillation/Flutter,Not Available,Not Available,5,01/01/2024,12/31/2024
310044,CAPITAL HEALTH MEDICAL CENTER - HOPEWELL,ONE CAPITAL WAY,PENNINGTON,NJ,08534,MERCER,(609) 303-4000,Electronic Clinical Quality Measure,STK_05,Antithrombotic Therapy by End of Hospital Day 2,Not Available,Not Available,5,01/01/2024,12/31/2024
310044,CAPITAL HEALTH MEDICAL CENTER - HOPEWELL,ONE CAPITAL WAY,PENNINGTON,NJ,08534,MERCER,(609) 303-4000,Electronic Clinical Quality Measure,VTE_1,Venous Thromboembolism Prophylaxis,83,5161,,01/01/2024,12/31/2024
310044,CAPITAL HEALTH MEDICAL CENTER - HOPEWELL,ONE CAPITAL WAY,PENNINGTON,NJ,08534,MERCER,(609) 303-4000,Electronic Clinical Quality Measure,VTE_2,Intensive Care Unit Venous Thromboembolism Prophylaxis,98,1181,,01/01/2024,12/31/2024
310045,ENGLEWOOD HOSPITAL AND MEDICAL CENTER,350 ENGLE ST,ENGLEWOOD,NJ,07631,BERGEN,(201) 894-3000,Emergency Department,EDV,Emergency department volume,very high,,,01/01/2024,12/31/2024
310045,ENGLEWOOD HOSPITAL AND MEDICAL CENTER,350 ENGLE ST,ENGLEWOOD,NJ,07631,BERGEN,(201) 894-3000,Electronic Clinical Quality Measure,GMCS,Global Malnutrition Composite Score,Not Available,Not Available,5,01/01/2024,12/31/2024
310045,ENGLEWOOD HOSPITAL AND MEDICAL CENTER,350 ENGLE ST,ENGLEWOOD,NJ,07631,BERGEN,(201) 894-3000,Electronic Clinical Quality Measure,GMCS_Malnutrition_Diagnosis_Documented,Global Malnutrition Composite Score: Malnutrition Diagnosis Documented,Not Available,Not Available,5,01/01/2024,12/31/2024
310045,ENGLEWOOD HOSPITAL AND MEDICAL CENTER,350 ENGLE ST,ENGLEWOOD,NJ,07631,BERGEN,(201) 894-3000,Electronic Clinical Quality Measure,GMCS_Malnutrition_Screening,Global Malnutrition Composite Score: Malnutrition Risk Screening,Not Available,Not Available,5,01/01/2024,12/31/2024
310045,ENGLEWOOD HOSPITAL AND MEDICAL CENTER,350 ENGLE ST,ENGLEWOOD,NJ,07631,BERGEN,(201) 894-3000,Electronic Clinical Quality Measure,GMCS_Nutrition_Assessment,Global Malnutrition Composite Score: Nutrition Assessment,Not Available,Not Available,5,01/01/2024,12/31/2024
310045,ENGLEWOOD HOSPITAL AND MEDICAL CENTER,350 ENGLE ST,ENGLEWOOD,NJ,07631,BERGEN,(201) 894-3000,Electronic Clinical Quality Measure,GMCS_Nutritional_Care_Plan,Global Malnutrition Composite Score: Nutritional Care Plan,Not Available,Not Available,5,01/01/2024,12/31/2024
310045,ENGLEWOOD HOSPITAL AND MEDICAL CENTER,350 ENGLE ST,ENGLEWOOD,NJ,07631,BERGEN,(201) 894-3000,Electronic Clinical Quality Measure,HH_HYPER,Hospital Harm - Severe Hyperglycemia,Not Available,Not Available,5,01/01/2024,12/31/2024
310045,ENGLEWOOD HOSPITAL AND MEDICAL CENTER,350 ENGLE ST,ENGLEWOOD,NJ,07631,BERGEN,(201) 894-3000,Electronic Clinical Quality Measure,HH_HYPO,Hospital Harm - Severe Hypoglycemia,Not Available,Not Available,5,01/01/2024,12/31/2024
310045,ENGLEWOOD HOSPITAL AND MEDICAL CENTER,350 ENGLE ST,ENGLEWOOD,NJ,07631,BERGEN,(201) 894-3000,Electronic Clinical Quality Measure,HH_ORAE,Hospital Harm - Opioid Related Adverse Events,Not Available,Not Available,5,01/01/2024,12/31/2024
310045,ENGLEWOOD HOSPITAL AND MEDICAL CENTER,350 ENGLE ST,ENGLEWOOD,NJ,07631,BERGEN,(201) 894-3000,Healthcare Personnel Vaccination,IMM_3,Healthcare workers given influenza vaccination,97,5973,,10/01/2024,03/31/2025
310045,ENGLEWOOD HOSPITAL AND MEDICAL CENTER,350 ENGLE ST,ENGLEWOOD,NJ,07631,BERGEN,(201) 894-3000,Emergency Department,OP_18a,"Average (median) time all patients spent in the emergency department before leaving from the visit, including psychiatric/mental health patients and patients who were transferred to another facility. A lower number of minutes is better",186,442,,07/01/2024,06/30/2025
310045,ENGLEWOOD HOSPITAL AND MEDICAL CENTER,350 ENGLE ST,ENGLEWOOD,NJ,07631,BERGEN,(201) 894-3000,Emergency Department,OP_18b,"Average (median) time patients spent in the emergency department before leaving from the visit, excluding patients transferred to another facility or psychiatric care/mental health patients. A lower number of minutes is better",182,420,,07/01/2024,06/30/2025
310045,ENGLEWOOD HOSPITAL AND MEDICAL CENTER,350 ENGLE ST,ENGLEWOOD,NJ,07631,BERGEN,(201) 894-3000,Emergency Department,OP_18c,Average (median) time psychiatric/mental health patients spent in the emergency department before leaving from the visit. A lower number of minutes is better,221,21,,07/01/2024,06/30/2025
310045,ENGLEWOOD HOSPITAL AND MEDICAL CENTER,350 ENGLE ST,ENGLEWOOD,NJ,07631,BERGEN,(201) 894-3000,Emergency Department,OP_18d,Average (median) time patients spent in the emergency department before being transferred to another facility. A lower number of minutes is better,Not Available,Not Available,1,07/01/2024,06/30/2025
310045,ENGLEWOOD HOSPITAL AND MEDICAL CENTER,350 ENGLE ST,ENGLEWOOD,NJ,07631,BERGEN,(201) 894-3000,Emergency Department,OP_22,Left before being seen,1,60189,,01/01/2024,12/31/2024
310045,ENGLEWOOD HOSPITAL AND MEDICAL CENTER,350 ENGLE ST,ENGLEWOOD,NJ,07631,BERGEN,(201) 894-3000,Emergency Department,OP_23,Head CT results,Not Available,Not Available,1,07/01/2024,06/30/2025
310045,ENGLEWOOD HOSPITAL AND MEDICAL CENTER,350 ENGLE ST,ENGLEWOOD,NJ,07631,BERGEN,(201) 894-3000,Colonoscopy care,OP_29,Endoscopy/polyp surveillance: appropriate follow-up interval for normal colonoscopy in average risk patients,76,109,,01/01/2024,12/31/2024
310045,ENGLEWOOD HOSPITAL AND MEDICAL CENTER,350 ENGLE ST,ENGLEWOOD,NJ,07631,BERGEN,(201) 894-3000,Cataract surgery outcome,OP_31,Improvement in Patient's Visual Function within 90 Days Following Cataract Surgery,Not Available,Not Available,5,01/01/2024,12/31/2024
310045,ENGLEWOOD HOSPITAL AND MEDICAL CENTER,350 ENGLE ST,ENGLEWOOD,NJ,07631,BERGEN,(201) 894-3000,Electronic Clinical Quality Measure,OP_40,ST-Segment Elevation Myocardial Infarction (STEMI),59,27,,01/01/2024,12/31/2024
310045,ENGLEWOOD HOSPITAL AND MEDICAL CENTER,350 ENGLE ST,ENGLEWOOD,NJ,07631,BERGEN,(201) 894-3000,Electronic Clinical Quality Measure,SAFE_USE_OF_OPIOIDS,Safe Use of Opioids - Concurrent Prescribing,14,3134,,01/01/2024,12/31/2024
310045,ENGLEWOOD HOSPITAL AND MEDICAL CENTER,350 ENGLE ST,ENGLEWOOD,NJ,07631,BERGEN,(201) 894-3000,Sepsis Care,SEP_1,Appropriate care for severe sepsis and septic shock,79,130,2,07/01/2024,06/30/2025
310045,ENGLEWOOD HOSPITAL AND MEDICAL CENTER,350 ENGLE ST,ENGLEWOOD,NJ,07631,BERGEN,(201) 894-3000,Sepsis Care,SEP_SH_3HR,Septic Shock 3-Hour Bundle,87,45,2,07/01/2024,06/30/2025
310045,ENGLEWOOD HOSPITAL AND MEDICAL CENTER,350 ENGLE ST,ENGLEWOOD,NJ,07631,BERGEN,(201) 894-3000,Sepsis Care,SEP_SH_6HR,Septic Shock 6-Hour Bundle,91,33,2,07/01/2024,06/30/2025
310045,ENGLEWOOD HOSPITAL AND MEDICAL CENTER,350 ENGLE ST,ENGLEWOOD,NJ,07631,BERGEN,(201) 894-3000,Sepsis Care,SEV_SEP_3HR,Severe Sepsis 3-Hour Bundle,92,130,2,07/01/2024,06/30/2025
310045,ENGLEWOOD HOSPITAL AND MEDICAL CENTER,350 ENGLE ST,ENGLEWOOD,NJ,07631,BERGEN,(201) 894-3000,Sepsis Care,SEV_SEP_6HR,Severe Sepsis 6-Hour Bundle,93,92,2,07/01/2024,06/30/2025
310045,ENGLEWOOD HOSPITAL AND MEDICAL CENTER,350 ENGLE ST,ENGLEWOOD,NJ,07631,BERGEN,(201) 894-3000,Electronic Clinical Quality Measure,STK_02,Discharged on Antithrombotic Therapy,98,179,,01/01/2024,12/31/2024
310045,ENGLEWOOD HOSPITAL AND MEDICAL CENTER,350 ENGLE ST,ENGLEWOOD,NJ,07631,BERGEN,(201) 894-3000,Electronic Clinical Quality Measure,STK_03,Anticoagulation Therapy for Atrial Fibrillation/Flutter,Not Available,Not Available,5,01/01/2024,12/31/2024
310045,ENGLEWOOD HOSPITAL AND MEDICAL CENTER,350 ENGLE ST,ENGLEWOOD,NJ,07631,BERGEN,(201) 894-3000,Electronic Clinical Quality Measure,STK_05,Antithrombotic Therapy by End of Hospital Day 2,Not Available,Not Available,5,01/01/2024,12/31/2024
310045,ENGLEWOOD HOSPITAL AND MEDICAL CENTER,350 ENGLE ST,ENGLEWOOD,NJ,07631,BERGEN,(201) 894-3000,Electronic Clinical Quality Measure,VTE_1,Venous Thromboembolism Prophylaxis,98,8038,,01/01/2024,12/31/2024
310045,ENGLEWOOD HOSPITAL AND MEDICAL CENTER,350 ENGLE ST,ENGLEWOOD,NJ,07631,BERGEN,(201) 894-3000,Electronic Clinical Quality Measure,VTE_2,Intensive Care Unit Venous Thromboembolism Prophylaxis,100,1203,,01/01/2024,12/31/2024
310047,SHORE MEDICAL CENTER,100 MEDICAL CENTER WAY,SOMERS POINT,NJ,08244,ATLANTIC,(609) 653-3500,Emergency Department,EDV,Emergency department volume,high,,,01/01/2024,12/31/2024
310047,SHORE MEDICAL CENTER,100 MEDICAL CENTER WAY,SOMERS POINT,NJ,08244,ATLANTIC,(609) 653-3500,Electronic Clinical Quality Measure,GMCS,Global Malnutrition Composite Score,Not Available,Not Available,5,01/01/2024,12/31/2024
310047,SHORE MEDICAL CENTER,100 MEDICAL CENTER WAY,SOMERS POINT,NJ,08244,ATLANTIC,(609) 653-3500,Electronic Clinical Quality Measure,GMCS_Malnutrition_Diagnosis_Documented,Global Malnutrition Composite Score: Malnutrition Diagnosis Documented,Not Available,Not Available,5,01/01/2024,12/31/2024
310047,SHORE MEDICAL CENTER,100 MEDICAL CENTER WAY,SOMERS POINT,NJ,08244,ATLANTIC,(609) 653-3500,Electronic Clinical Quality Measure,GMCS_Malnutrition_Screening,Global Malnutrition Composite Score: Malnutrition Risk Screening,Not Available,Not Available,5,01/01/2024,12/31/2024
310047,SHORE MEDICAL CENTER,100 MEDICAL CENTER WAY,SOMERS POINT,NJ,08244,ATLANTIC,(609) 653-3500,Electronic Clinical Quality Measure,GMCS_Nutrition_Assessment,Global Malnutrition Composite Score: Nutrition Assessment,Not Available,Not Available,5,01/01/2024,12/31/2024
310047,SHORE MEDICAL CENTER,100 MEDICAL CENTER WAY,SOMERS POINT,NJ,08244,ATLANTIC,(609) 653-3500,Electronic Clinical Quality Measure,GMCS_Nutritional_Care_Plan,Global Malnutrition Composite Score: Nutritional Care Plan,Not Available,Not Available,5,01/01/2024,12/31/2024
310047,SHORE MEDICAL CENTER,100 MEDICAL CENTER WAY,SOMERS POINT,NJ,08244,ATLANTIC,(609) 653-3500,Electronic Clinical Quality Measure,HH_HYPER,Hospital Harm - Severe Hyperglycemia,Not Available,Not Available,5,01/01/2024,12/31/2024
310047,SHORE MEDICAL CENTER,100 MEDICAL CENTER WAY,SOMERS POINT,NJ,08244,ATLANTIC,(609) 653-3500,Electronic Clinical Quality Measure,HH_HYPO,Hospital Harm - Severe Hypoglycemia,Not Available,Not Available,5,01/01/2024,12/31/2024
310047,SHORE MEDICAL CENTER,100 MEDICAL CENTER WAY,SOMERS POINT,NJ,08244,ATLANTIC,(609) 653-3500,Electronic Clinical Quality Measure,HH_ORAE,Hospital Harm - Opioid Related Adverse Events,Not Available,Not Available,5,01/01/2024,12/31/2024
310047,SHORE MEDICAL CENTER,100 MEDICAL CENTER WAY,SOMERS POINT,NJ,08244,ATLANTIC,(609) 653-3500,Healthcare Personnel Vaccination,IMM_3,Healthcare workers given influenza vaccination,90,1646,,10/01/2024,03/31/2025
310047,SHORE MEDICAL CENTER,100 MEDICAL CENTER WAY,SOMERS POINT,NJ,08244,ATLANTIC,(609) 653-3500,Emergency Department,OP_18a,"Average (median) time all patients spent in the emergency department before leaving from the visit, including psychiatric/mental health patients and patients who were transferred to another facility. A lower number of minutes is better",155,375,,07/01/2024,06/30/2025
310047,SHORE MEDICAL CENTER,100 MEDICAL CENTER WAY,SOMERS POINT,NJ,08244,ATLANTIC,(609) 653-3500,Emergency Department,OP_18b,"Average (median) time patients spent in the emergency department before leaving from the visit, excluding patients transferred to another facility or psychiatric care/mental health patients. A lower number of minutes is better",152,354,,07/01/2024,06/30/2025
310047,SHORE MEDICAL CENTER,100 MEDICAL CENTER WAY,SOMERS POINT,NJ,08244,ATLANTIC,(609) 653-3500,Emergency Department,OP_18c,Average (median) time psychiatric/mental health patients spent in the emergency department before leaving from the visit. A lower number of minutes is better,252,15,,07/01/2024,06/30/2025
310047,SHORE MEDICAL CENTER,100 MEDICAL CENTER WAY,SOMERS POINT,NJ,08244,ATLANTIC,(609) 653-3500,Emergency Department,OP_18d,Average (median) time patients spent in the emergency department before being transferred to another facility. A lower number of minutes is better,Not Available,Not Available,1,07/01/2024,06/30/2025
310047,SHORE MEDICAL CENTER,100 MEDICAL CENTER WAY,SOMERS POINT,NJ,08244,ATLANTIC,(609) 653-3500,Emergency Department,OP_22,Left before being seen,1,48008,,01/01/2024,12/31/2024
310047,SHORE MEDICAL CENTER,100 MEDICAL CENTER WAY,SOMERS POINT,NJ,08244,ATLANTIC,(609) 653-3500,Emergency Department,OP_23,Head CT results,71,17,,07/01/2024,06/30/2025
310047,SHORE MEDICAL CENTER,100 MEDICAL CENTER WAY,SOMERS POINT,NJ,08244,ATLANTIC,(609) 653-3500,Colonoscopy care,OP_29,Endoscopy/polyp surveillance: appropriate follow-up interval for normal colonoscopy in average risk patients,81,59,,01/01/2024,12/31/2024
310047,SHORE MEDICAL CENTER,100 MEDICAL CENTER WAY,SOMERS POINT,NJ,08244,ATLANTIC,(609) 653-3500,Cataract surgery outcome,OP_31,Improvement in Patient's Visual Function within 90 Days Following Cataract Surgery,Not Available,Not Available,5,01/01/2024,12/31/2024
310047,SHORE MEDICAL CENTER,100 MEDICAL CENTER WAY,SOMERS POINT,NJ,08244,ATLANTIC,(609) 653-3500,Electronic Clinical Quality Measure,OP_40,ST-Segment Elevation Myocardial Infarction (STEMI),Not Available,Not Available,5,01/01/2024,12/31/2024
310047,SHORE MEDICAL CENTER,100 MEDICAL CENTER WAY,SOMERS POINT,NJ,08244,ATLANTIC,(609) 653-3500,Electronic Clinical Quality Measure,SAFE_USE_OF_OPIOIDS,Safe Use of Opioids - Concurrent Prescribing,15,1832,,01/01/2024,12/31/2024
310047,SHORE MEDICAL CENTER,100 MEDICAL CENTER WAY,SOMERS POINT,NJ,08244,ATLANTIC,(609) 653-3500,Sepsis Care,SEP_1,Appropriate care for severe sepsis and septic shock,70,188,2,07/01/2024,06/30/2025
310047,SHORE MEDICAL CENTER,100 MEDICAL CENTER WAY,SOMERS POINT,NJ,08244,ATLANTIC,(609) 653-3500,Sepsis Care,SEP_SH_3HR,Septic Shock 3-Hour Bundle,81,70,2,07/01/2024,06/30/2025
310047,SHORE MEDICAL CENTER,100 MEDICAL CENTER WAY,SOMERS POINT,NJ,08244,ATLANTIC,(609) 653-3500,Sepsis Care,SEP_SH_6HR,Septic Shock 6-Hour Bundle,92,52,2,07/01/2024,06/30/2025
310047,SHORE MEDICAL CENTER,100 MEDICAL CENTER WAY,SOMERS POINT,NJ,08244,ATLANTIC,(609) 653-3500,Sepsis Care,SEV_SEP_3HR,Severe Sepsis 3-Hour Bundle,85,188,2,07/01/2024,06/30/2025
310047,SHORE MEDICAL CENTER,100 MEDICAL CENTER WAY,SOMERS POINT,NJ,08244,ATLANTIC,(609) 653-3500,Sepsis Care,SEV_SEP_6HR,Severe Sepsis 6-Hour Bundle,96,124,2,07/01/2024,06/30/2025
310047,SHORE MEDICAL CENTER,100 MEDICAL CENTER WAY,SOMERS POINT,NJ,08244,ATLANTIC,(609) 653-3500,Electronic Clinical Quality Measure,STK_02,Discharged on Antithrombotic Therapy,97,78,,01/01/2024,12/31/2024
310047,SHORE MEDICAL CENTER,100 MEDICAL CENTER WAY,SOMERS POINT,NJ,08244,ATLANTIC,(609) 653-3500,Electronic Clinical Quality Measure,STK_03,Anticoagulation Therapy for Atrial Fibrillation/Flutter,Not Available,Not Available,1,01/01/2024,12/31/2024
310047,SHORE MEDICAL CENTER,100 MEDICAL CENTER WAY,SOMERS POINT,NJ,08244,ATLANTIC,(609) 653-3500,Electronic Clinical Quality Measure,STK_05,Antithrombotic Therapy by End of Hospital Day 2,98,82,,01/01/2024,12/31/2024
310047,SHORE MEDICAL CENTER,100 MEDICAL CENTER WAY,SOMERS POINT,NJ,08244,ATLANTIC,(609) 653-3500,Electronic Clinical Quality Measure,VTE_1,Venous Thromboembolism Prophylaxis,Not Available,Not Available,5,01/01/2024,12/31/2024
310047,SHORE MEDICAL CENTER,100 MEDICAL CENTER WAY,SOMERS POINT,NJ,08244,ATLANTIC,(609) 653-3500,Electronic Clinical Quality Measure,VTE_2,Intensive Care Unit Venous Thromboembolism Prophylaxis,Not Available,Not Available,5,01/01/2024,12/31/2024
310048,ROBERT WOOD JOHNSON UNIVERSITY HOSPITAL - SOMERSET,110 REHILL AVE,SOMERVILLE,NJ,08876,SOMERSET,(908) 685-2200,Emergency Department,EDV,Emergency department volume,high,,,01/01/2024,12/31/2024
310048,ROBERT WOOD JOHNSON UNIVERSITY HOSPITAL - SOMERSET,110 REHILL AVE,SOMERVILLE,NJ,08876,SOMERSET,(908) 685-2200,Electronic Clinical Quality Measure,GMCS,Global Malnutrition Composite Score,Not Available,Not Available,5,01/01/2024,12/31/2024
310048,ROBERT WOOD JOHNSON UNIVERSITY HOSPITAL - SOMERSET,110 REHILL AVE,SOMERVILLE,NJ,08876,SOMERSET,(908) 685-2200,Electronic Clinical Quality Measure,GMCS_Malnutrition_Diagnosis_Documented,Global Malnutrition Composite Score: Malnutrition Diagnosis Documented,Not Available,Not Available,5,01/01/2024,12/31/2024
310048,ROBERT WOOD JOHNSON UNIVERSITY HOSPITAL - SOMERSET,110 REHILL AVE,SOMERVILLE,NJ,08876,SOMERSET,(908) 685-2200,Electronic Clinical Quality Measure,GMCS_Malnutrition_Screening,Global Malnutrition Composite Score: Malnutrition Risk Screening,Not Available,Not Available,5,01/01/2024,12/31/2024
310048,ROBERT WOOD JOHNSON UNIVERSITY HOSPITAL - SOMERSET,110 REHILL AVE,SOMERVILLE,NJ,08876,SOMERSET,(908) 685-2200,Electronic Clinical Quality Measure,GMCS_Nutrition_Assessment,Global Malnutrition Composite Score: Nutrition Assessment,Not Available,Not Available,5,01/01/2024,12/31/2024
310048,ROBERT WOOD JOHNSON UNIVERSITY HOSPITAL - SOMERSET,110 REHILL AVE,SOMERVILLE,NJ,08876,SOMERSET,(908) 685-2200,Electronic Clinical Quality Measure,GMCS_Nutritional_Care_Plan,Global Malnutrition Composite Score: Nutritional Care Plan,Not Available,Not Available,5,01/01/2024,12/31/2024
310048,ROBERT WOOD JOHNSON UNIVERSITY HOSPITAL - SOMERSET,110 REHILL AVE,SOMERVILLE,NJ,08876,SOMERSET,(908) 685-2200,Electronic Clinical Quality Measure,HH_HYPER,Hospital Harm - Severe Hyperglycemia,Not Available,Not Available,5,01/01/2024,12/31/2024
310048,ROBERT WOOD JOHNSON UNIVERSITY HOSPITAL - SOMERSET,110 REHILL AVE,SOMERVILLE,NJ,08876,SOMERSET,(908) 685-2200,Electronic Clinical Quality Measure,HH_HYPO,Hospital Harm - Severe Hypoglycemia,Not Available,Not Available,5,01/01/2024,12/31/2024
310048,ROBERT WOOD JOHNSON UNIVERSITY HOSPITAL - SOMERSET,110 REHILL AVE,SOMERVILLE,NJ,08876,SOMERSET,(908) 685-2200,Electronic Clinical Quality Measure,HH_ORAE,Hospital Harm - Opioid Related Adverse Events,Not Available,Not Available,5,01/01/2024,12/31/2024
310048,ROBERT WOOD JOHNSON UNIVERSITY HOSPITAL - SOMERSET,110 REHILL AVE,SOMERVILLE,NJ,08876,SOMERSET,(908) 685-2200,Healthcare Personnel Vaccination,IMM_3,Healthcare workers given influenza vaccination,93,2858,,10/01/2024,03/31/2025
310048,ROBERT WOOD JOHNSON UNIVERSITY HOSPITAL - SOMERSET,110 REHILL AVE,SOMERVILLE,NJ,08876,SOMERSET,(908) 685-2200,Emergency Department,OP_18a,"Average (median) time all patients spent in the emergency department before leaving from the visit, including psychiatric/mental health patients and patients who were transferred to another facility. A lower number of minutes is better",186,426,,07/01/2024,06/30/2025
310048,ROBERT WOOD JOHNSON UNIVERSITY HOSPITAL - SOMERSET,110 REHILL AVE,SOMERVILLE,NJ,08876,SOMERSET,(908) 685-2200,Emergency Department,OP_18b,"Average (median) time patients spent in the emergency department before leaving from the visit, excluding patients transferred to another facility or psychiatric care/mental health patients. A lower number of minutes is better",184,386,,07/01/2024,06/30/2025
310048,ROBERT WOOD JOHNSON UNIVERSITY HOSPITAL - SOMERSET,110 REHILL AVE,SOMERVILLE,NJ,08876,SOMERSET,(908) 685-2200,Emergency Department,OP_18c,Average (median) time psychiatric/mental health patients spent in the emergency department before leaving from the visit. A lower number of minutes is better,383,31,,07/01/2024,06/30/2025
310048,ROBERT WOOD JOHNSON UNIVERSITY HOSPITAL - SOMERSET,110 REHILL AVE,SOMERVILLE,NJ,08876,SOMERSET,(908) 685-2200,Emergency Department,OP_18d,Average (median) time patients spent in the emergency department before being transferred to another facility. A lower number of minutes is better,Not Available,Not Available,1,07/01/2024,06/30/2025
310048,ROBERT WOOD JOHNSON UNIVERSITY HOSPITAL - SOMERSET,110 REHILL AVE,SOMERVILLE,NJ,08876,SOMERSET,(908) 685-2200,Emergency Department,OP_22,Left before being seen,1,51852,,01/01/2024,12/31/2024
310048,ROBERT WOOD JOHNSON UNIVERSITY HOSPITAL - SOMERSET,110 REHILL AVE,SOMERVILLE,NJ,08876,SOMERSET,(908) 685-2200,Emergency Department,OP_23,Head CT results,73,11,,07/01/2024,06/30/2025
310048,ROBERT WOOD JOHNSON UNIVERSITY HOSPITAL - SOMERSET,110 REHILL AVE,SOMERVILLE,NJ,08876,SOMERSET,(908) 685-2200,Colonoscopy care,OP_29,Endoscopy/polyp surveillance: appropriate follow-up interval for normal colonoscopy in average risk patients,96,47,,01/01/2024,12/31/2024
310048,ROBERT WOOD JOHNSON UNIVERSITY HOSPITAL - SOMERSET,110 REHILL AVE,SOMERVILLE,NJ,08876,SOMERSET,(908) 685-2200,Cataract surgery outcome,OP_31,Improvement in Patient's Visual Function within 90 Days Following Cataract Surgery,Not Available,Not Available,5,01/01/2024,12/31/2024
310048,ROBERT WOOD JOHNSON UNIVERSITY HOSPITAL - SOMERSET,110 REHILL AVE,SOMERVILLE,NJ,08876,SOMERSET,(908) 685-2200,Electronic Clinical Quality Measure,OP_40,ST-Segment Elevation Myocardial Infarction (STEMI),Not Available,Not Available,1,01/01/2024,12/31/2024
310048,ROBERT WOOD JOHNSON UNIVERSITY HOSPITAL - SOMERSET,110 REHILL AVE,SOMERVILLE,NJ,08876,SOMERSET,(908) 685-2200,Electronic Clinical Quality Measure,SAFE_USE_OF_OPIOIDS,Safe Use of Opioids - Concurrent Prescribing,15,2260,,01/01/2024,12/31/2024
310048,ROBERT WOOD JOHNSON UNIVERSITY HOSPITAL - SOMERSET,110 REHILL AVE,SOMERVILLE,NJ,08876,SOMERSET,(908) 685-2200,Sepsis Care,SEP_1,Appropriate care for severe sepsis and septic shock,82,168,2,07/01/2024,06/30/2025
310048,ROBERT WOOD JOHNSON UNIVERSITY HOSPITAL - SOMERSET,110 REHILL AVE,SOMERVILLE,NJ,08876,SOMERSET,(908) 685-2200,Sepsis Care,SEP_SH_3HR,Septic Shock 3-Hour Bundle,81,74,2,07/01/2024,06/30/2025
310048,ROBERT WOOD JOHNSON UNIVERSITY HOSPITAL - SOMERSET,110 REHILL AVE,SOMERVILLE,NJ,08876,SOMERSET,(908) 685-2200,Sepsis Care,SEP_SH_6HR,Septic Shock 6-Hour Bundle,93,45,2,07/01/2024,06/30/2025
310048,ROBERT WOOD JOHNSON UNIVERSITY HOSPITAL - SOMERSET,110 REHILL AVE,SOMERVILLE,NJ,08876,SOMERSET,(908) 685-2200,Sepsis Care,SEV_SEP_3HR,Severe Sepsis 3-Hour Bundle,92,169,2,07/01/2024,06/30/2025
310048,ROBERT WOOD JOHNSON UNIVERSITY HOSPITAL - SOMERSET,110 REHILL AVE,SOMERVILLE,NJ,08876,SOMERSET,(908) 685-2200,Sepsis Care,SEV_SEP_6HR,Severe Sepsis 6-Hour Bundle,100,104,2,07/01/2024,06/30/2025
310048,ROBERT WOOD JOHNSON UNIVERSITY HOSPITAL - SOMERSET,110 REHILL AVE,SOMERVILLE,NJ,08876,SOMERSET,(908) 685-2200,Electronic Clinical Quality Measure,STK_02,Discharged on Antithrombotic Therapy,99,357,,01/01/2024,12/31/2024
310048,ROBERT WOOD JOHNSON UNIVERSITY HOSPITAL - SOMERSET,110 REHILL AVE,SOMERVILLE,NJ,08876,SOMERSET,(908) 685-2200,Electronic Clinical Quality Measure,STK_03,Anticoagulation Therapy for Atrial Fibrillation/Flutter,Not Available,Not Available,5,01/01/2024,12/31/2024
310048,ROBERT WOOD JOHNSON UNIVERSITY HOSPITAL - SOMERSET,110 REHILL AVE,SOMERVILLE,NJ,08876,SOMERSET,(908) 685-2200,Electronic Clinical Quality Measure,STK_05,Antithrombotic Therapy by End of Hospital Day 2,93,333,,01/01/2024,12/31/2024
310048,ROBERT WOOD JOHNSON UNIVERSITY HOSPITAL - SOMERSET,110 REHILL AVE,SOMERVILLE,NJ,08876,SOMERSET,(908) 685-2200,Electronic Clinical Quality Measure,VTE_1,Venous Thromboembolism Prophylaxis,69,7235,,01/01/2024,12/31/2024
310048,ROBERT WOOD JOHNSON UNIVERSITY HOSPITAL - SOMERSET,110 REHILL AVE,SOMERVILLE,NJ,08876,SOMERSET,(908) 685-2200,Electronic Clinical Quality Measure,VTE_2,Intensive Care Unit Venous Thromboembolism Prophylaxis,Not Available,Not Available,5,01/01/2024,12/31/2024
310050,SAINT CLARE'S HOSPITAL/ DENVILLE CAMPUS,25 POCONO ROAD,DENVILLE,NJ,07834,MORRIS,(973) 983-5569,Emergency Department,EDV,Emergency department volume,high,,,01/01/2024,12/31/2024
310050,SAINT CLARE'S HOSPITAL/ DENVILLE CAMPUS,25 POCONO ROAD,DENVILLE,NJ,07834,MORRIS,(973) 983-5569,Electronic Clinical Quality Measure,GMCS,Global Malnutrition Composite Score,Not Available,Not Available,5,01/01/2024,12/31/2024
310050,SAINT CLARE'S HOSPITAL/ DENVILLE CAMPUS,25 POCONO ROAD,DENVILLE,NJ,07834,MORRIS,(973) 983-5569,Electronic Clinical Quality Measure,GMCS_Malnutrition_Diagnosis_Documented,Global Malnutrition Composite Score: Malnutrition Diagnosis Documented,Not Available,Not Available,5,01/01/2024,12/31/2024
310050,SAINT CLARE'S HOSPITAL/ DENVILLE CAMPUS,25 POCONO ROAD,DENVILLE,NJ,07834,MORRIS,(973) 983-5569,Electronic Clinical Quality Measure,GMCS_Malnutrition_Screening,Global Malnutrition Composite Score: Malnutrition Risk Screening,Not Available,Not Available,5,01/01/2024,12/31/2024
310050,SAINT CLARE'S HOSPITAL/ DENVILLE CAMPUS,25 POCONO ROAD,DENVILLE,NJ,07834,MORRIS,(973) 983-5569,Electronic Clinical Quality Measure,GMCS_Nutrition_Assessment,Global Malnutrition Composite Score: Nutrition Assessment,Not Available,Not Available,5,01/01/2024,12/31/2024
310050,SAINT CLARE'S HOSPITAL/ DENVILLE CAMPUS,25 POCONO ROAD,DENVILLE,NJ,07834,MORRIS,(973) 983-5569,Electronic Clinical Quality Measure,GMCS_Nutritional_Care_Plan,Global Malnutrition Composite Score: Nutritional Care Plan,Not Available,Not Available,5,01/01/2024,12/31/2024
310050,SAINT CLARE'S HOSPITAL/ DENVILLE CAMPUS,25 POCONO ROAD,DENVILLE,NJ,07834,MORRIS,(973) 983-5569,Electronic Clinical Quality Measure,HH_HYPER,Hospital Harm - Severe Hyperglycemia,10,11065,,01/01/2024,12/31/2024
310050,SAINT CLARE'S HOSPITAL/ DENVILLE CAMPUS,25 POCONO ROAD,DENVILLE,NJ,07834,MORRIS,(973) 983-5569,Electronic Clinical Quality Measure,HH_HYPO,Hospital Harm - Severe Hypoglycemia,0,2200,,01/01/2024,12/31/2024
310050,SAINT CLARE'S HOSPITAL/ DENVILLE CAMPUS,25 POCONO ROAD,DENVILLE,NJ,07834,MORRIS,(973) 983-5569,Electronic Clinical Quality Measure,HH_ORAE,Hospital Harm - Opioid Related Adverse Events,Not Available,Not Available,5,01/01/2024,12/31/2024
310050,SAINT CLARE'S HOSPITAL/ DENVILLE CAMPUS,25 POCONO ROAD,DENVILLE,NJ,07834,MORRIS,(973) 983-5569,Healthcare Personnel Vaccination,IMM_3,Healthcare workers given influenza vaccination,94,2704,,10/01/2024,03/31/2025
310050,SAINT CLARE'S HOSPITAL/ DENVILLE CAMPUS,25 POCONO ROAD,DENVILLE,NJ,07834,MORRIS,(973) 983-5569,Emergency Department,OP_18a,"Average (median) time all patients spent in the emergency department before leaving from the visit, including psychiatric/mental health patients and patients who were transferred to another facility. A lower number of minutes is better",175,447,,07/01/2024,06/30/2025
310050,SAINT CLARE'S HOSPITAL/ DENVILLE CAMPUS,25 POCONO ROAD,DENVILLE,NJ,07834,MORRIS,(973) 983-5569,Emergency Department,OP_18b,"Average (median) time patients spent in the emergency department before leaving from the visit, excluding patients transferred to another facility or psychiatric care/mental health patients. A lower number of minutes is better",164,400,,07/01/2024,06/30/2025
310050,SAINT CLARE'S HOSPITAL/ DENVILLE CAMPUS,25 POCONO ROAD,DENVILLE,NJ,07834,MORRIS,(973) 983-5569,Emergency Department,OP_18c,Average (median) time psychiatric/mental health patients spent in the emergency department before leaving from the visit. A lower number of minutes is better,612,45,,07/01/2024,06/30/2025
310050,SAINT CLARE'S HOSPITAL/ DENVILLE CAMPUS,25 POCONO ROAD,DENVILLE,NJ,07834,MORRIS,(973) 983-5569,Emergency Department,OP_18d,Average (median) time patients spent in the emergency department before being transferred to another facility. A lower number of minutes is better,Not Available,Not Available,1,07/01/2024,06/30/2025
310050,SAINT CLARE'S HOSPITAL/ DENVILLE CAMPUS,25 POCONO ROAD,DENVILLE,NJ,07834,MORRIS,(973) 983-5569,Emergency Department,OP_22,Left before being seen,1,45179,,01/01/2024,12/31/2024
310050,SAINT CLARE'S HOSPITAL/ DENVILLE CAMPUS,25 POCONO ROAD,DENVILLE,NJ,07834,MORRIS,(973) 983-5569,Emergency Department,OP_23,Head CT results,Not Available,Not Available,"1, 3",07/01/2024,06/30/2025
310050,SAINT CLARE'S HOSPITAL/ DENVILLE CAMPUS,25 POCONO ROAD,DENVILLE,NJ,07834,MORRIS,(973) 983-5569,Colonoscopy care,OP_29,Endoscopy/polyp surveillance: appropriate follow-up interval for normal colonoscopy in average risk patients,91,67,,01/01/2024,12/31/2024
310050,SAINT CLARE'S HOSPITAL/ DENVILLE CAMPUS,25 POCONO ROAD,DENVILLE,NJ,07834,MORRIS,(973) 983-5569,Cataract surgery outcome,OP_31,Improvement in Patient's Visual Function within 90 Days Following Cataract Surgery,Not Available,Not Available,5,01/01/2024,12/31/2024
310050,SAINT CLARE'S HOSPITAL/ DENVILLE CAMPUS,25 POCONO ROAD,DENVILLE,NJ,07834,MORRIS,(973) 983-5569,Electronic Clinical Quality Measure,OP_40,ST-Segment Elevation Myocardial Infarction (STEMI),Not Available,Not Available,1,01/01/2024,12/31/2024
310050,SAINT CLARE'S HOSPITAL/ DENVILLE CAMPUS,25 POCONO ROAD,DENVILLE,NJ,07834,MORRIS,(973) 983-5569,Electronic Clinical Quality Measure,SAFE_USE_OF_OPIOIDS,Safe Use of Opioids - Concurrent Prescribing,9,1933,,01/01/2024,12/31/2024
310050,SAINT CLARE'S HOSPITAL/ DENVILLE CAMPUS,25 POCONO ROAD,DENVILLE,NJ,07834,MORRIS,(973) 983-5569,Sepsis Care,SEP_1,Appropriate care for severe sepsis and septic shock,68,110,2,07/01/2024,06/30/2025
310050,SAINT CLARE'S HOSPITAL/ DENVILLE CAMPUS,25 POCONO ROAD,DENVILLE,NJ,07834,MORRIS,(973) 983-5569,Sepsis Care,SEP_SH_3HR,Septic Shock 3-Hour Bundle,72,43,2,07/01/2024,06/30/2025
310050,SAINT CLARE'S HOSPITAL/ DENVILLE CAMPUS,25 POCONO ROAD,DENVILLE,NJ,07834,MORRIS,(973) 983-5569,Sepsis Care,SEP_SH_6HR,Septic Shock 6-Hour Bundle,93,27,2,07/01/2024,06/30/2025
310050,SAINT CLARE'S HOSPITAL/ DENVILLE CAMPUS,25 POCONO ROAD,DENVILLE,NJ,07834,MORRIS,(973) 983-5569,Sepsis Care,SEV_SEP_3HR,Severe Sepsis 3-Hour Bundle,85,111,2,07/01/2024,06/30/2025
310050,SAINT CLARE'S HOSPITAL/ DENVILLE CAMPUS,25 POCONO ROAD,DENVILLE,NJ,07834,MORRIS,(973) 983-5569,Sepsis Care,SEV_SEP_6HR,Severe Sepsis 6-Hour Bundle,95,63,2,07/01/2024,06/30/2025
310050,SAINT CLARE'S HOSPITAL/ DENVILLE CAMPUS,25 POCONO ROAD,DENVILLE,NJ,07834,MORRIS,(973) 983-5569,Electronic Clinical Quality Measure,STK_02,Discharged on Antithrombotic Therapy,95,135,,01/01/2024,12/31/2024
310050,SAINT CLARE'S HOSPITAL/ DENVILLE CAMPUS,25 POCONO ROAD,DENVILLE,NJ,07834,MORRIS,(973) 983-5569,Electronic Clinical Quality Measure,STK_03,Anticoagulation Therapy for Atrial Fibrillation/Flutter,Not Available,Not Available,5,01/01/2024,12/31/2024
310050,SAINT CLARE'S HOSPITAL/ DENVILLE CAMPUS,25 POCONO ROAD,DENVILLE,NJ,07834,MORRIS,(973) 983-5569,Electronic Clinical Quality Measure,STK_05,Antithrombotic Therapy by End of Hospital Day 2,Not Available,Not Available,5,01/01/2024,12/31/2024
310050,SAINT CLARE'S HOSPITAL/ DENVILLE CAMPUS,25 POCONO ROAD,DENVILLE,NJ,07834,MORRIS,(973) 983-5569,Electronic Clinical Quality Measure,VTE_1,Venous Thromboembolism Prophylaxis,Not Available,Not Available,5,01/01/2024,12/31/2024
310050,SAINT CLARE'S HOSPITAL/ DENVILLE CAMPUS,25 POCONO ROAD,DENVILLE,NJ,07834,MORRIS,(973) 983-5569,Electronic Clinical Quality Measure,VTE_2,Intensive Care Unit Venous Thromboembolism Prophylaxis,Not Available,Not Available,5,01/01/2024,12/31/2024
310051,OVERLOOK MEDICAL CENTER,99 BEAUVOIR AVENUE,SUMMIT,NJ,07901,UNION,(908) 522-2000,Emergency Department,EDV,Emergency department volume,very high,,,01/01/2024,12/31/2024
310051,OVERLOOK MEDICAL CENTER,99 BEAUVOIR AVENUE,SUMMIT,NJ,07901,UNION,(908) 522-2000,Electronic Clinical Quality Measure,GMCS,Global Malnutrition Composite Score,Not Available,Not Available,5,01/01/2024,12/31/2024
310051,OVERLOOK MEDICAL CENTER,99 BEAUVOIR AVENUE,SUMMIT,NJ,07901,UNION,(908) 522-2000,Electronic Clinical Quality Measure,GMCS_Malnutrition_Diagnosis_Documented,Global Malnutrition Composite Score: Malnutrition Diagnosis Documented,Not Available,Not Available,5,01/01/2024,12/31/2024
310051,OVERLOOK MEDICAL CENTER,99 BEAUVOIR AVENUE,SUMMIT,NJ,07901,UNION,(908) 522-2000,Electronic Clinical Quality Measure,GMCS_Malnutrition_Screening,Global Malnutrition Composite Score: Malnutrition Risk Screening,Not Available,Not Available,5,01/01/2024,12/31/2024
310051,OVERLOOK MEDICAL CENTER,99 BEAUVOIR AVENUE,SUMMIT,NJ,07901,UNION,(908) 522-2000,Electronic Clinical Quality Measure,GMCS_Nutrition_Assessment,Global Malnutrition Composite Score: Nutrition Assessment,Not Available,Not Available,5,01/01/2024,12/31/2024
310051,OVERLOOK MEDICAL CENTER,99 BEAUVOIR AVENUE,SUMMIT,NJ,07901,UNION,(908) 522-2000,Electronic Clinical Quality Measure,GMCS_Nutritional_Care_Plan,Global Malnutrition Composite Score: Nutritional Care Plan,Not Available,Not Available,5,01/01/2024,12/31/2024
310051,OVERLOOK MEDICAL CENTER,99 BEAUVOIR AVENUE,SUMMIT,NJ,07901,UNION,(908) 522-2000,Electronic Clinical Quality Measure,HH_HYPER,Hospital Harm - Severe Hyperglycemia,Not Available,Not Available,5,01/01/2024,12/31/2024
310051,OVERLOOK MEDICAL CENTER,99 BEAUVOIR AVENUE,SUMMIT,NJ,07901,UNION,(908) 522-2000,Electronic Clinical Quality Measure,HH_HYPO,Hospital Harm - Severe Hypoglycemia,Not Available,Not Available,5,01/01/2024,12/31/2024
310051,OVERLOOK MEDICAL CENTER,99 BEAUVOIR AVENUE,SUMMIT,NJ,07901,UNION,(908) 522-2000,Electronic Clinical Quality Measure,HH_ORAE,Hospital Harm - Opioid Related Adverse Events,Not Available,Not Available,5,01/01/2024,12/31/2024
310051,OVERLOOK MEDICAL CENTER,99 BEAUVOIR AVENUE,SUMMIT,NJ,07901,UNION,(908) 522-2000,Healthcare Personnel Vaccination,IMM_3,Healthcare workers given influenza vaccination,95,5724,,10/01/2024,03/31/2025
310051,OVERLOOK MEDICAL CENTER,99 BEAUVOIR AVENUE,SUMMIT,NJ,07901,UNION,(908) 522-2000,Emergency Department,OP_18a,"Average (median) time all patients spent in the emergency department before leaving from the visit, including psychiatric/mental health patients and patients who were transferred to another facility. A lower number of minutes is better",195,401,,07/01/2024,06/30/2025
310051,OVERLOOK MEDICAL CENTER,99 BEAUVOIR AVENUE,SUMMIT,NJ,07901,UNION,(908) 522-2000,Emergency Department,OP_18b,"Average (median) time patients spent in the emergency department before leaving from the visit, excluding patients transferred to another facility or psychiatric care/mental health patients. A lower number of minutes is better",192,386,,07/01/2024,06/30/2025
310051,OVERLOOK MEDICAL CENTER,99 BEAUVOIR AVENUE,SUMMIT,NJ,07901,UNION,(908) 522-2000,Emergency Department,OP_18c,Average (median) time psychiatric/mental health patients spent in the emergency department before leaving from the visit. A lower number of minutes is better,302,14,,07/01/2024,06/30/2025
310051,OVERLOOK MEDICAL CENTER,99 BEAUVOIR AVENUE,SUMMIT,NJ,07901,UNION,(908) 522-2000,Emergency Department,OP_18d,Average (median) time patients spent in the emergency department before being transferred to another facility. A lower number of minutes is better,Not Available,Not Available,1,07/01/2024,06/30/2025
310051,OVERLOOK MEDICAL CENTER,99 BEAUVOIR AVENUE,SUMMIT,NJ,07901,UNION,(908) 522-2000,Emergency Department,OP_22,Left before being seen,1,108737,,01/01/2024,12/31/2024
310051,OVERLOOK MEDICAL CENTER,99 BEAUVOIR AVENUE,SUMMIT,NJ,07901,UNION,(908) 522-2000,Emergency Department,OP_23,Head CT results,Not Available,Not Available,1,07/01/2024,06/30/2025
310051,OVERLOOK MEDICAL CENTER,99 BEAUVOIR AVENUE,SUMMIT,NJ,07901,UNION,(908) 522-2000,Colonoscopy care,OP_29,Endoscopy/polyp surveillance: appropriate follow-up interval for normal colonoscopy in average risk patients,100,444,,01/01/2024,12/31/2024
310051,OVERLOOK MEDICAL CENTER,99 BEAUVOIR AVENUE,SUMMIT,NJ,07901,UNION,(908) 522-2000,Cataract surgery outcome,OP_31,Improvement in Patient's Visual Function within 90 Days Following Cataract Surgery,Not Available,Not Available,5,01/01/2024,12/31/2024
310051,OVERLOOK MEDICAL CENTER,99 BEAUVOIR AVENUE,SUMMIT,NJ,07901,UNION,(908) 522-2000,Electronic Clinical Quality Measure,OP_40,ST-Segment Elevation Myocardial Infarction (STEMI),Not Available,Not Available,5,01/01/2024,12/31/2024
310051,OVERLOOK MEDICAL CENTER,99 BEAUVOIR AVENUE,SUMMIT,NJ,07901,UNION,(908) 522-2000,Electronic Clinical Quality Measure,SAFE_USE_OF_OPIOIDS,Safe Use of Opioids - Concurrent Prescribing,17,3154,,01/01/2024,12/31/2024
310051,OVERLOOK MEDICAL CENTER,99 BEAUVOIR AVENUE,SUMMIT,NJ,07901,UNION,(908) 522-2000,Sepsis Care,SEP_1,Appropriate care for severe sepsis and septic shock,59,152,2,07/01/2024,06/30/2025
310051,OVERLOOK MEDICAL CENTER,99 BEAUVOIR AVENUE,SUMMIT,NJ,07901,UNION,(908) 522-2000,Sepsis Care,SEP_SH_3HR,Septic Shock 3-Hour Bundle,87,61,2,07/01/2024,06/30/2025
310051,OVERLOOK MEDICAL CENTER,99 BEAUVOIR AVENUE,SUMMIT,NJ,07901,UNION,(908) 522-2000,Sepsis Care,SEP_SH_6HR,Septic Shock 6-Hour Bundle,93,42,2,07/01/2024,06/30/2025
310051,OVERLOOK MEDICAL CENTER,99 BEAUVOIR AVENUE,SUMMIT,NJ,07901,UNION,(908) 522-2000,Sepsis Care,SEV_SEP_3HR,Severe Sepsis 3-Hour Bundle,76,153,2,07/01/2024,06/30/2025
310051,OVERLOOK MEDICAL CENTER,99 BEAUVOIR AVENUE,SUMMIT,NJ,07901,UNION,(908) 522-2000,Sepsis Care,SEV_SEP_6HR,Severe Sepsis 6-Hour Bundle,80,59,2,07/01/2024,06/30/2025
310051,OVERLOOK MEDICAL CENTER,99 BEAUVOIR AVENUE,SUMMIT,NJ,07901,UNION,(908) 522-2000,Electronic Clinical Quality Measure,STK_02,Discharged on Antithrombotic Therapy,98,516,,01/01/2024,12/31/2024
310051,OVERLOOK MEDICAL CENTER,99 BEAUVOIR AVENUE,SUMMIT,NJ,07901,UNION,(908) 522-2000,Electronic Clinical Quality Measure,STK_03,Anticoagulation Therapy for Atrial Fibrillation/Flutter,83,134,,01/01/2024,12/31/2024
310051,OVERLOOK MEDICAL CENTER,99 BEAUVOIR AVENUE,SUMMIT,NJ,07901,UNION,(908) 522-2000,Electronic Clinical Quality Measure,STK_05,Antithrombotic Therapy by End of Hospital Day 2,Not Available,Not Available,5,01/01/2024,12/31/2024
310051,OVERLOOK MEDICAL CENTER,99 BEAUVOIR AVENUE,SUMMIT,NJ,07901,UNION,(908) 522-2000,Electronic Clinical Quality Measure,VTE_1,Venous Thromboembolism Prophylaxis,Not Available,Not Available,5,01/01/2024,12/31/2024
310051,OVERLOOK MEDICAL CENTER,99 BEAUVOIR AVENUE,SUMMIT,NJ,07901,UNION,(908) 522-2000,Electronic Clinical Quality Measure,VTE_2,Intensive Care Unit Venous Thromboembolism Prophylaxis,97,1987,,01/01/2024,12/31/2024
310052,OCEAN MEDICAL CENTER,425 JACK MARTIN BLVD,BRICK,NJ,08724,OCEAN,(732) 840-2200,Emergency Department,EDV,Emergency department volume,very high,,,01/01/2024,12/31/2024
310052,OCEAN MEDICAL CENTER,425 JACK MARTIN BLVD,BRICK,NJ,08724,OCEAN,(732) 840-2200,Electronic Clinical Quality Measure,GMCS,Global Malnutrition Composite Score,Not Available,Not Available,5,01/01/2024,12/31/2024
310052,OCEAN MEDICAL CENTER,425 JACK MARTIN BLVD,BRICK,NJ,08724,OCEAN,(732) 840-2200,Electronic Clinical Quality Measure,GMCS_Malnutrition_Diagnosis_Documented,Global Malnutrition Composite Score: Malnutrition Diagnosis Documented,Not Available,Not Available,5,01/01/2024,12/31/2024
310052,OCEAN MEDICAL CENTER,425 JACK MARTIN BLVD,BRICK,NJ,08724,OCEAN,(732) 840-2200,Electronic Clinical Quality Measure,GMCS_Malnutrition_Screening,Global Malnutrition Composite Score: Malnutrition Risk Screening,Not Available,Not Available,5,01/01/2024,12/31/2024
310052,OCEAN MEDICAL CENTER,425 JACK MARTIN BLVD,BRICK,NJ,08724,OCEAN,(732) 840-2200,Electronic Clinical Quality Measure,GMCS_Nutrition_Assessment,Global Malnutrition Composite Score: Nutrition Assessment,Not Available,Not Available,5,01/01/2024,12/31/2024
310052,OCEAN MEDICAL CENTER,425 JACK MARTIN BLVD,BRICK,NJ,08724,OCEAN,(732) 840-2200,Electronic Clinical Quality Measure,GMCS_Nutritional_Care_Plan,Global Malnutrition Composite Score: Nutritional Care Plan,Not Available,Not Available,5,01/01/2024,12/31/2024
310052,OCEAN MEDICAL CENTER,425 JACK MARTIN BLVD,BRICK,NJ,08724,OCEAN,(732) 840-2200,Electronic Clinical Quality Measure,HH_HYPER,Hospital Harm - Severe Hyperglycemia,Not Available,Not Available,5,01/01/2024,12/31/2024
310052,OCEAN MEDICAL CENTER,425 JACK MARTIN BLVD,BRICK,NJ,08724,OCEAN,(732) 840-2200,Electronic Clinical Quality Measure,HH_HYPO,Hospital Harm - Severe Hypoglycemia,Not Available,Not Available,5,01/01/2024,12/31/2024
310052,OCEAN MEDICAL CENTER,425 JACK MARTIN BLVD,BRICK,NJ,08724,OCEAN,(732) 840-2200,Electronic Clinical Quality Measure,HH_ORAE,Hospital Harm - Opioid Related Adverse Events,Not Available,Not Available,5,01/01/2024,12/31/2024
310052,OCEAN MEDICAL CENTER,425 JACK MARTIN BLVD,BRICK,NJ,08724,OCEAN,(732) 840-2200,Healthcare Personnel Vaccination,IMM_3,Healthcare workers given influenza vaccination,90,3473,,10/01/2024,03/31/2025
310052,OCEAN MEDICAL CENTER,425 JACK MARTIN BLVD,BRICK,NJ,08724,OCEAN,(732) 840-2200,Emergency Department,OP_18a,"Average (median) time all patients spent in the emergency department before leaving from the visit, including psychiatric/mental health patients and patients who were transferred to another facility. A lower number of minutes is better",155,397,,07/01/2024,06/30/2025
310052,OCEAN MEDICAL CENTER,425 JACK MARTIN BLVD,BRICK,NJ,08724,OCEAN,(732) 840-2200,Emergency Department,OP_18b,"Average (median) time patients spent in the emergency department before leaving from the visit, excluding patients transferred to another facility or psychiatric care/mental health patients. A lower number of minutes is better",154,370,,07/01/2024,06/30/2025
310052,OCEAN MEDICAL CENTER,425 JACK MARTIN BLVD,BRICK,NJ,08724,OCEAN,(732) 840-2200,Emergency Department,OP_18c,Average (median) time psychiatric/mental health patients spent in the emergency department before leaving from the visit. A lower number of minutes is better,308,21,,07/01/2024,06/30/2025
310052,OCEAN MEDICAL CENTER,425 JACK MARTIN BLVD,BRICK,NJ,08724,OCEAN,(732) 840-2200,Emergency Department,OP_18d,Average (median) time patients spent in the emergency department before being transferred to another facility. A lower number of minutes is better,Not Available,Not Available,1,07/01/2024,06/30/2025
310052,OCEAN MEDICAL CENTER,425 JACK MARTIN BLVD,BRICK,NJ,08724,OCEAN,(732) 840-2200,Emergency Department,OP_22,Left before being seen,1,88670,,01/01/2024,12/31/2024
310052,OCEAN MEDICAL CENTER,425 JACK MARTIN BLVD,BRICK,NJ,08724,OCEAN,(732) 840-2200,Emergency Department,OP_23,Head CT results,Not Available,Not Available,1,07/01/2024,06/30/2025
310052,OCEAN MEDICAL CENTER,425 JACK MARTIN BLVD,BRICK,NJ,08724,OCEAN,(732) 840-2200,Colonoscopy care,OP_29,Endoscopy/polyp surveillance: appropriate follow-up interval for normal colonoscopy in average risk patients,96,51,,01/01/2024,12/31/2024
310052,OCEAN MEDICAL CENTER,425 JACK MARTIN BLVD,BRICK,NJ,08724,OCEAN,(732) 840-2200,Cataract surgery outcome,OP_31,Improvement in Patient's Visual Function within 90 Days Following Cataract Surgery,Not Available,Not Available,5,01/01/2024,12/31/2024
310052,OCEAN MEDICAL CENTER,425 JACK MARTIN BLVD,BRICK,NJ,08724,OCEAN,(732) 840-2200,Electronic Clinical Quality Measure,OP_40,ST-Segment Elevation Myocardial Infarction (STEMI),Not Available,Not Available,1,01/01/2024,12/31/2024
310052,OCEAN MEDICAL CENTER,425 JACK MARTIN BLVD,BRICK,NJ,08724,OCEAN,(732) 840-2200,Electronic Clinical Quality Measure,SAFE_USE_OF_OPIOIDS,Safe Use of Opioids - Concurrent Prescribing,21,4095,,01/01/2024,12/31/2024
310052,OCEAN MEDICAL CENTER,425 JACK MARTIN BLVD,BRICK,NJ,08724,OCEAN,(732) 840-2200,Sepsis Care,SEP_1,Appropriate care for severe sepsis and septic shock,73,174,2,07/01/2024,06/30/2025
310052,OCEAN MEDICAL CENTER,425 JACK MARTIN BLVD,BRICK,NJ,08724,OCEAN,(732) 840-2200,Sepsis Care,SEP_SH_3HR,Septic Shock 3-Hour Bundle,77,47,2,07/01/2024,06/30/2025
310052,OCEAN MEDICAL CENTER,425 JACK MARTIN BLVD,BRICK,NJ,08724,OCEAN,(732) 840-2200,Sepsis Care,SEP_SH_6HR,Septic Shock 6-Hour Bundle,97,32,2,07/01/2024,06/30/2025
310052,OCEAN MEDICAL CENTER,425 JACK MARTIN BLVD,BRICK,NJ,08724,OCEAN,(732) 840-2200,Sepsis Care,SEV_SEP_3HR,Severe Sepsis 3-Hour Bundle,84,174,2,07/01/2024,06/30/2025
310052,OCEAN MEDICAL CENTER,425 JACK MARTIN BLVD,BRICK,NJ,08724,OCEAN,(732) 840-2200,Sepsis Care,SEV_SEP_6HR,Severe Sepsis 6-Hour Bundle,95,98,2,07/01/2024,06/30/2025
310052,OCEAN MEDICAL CENTER,425 JACK MARTIN BLVD,BRICK,NJ,08724,OCEAN,(732) 840-2200,Electronic Clinical Quality Measure,STK_02,Discharged on Antithrombotic Therapy,99,250,,01/01/2024,12/31/2024
310052,OCEAN MEDICAL CENTER,425 JACK MARTIN BLVD,BRICK,NJ,08724,OCEAN,(732) 840-2200,Electronic Clinical Quality Measure,STK_03,Anticoagulation Therapy for Atrial Fibrillation/Flutter,81,78,,01/01/2024,12/31/2024
310052,OCEAN MEDICAL CENTER,425 JACK MARTIN BLVD,BRICK,NJ,08724,OCEAN,(732) 840-2200,Electronic Clinical Quality Measure,STK_05,Antithrombotic Therapy by End of Hospital Day 2,94,239,,01/01/2024,12/31/2024
310052,OCEAN MEDICAL CENTER,425 JACK MARTIN BLVD,BRICK,NJ,08724,OCEAN,(732) 840-2200,Electronic Clinical Quality Measure,VTE_1,Venous Thromboembolism Prophylaxis,Not Available,Not Available,5,01/01/2024,12/31/2024
310052,OCEAN MEDICAL CENTER,425 JACK MARTIN BLVD,BRICK,NJ,08724,OCEAN,(732) 840-2200,Electronic Clinical Quality Measure,VTE_2,Intensive Care Unit Venous Thromboembolism Prophylaxis,Not Available,Not Available,5,01/01/2024,12/31/2024
310054,HACKENSACK MERIDIAN MOUNTAINSIDE MEDICAL,1 BAY AVENUE,MONTCLAIR,NJ,07042,ESSEX,(973) 429-6000,Emergency Department,EDV,Emergency department volume,high,,,01/01/2024,12/31/2024
310054,HACKENSACK MERIDIAN MOUNTAINSIDE MEDICAL,1 BAY AVENUE,MONTCLAIR,NJ,07042,ESSEX,(973) 429-6000,Electronic Clinical Quality Measure,GMCS,Global Malnutrition Composite Score,Not Available,Not Available,5,01/01/2024,12/31/2024
310054,HACKENSACK MERIDIAN MOUNTAINSIDE MEDICAL,1 BAY AVENUE,MONTCLAIR,NJ,07042,ESSEX,(973) 429-6000,Electronic Clinical Quality Measure,GMCS_Malnutrition_Diagnosis_Documented,Global Malnutrition Composite Score: Malnutrition Diagnosis Documented,Not Available,Not Available,5,01/01/2024,12/31/2024
310054,HACKENSACK MERIDIAN MOUNTAINSIDE MEDICAL,1 BAY AVENUE,MONTCLAIR,NJ,07042,ESSEX,(973) 429-6000,Electronic Clinical Quality Measure,GMCS_Malnutrition_Screening,Global Malnutrition Composite Score: Malnutrition Risk Screening,Not Available,Not Available,5,01/01/2024,12/31/2024
310054,HACKENSACK MERIDIAN MOUNTAINSIDE MEDICAL,1 BAY AVENUE,MONTCLAIR,NJ,07042,ESSEX,(973) 429-6000,Electronic Clinical Quality Measure,GMCS_Nutrition_Assessment,Global Malnutrition Composite Score: Nutrition Assessment,Not Available,Not Available,5,01/01/2024,12/31/2024
310054,HACKENSACK MERIDIAN MOUNTAINSIDE MEDICAL,1 BAY AVENUE,MONTCLAIR,NJ,07042,ESSEX,(973) 429-6000,Electronic Clinical Quality Measure,GMCS_Nutritional_Care_Plan,Global Malnutrition Composite Score: Nutritional Care Plan,Not Available,Not Available,5,01/01/2024,12/31/2024
310054,HACKENSACK MERIDIAN MOUNTAINSIDE MEDICAL,1 BAY AVENUE,MONTCLAIR,NJ,07042,ESSEX,(973) 429-6000,Electronic Clinical Quality Measure,HH_HYPER,Hospital Harm - Severe Hyperglycemia,Not Available,Not Available,5,01/01/2024,12/31/2024
310054,HACKENSACK MERIDIAN MOUNTAINSIDE MEDICAL,1 BAY AVENUE,MONTCLAIR,NJ,07042,ESSEX,(973) 429-6000,Electronic Clinical Quality Measure,HH_HYPO,Hospital Harm - Severe Hypoglycemia,Not Available,Not Available,5,01/01/2024,12/31/2024
310054,HACKENSACK MERIDIAN MOUNTAINSIDE MEDICAL,1 BAY AVENUE,MONTCLAIR,NJ,07042,ESSEX,(973) 429-6000,Electronic Clinical Quality Measure,HH_ORAE,Hospital Harm - Opioid Related Adverse Events,Not Available,Not Available,5,01/01/2024,12/31/2024
310054,HACKENSACK MERIDIAN MOUNTAINSIDE MEDICAL,1 BAY AVENUE,MONTCLAIR,NJ,07042,ESSEX,(973) 429-6000,Healthcare Personnel Vaccination,IMM_3,Healthcare workers given influenza vaccination,84,2329,,10/01/2024,03/31/2025
310054,HACKENSACK MERIDIAN MOUNTAINSIDE MEDICAL,1 BAY AVENUE,MONTCLAIR,NJ,07042,ESSEX,(973) 429-6000,Emergency Department,OP_18a,"Average (median) time all patients spent in the emergency department before leaving from the visit, including psychiatric/mental health patients and patients who were transferred to another facility. A lower number of minutes is better",236,414,,07/01/2024,06/30/2025
310054,HACKENSACK MERIDIAN MOUNTAINSIDE MEDICAL,1 BAY AVENUE,MONTCLAIR,NJ,07042,ESSEX,(973) 429-6000,Emergency Department,OP_18b,"Average (median) time patients spent in the emergency department before leaving from the visit, excluding patients transferred to another facility or psychiatric care/mental health patients. A lower number of minutes is better",234,393,,07/01/2024,06/30/2025
310054,HACKENSACK MERIDIAN MOUNTAINSIDE MEDICAL,1 BAY AVENUE,MONTCLAIR,NJ,07042,ESSEX,(973) 429-6000,Emergency Department,OP_18c,Average (median) time psychiatric/mental health patients spent in the emergency department before leaving from the visit. A lower number of minutes is better,335,20,,07/01/2024,06/30/2025
310054,HACKENSACK MERIDIAN MOUNTAINSIDE MEDICAL,1 BAY AVENUE,MONTCLAIR,NJ,07042,ESSEX,(973) 429-6000,Emergency Department,OP_18d,Average (median) time patients spent in the emergency department before being transferred to another facility. A lower number of minutes is better,Not Available,Not Available,1,07/01/2024,06/30/2025
310054,HACKENSACK MERIDIAN MOUNTAINSIDE MEDICAL,1 BAY AVENUE,MONTCLAIR,NJ,07042,ESSEX,(973) 429-6000,Emergency Department,OP_22,Left before being seen,2,44113,,01/01/2024,12/31/2024
310054,HACKENSACK MERIDIAN MOUNTAINSIDE MEDICAL,1 BAY AVENUE,MONTCLAIR,NJ,07042,ESSEX,(973) 429-6000,Emergency Department,OP_23,Head CT results,Not Available,Not Available,1,07/01/2024,06/30/2025
310054,HACKENSACK MERIDIAN MOUNTAINSIDE MEDICAL,1 BAY AVENUE,MONTCLAIR,NJ,07042,ESSEX,(973) 429-6000,Colonoscopy care,OP_29,Endoscopy/polyp surveillance: appropriate follow-up interval for normal colonoscopy in average risk patients,63,83,,01/01/2024,12/31/2024
310054,HACKENSACK MERIDIAN MOUNTAINSIDE MEDICAL,1 BAY AVENUE,MONTCLAIR,NJ,07042,ESSEX,(973) 429-6000,Cataract surgery outcome,OP_31,Improvement in Patient's Visual Function within 90 Days Following Cataract Surgery,Not Available,Not Available,5,01/01/2024,12/31/2024
310054,HACKENSACK MERIDIAN MOUNTAINSIDE MEDICAL,1 BAY AVENUE,MONTCLAIR,NJ,07042,ESSEX,(973) 429-6000,Electronic Clinical Quality Measure,OP_40,ST-Segment Elevation Myocardial Infarction (STEMI),Not Available,Not Available,1,01/01/2024,12/31/2024
310054,HACKENSACK MERIDIAN MOUNTAINSIDE MEDICAL,1 BAY AVENUE,MONTCLAIR,NJ,07042,ESSEX,(973) 429-6000,Electronic Clinical Quality Measure,SAFE_USE_OF_OPIOIDS,Safe Use of Opioids - Concurrent Prescribing,13,2019,,01/01/2024,12/31/2024
310054,HACKENSACK MERIDIAN MOUNTAINSIDE MEDICAL,1 BAY AVENUE,MONTCLAIR,NJ,07042,ESSEX,(973) 429-6000,Sepsis Care,SEP_1,Appropriate care for severe sepsis and septic shock,77,479,,07/01/2024,06/30/2025
310054,HACKENSACK MERIDIAN MOUNTAINSIDE MEDICAL,1 BAY AVENUE,MONTCLAIR,NJ,07042,ESSEX,(973) 429-6000,Sepsis Care,SEP_SH_3HR,Septic Shock 3-Hour Bundle,88,145,,07/01/2024,06/30/2025
310054,HACKENSACK MERIDIAN MOUNTAINSIDE MEDICAL,1 BAY AVENUE,MONTCLAIR,NJ,07042,ESSEX,(973) 429-6000,Sepsis Care,SEP_SH_6HR,Septic Shock 6-Hour Bundle,92,113,,07/01/2024,06/30/2025
310054,HACKENSACK MERIDIAN MOUNTAINSIDE MEDICAL,1 BAY AVENUE,MONTCLAIR,NJ,07042,ESSEX,(973) 429-6000,Sepsis Care,SEV_SEP_3HR,Severe Sepsis 3-Hour Bundle,85,480,,07/01/2024,06/30/2025
310054,HACKENSACK MERIDIAN MOUNTAINSIDE MEDICAL,1 BAY AVENUE,MONTCLAIR,NJ,07042,ESSEX,(973) 429-6000,Sepsis Care,SEV_SEP_6HR,Severe Sepsis 6-Hour Bundle,98,283,,07/01/2024,06/30/2025
310054,HACKENSACK MERIDIAN MOUNTAINSIDE MEDICAL,1 BAY AVENUE,MONTCLAIR,NJ,07042,ESSEX,(973) 429-6000,Electronic Clinical Quality Measure,STK_02,Discharged on Antithrombotic Therapy,95,156,,01/01/2024,12/31/2024
310054,HACKENSACK MERIDIAN MOUNTAINSIDE MEDICAL,1 BAY AVENUE,MONTCLAIR,NJ,07042,ESSEX,(973) 429-6000,Electronic Clinical Quality Measure,STK_03,Anticoagulation Therapy for Atrial Fibrillation/Flutter,Not Available,Not Available,5,01/01/2024,12/31/2024
310054,HACKENSACK MERIDIAN MOUNTAINSIDE MEDICAL,1 BAY AVENUE,MONTCLAIR,NJ,07042,ESSEX,(973) 429-6000,Electronic Clinical Quality Measure,STK_05,Antithrombotic Therapy by End of Hospital Day 2,Not Available,Not Available,5,01/01/2024,12/31/2024
310054,HACKENSACK MERIDIAN MOUNTAINSIDE MEDICAL,1 BAY AVENUE,MONTCLAIR,NJ,07042,ESSEX,(973) 429-6000,Electronic Clinical Quality Measure,VTE_1,Venous Thromboembolism Prophylaxis,94,5539,,01/01/2024,12/31/2024
310054,HACKENSACK MERIDIAN MOUNTAINSIDE MEDICAL,1 BAY AVENUE,MONTCLAIR,NJ,07042,ESSEX,(973) 429-6000,Electronic Clinical Quality Measure,VTE_2,Intensive Care Unit Venous Thromboembolism Prophylaxis,98,874,,01/01/2024,12/31/2024
310057,VIRTUA MOUNT HOLLY HOSPITAL,175 MADISON AVE,MOUNT HOLLY,NJ,08060,BURLINGTON,(609) 267-0700,Emergency Department,EDV,Emergency department volume,high,,,01/01/2024,12/31/2024
310057,VIRTUA MOUNT HOLLY HOSPITAL,175 MADISON AVE,MOUNT HOLLY,NJ,08060,BURLINGTON,(609) 267-0700,Electronic Clinical Quality Measure,GMCS,Global Malnutrition Composite Score,Not Available,Not Available,5,01/01/2024,12/31/2024
310057,VIRTUA MOUNT HOLLY HOSPITAL,175 MADISON AVE,MOUNT HOLLY,NJ,08060,BURLINGTON,(609) 267-0700,Electronic Clinical Quality Measure,GMCS_Malnutrition_Diagnosis_Documented,Global Malnutrition Composite Score: Malnutrition Diagnosis Documented,Not Available,Not Available,5,01/01/2024,12/31/2024
310057,VIRTUA MOUNT HOLLY HOSPITAL,175 MADISON AVE,MOUNT HOLLY,NJ,08060,BURLINGTON,(609) 267-0700,Electronic Clinical Quality Measure,GMCS_Malnutrition_Screening,Global Malnutrition Composite Score: Malnutrition Risk Screening,Not Available,Not Available,5,01/01/2024,12/31/2024
310057,VIRTUA MOUNT HOLLY HOSPITAL,175 MADISON AVE,MOUNT HOLLY,NJ,08060,BURLINGTON,(609) 267-0700,Electronic Clinical Quality Measure,GMCS_Nutrition_Assessment,Global Malnutrition Composite Score: Nutrition Assessment,Not Available,Not Available,5,01/01/2024,12/31/2024
310057,VIRTUA MOUNT HOLLY HOSPITAL,175 MADISON AVE,MOUNT HOLLY,NJ,08060,BURLINGTON,(609) 267-0700,Electronic Clinical Quality Measure,GMCS_Nutritional_Care_Plan,Global Malnutrition Composite Score: Nutritional Care Plan,Not Available,Not Available,5,01/01/2024,12/31/2024
310057,VIRTUA MOUNT HOLLY HOSPITAL,175 MADISON AVE,MOUNT HOLLY,NJ,08060,BURLINGTON,(609) 267-0700,Electronic Clinical Quality Measure,HH_HYPER,Hospital Harm - Severe Hyperglycemia,Not Available,Not Available,5,01/01/2024,12/31/2024
310057,VIRTUA MOUNT HOLLY HOSPITAL,175 MADISON AVE,MOUNT HOLLY,NJ,08060,BURLINGTON,(609) 267-0700,Electronic Clinical Quality Measure,HH_HYPO,Hospital Harm - Severe Hypoglycemia,Not Available,Not Available,5,01/01/2024,12/31/2024
310057,VIRTUA MOUNT HOLLY HOSPITAL,175 MADISON AVE,MOUNT HOLLY,NJ,08060,BURLINGTON,(609) 267-0700,Electronic Clinical Quality Measure,HH_ORAE,Hospital Harm - Opioid Related Adverse Events,Not Available,Not Available,5,01/01/2024,12/31/2024
310057,VIRTUA MOUNT HOLLY HOSPITAL,175 MADISON AVE,MOUNT HOLLY,NJ,08060,BURLINGTON,(609) 267-0700,Healthcare Personnel Vaccination,IMM_3,Healthcare workers given influenza vaccination,96,2426,,10/01/2024,03/31/2025
310057,VIRTUA MOUNT HOLLY HOSPITAL,175 MADISON AVE,MOUNT HOLLY,NJ,08060,BURLINGTON,(609) 267-0700,Emergency Department,OP_18a,"Average (median) time all patients spent in the emergency department before leaving from the visit, including psychiatric/mental health patients and patients who were transferred to another facility. A lower number of minutes is better",217,426,,07/01/2024,06/30/2025
310057,VIRTUA MOUNT HOLLY HOSPITAL,175 MADISON AVE,MOUNT HOLLY,NJ,08060,BURLINGTON,(609) 267-0700,Emergency Department,OP_18b,"Average (median) time patients spent in the emergency department before leaving from the visit, excluding patients transferred to another facility or psychiatric care/mental health patients. A lower number of minutes is better",207,384,,07/01/2024,06/30/2025
310057,VIRTUA MOUNT HOLLY HOSPITAL,175 MADISON AVE,MOUNT HOLLY,NJ,08060,BURLINGTON,(609) 267-0700,Emergency Department,OP_18c,Average (median) time psychiatric/mental health patients spent in the emergency department before leaving from the visit. A lower number of minutes is better,287,21,,07/01/2024,06/30/2025
310057,VIRTUA MOUNT HOLLY HOSPITAL,175 MADISON AVE,MOUNT HOLLY,NJ,08060,BURLINGTON,(609) 267-0700,Emergency Department,OP_18d,Average (median) time patients spent in the emergency department before being transferred to another facility. A lower number of minutes is better,1597,23,,07/01/2024,06/30/2025
310057,VIRTUA MOUNT HOLLY HOSPITAL,175 MADISON AVE,MOUNT HOLLY,NJ,08060,BURLINGTON,(609) 267-0700,Emergency Department,OP_22,Left before being seen,4,47829,,01/01/2024,12/31/2024
310057,VIRTUA MOUNT HOLLY HOSPITAL,175 MADISON AVE,MOUNT HOLLY,NJ,08060,BURLINGTON,(609) 267-0700,Emergency Department,OP_23,Head CT results,62,16,,07/01/2024,06/30/2025
310057,VIRTUA MOUNT HOLLY HOSPITAL,175 MADISON AVE,MOUNT HOLLY,NJ,08060,BURLINGTON,(609) 267-0700,Colonoscopy care,OP_29,Endoscopy/polyp surveillance: appropriate follow-up interval for normal colonoscopy in average risk patients,97,67,,01/01/2024,12/31/2024
310057,VIRTUA MOUNT HOLLY HOSPITAL,175 MADISON AVE,MOUNT HOLLY,NJ,08060,BURLINGTON,(609) 267-0700,Cataract surgery outcome,OP_31,Improvement in Patient's Visual Function within 90 Days Following Cataract Surgery,Not Available,Not Available,5,01/01/2024,12/31/2024
310057,VIRTUA MOUNT HOLLY HOSPITAL,175 MADISON AVE,MOUNT HOLLY,NJ,08060,BURLINGTON,(609) 267-0700,Electronic Clinical Quality Measure,OP_40,ST-Segment Elevation Myocardial Infarction (STEMI),Not Available,Not Available,1,01/01/2024,12/31/2024
310057,VIRTUA MOUNT HOLLY HOSPITAL,175 MADISON AVE,MOUNT HOLLY,NJ,08060,BURLINGTON,(609) 267-0700,Electronic Clinical Quality Measure,SAFE_USE_OF_OPIOIDS,Safe Use of Opioids - Concurrent Prescribing,17,3480,,01/01/2024,12/31/2024
310057,VIRTUA MOUNT HOLLY HOSPITAL,175 MADISON AVE,MOUNT HOLLY,NJ,08060,BURLINGTON,(609) 267-0700,Sepsis Care,SEP_1,Appropriate care for severe sepsis and septic shock,72,478,,07/01/2024,06/30/2025
310057,VIRTUA MOUNT HOLLY HOSPITAL,175 MADISON AVE,MOUNT HOLLY,NJ,08060,BURLINGTON,(609) 267-0700,Sepsis Care,SEP_SH_3HR,Septic Shock 3-Hour Bundle,83,174,,07/01/2024,06/30/2025
310057,VIRTUA MOUNT HOLLY HOSPITAL,175 MADISON AVE,MOUNT HOLLY,NJ,08060,BURLINGTON,(609) 267-0700,Sepsis Care,SEP_SH_6HR,Septic Shock 6-Hour Bundle,93,114,,07/01/2024,06/30/2025
310057,VIRTUA MOUNT HOLLY HOSPITAL,175 MADISON AVE,MOUNT HOLLY,NJ,08060,BURLINGTON,(609) 267-0700,Sepsis Care,SEV_SEP_3HR,Severe Sepsis 3-Hour Bundle,83,487,,07/01/2024,06/30/2025
310057,VIRTUA MOUNT HOLLY HOSPITAL,175 MADISON AVE,MOUNT HOLLY,NJ,08060,BURLINGTON,(609) 267-0700,Sepsis Care,SEV_SEP_6HR,Severe Sepsis 6-Hour Bundle,96,274,,07/01/2024,06/30/2025
310057,VIRTUA MOUNT HOLLY HOSPITAL,175 MADISON AVE,MOUNT HOLLY,NJ,08060,BURLINGTON,(609) 267-0700,Electronic Clinical Quality Measure,STK_02,Discharged on Antithrombotic Therapy,98,173,,01/01/2024,12/31/2024
310057,VIRTUA MOUNT HOLLY HOSPITAL,175 MADISON AVE,MOUNT HOLLY,NJ,08060,BURLINGTON,(609) 267-0700,Electronic Clinical Quality Measure,STK_03,Anticoagulation Therapy for Atrial Fibrillation/Flutter,69,42,,01/01/2024,12/31/2024
310057,VIRTUA MOUNT HOLLY HOSPITAL,175 MADISON AVE,MOUNT HOLLY,NJ,08060,BURLINGTON,(609) 267-0700,Electronic Clinical Quality Measure,STK_05,Antithrombotic Therapy by End of Hospital Day 2,94,161,,01/01/2024,12/31/2024
310057,VIRTUA MOUNT HOLLY HOSPITAL,175 MADISON AVE,MOUNT HOLLY,NJ,08060,BURLINGTON,(609) 267-0700,Electronic Clinical Quality Measure,VTE_1,Venous Thromboembolism Prophylaxis,Not Available,Not Available,5,01/01/2024,12/31/2024
310057,VIRTUA MOUNT HOLLY HOSPITAL,175 MADISON AVE,MOUNT HOLLY,NJ,08060,BURLINGTON,(609) 267-0700,Electronic Clinical Quality Measure,VTE_2,Intensive Care Unit Venous Thromboembolism Prophylaxis,Not Available,Not Available,5,01/01/2024,12/31/2024
310058,BERGEN NEW BRIDGE MEDICAL CENTER,230 EAST RIDGEWOOD AVE,PARAMUS,NJ,07652,BERGEN,(201) 967-4000,Emergency Department,EDV,Emergency department volume,low,,,01/01/2024,12/31/2024
310058,BERGEN NEW BRIDGE MEDICAL CENTER,230 EAST RIDGEWOOD AVE,PARAMUS,NJ,07652,BERGEN,(201) 967-4000,Electronic Clinical Quality Measure,GMCS,Global Malnutrition Composite Score,Not Available,Not Available,5,01/01/2024,12/31/2024
310058,BERGEN NEW BRIDGE MEDICAL CENTER,230 EAST RIDGEWOOD AVE,PARAMUS,NJ,07652,BERGEN,(201) 967-4000,Electronic Clinical Quality Measure,GMCS_Malnutrition_Diagnosis_Documented,Global Malnutrition Composite Score: Malnutrition Diagnosis Documented,Not Available,Not Available,5,01/01/2024,12/31/2024
310058,BERGEN NEW BRIDGE MEDICAL CENTER,230 EAST RIDGEWOOD AVE,PARAMUS,NJ,07652,BERGEN,(201) 967-4000,Electronic Clinical Quality Measure,GMCS_Malnutrition_Screening,Global Malnutrition Composite Score: Malnutrition Risk Screening,Not Available,Not Available,5,01/01/2024,12/31/2024
310058,BERGEN NEW BRIDGE MEDICAL CENTER,230 EAST RIDGEWOOD AVE,PARAMUS,NJ,07652,BERGEN,(201) 967-4000,Electronic Clinical Quality Measure,GMCS_Nutrition_Assessment,Global Malnutrition Composite Score: Nutrition Assessment,Not Available,Not Available,5,01/01/2024,12/31/2024
310058,BERGEN NEW BRIDGE MEDICAL CENTER,230 EAST RIDGEWOOD AVE,PARAMUS,NJ,07652,BERGEN,(201) 967-4000,Electronic Clinical Quality Measure,GMCS_Nutritional_Care_Plan,Global Malnutrition Composite Score: Nutritional Care Plan,Not Available,Not Available,5,01/01/2024,12/31/2024
310058,BERGEN NEW BRIDGE MEDICAL CENTER,230 EAST RIDGEWOOD AVE,PARAMUS,NJ,07652,BERGEN,(201) 967-4000,Electronic Clinical Quality Measure,HH_HYPER,Hospital Harm - Severe Hyperglycemia,Not Available,Not Available,5,01/01/2024,12/31/2024
310058,BERGEN NEW BRIDGE MEDICAL CENTER,230 EAST RIDGEWOOD AVE,PARAMUS,NJ,07652,BERGEN,(201) 967-4000,Electronic Clinical Quality Measure,HH_HYPO,Hospital Harm - Severe Hypoglycemia,2,50,,01/01/2024,12/31/2024
310058,BERGEN NEW BRIDGE MEDICAL CENTER,230 EAST RIDGEWOOD AVE,PARAMUS,NJ,07652,BERGEN,(201) 967-4000,Electronic Clinical Quality Measure,HH_ORAE,Hospital Harm - Opioid Related Adverse Events,Not Available,Not Available,5,01/01/2024,12/31/2024
310058,BERGEN NEW BRIDGE MEDICAL CENTER,230 EAST RIDGEWOOD AVE,PARAMUS,NJ,07652,BERGEN,(201) 967-4000,Healthcare Personnel Vaccination,IMM_3,Healthcare workers given influenza vaccination,99,1694,,10/01/2024,03/31/2025
310058,BERGEN NEW BRIDGE MEDICAL CENTER,230 EAST RIDGEWOOD AVE,PARAMUS,NJ,07652,BERGEN,(201) 967-4000,Emergency Department,OP_18a,"Average (median) time all patients spent in the emergency department before leaving from the visit, including psychiatric/mental health patients and patients who were transferred to another facility. A lower number of minutes is better",160,426,,07/01/2024,06/30/2025
310058,BERGEN NEW BRIDGE MEDICAL CENTER,230 EAST RIDGEWOOD AVE,PARAMUS,NJ,07652,BERGEN,(201) 967-4000,Emergency Department,OP_18b,"Average (median) time patients spent in the emergency department before leaving from the visit, excluding patients transferred to another facility or psychiatric care/mental health patients. A lower number of minutes is better",154,269,,07/01/2024,06/30/2025
310058,BERGEN NEW BRIDGE MEDICAL CENTER,230 EAST RIDGEWOOD AVE,PARAMUS,NJ,07652,BERGEN,(201) 967-4000,Emergency Department,OP_18c,Average (median) time psychiatric/mental health patients spent in the emergency department before leaving from the visit. A lower number of minutes is better,172,156,,07/01/2024,06/30/2025
310058,BERGEN NEW BRIDGE MEDICAL CENTER,230 EAST RIDGEWOOD AVE,PARAMUS,NJ,07652,BERGEN,(201) 967-4000,Emergency Department,OP_18d,Average (median) time patients spent in the emergency department before being transferred to another facility. A lower number of minutes is better,Not Available,Not Available,1,07/01/2024,06/30/2025
310058,BERGEN NEW BRIDGE MEDICAL CENTER,230 EAST RIDGEWOOD AVE,PARAMUS,NJ,07652,BERGEN,(201) 967-4000,Emergency Department,OP_22,Left before being seen,0,14115,,01/01/2024,12/31/2024
310058,BERGEN NEW BRIDGE MEDICAL CENTER,230 EAST RIDGEWOOD AVE,PARAMUS,NJ,07652,BERGEN,(201) 967-4000,Emergency Department,OP_23,Head CT results,Not Available,Not Available,5,07/01/2024,06/30/2025
310058,BERGEN NEW BRIDGE MEDICAL CENTER,230 EAST RIDGEWOOD AVE,PARAMUS,NJ,07652,BERGEN,(201) 967-4000,Colonoscopy care,OP_29,Endoscopy/polyp surveillance: appropriate follow-up interval for normal colonoscopy in average risk patients,Not Available,Not Available,1,01/01/2024,12/31/2024
310058,BERGEN NEW BRIDGE MEDICAL CENTER,230 EAST RIDGEWOOD AVE,PARAMUS,NJ,07652,BERGEN,(201) 967-4000,Cataract surgery outcome,OP_31,Improvement in Patient's Visual Function within 90 Days Following Cataract Surgery,Not Available,Not Available,5,01/01/2024,12/31/2024
310058,BERGEN NEW BRIDGE MEDICAL CENTER,230 EAST RIDGEWOOD AVE,PARAMUS,NJ,07652,BERGEN,(201) 967-4000,Electronic Clinical Quality Measure,OP_40,ST-Segment Elevation Myocardial Infarction (STEMI),Not Available,Not Available,5,01/01/2024,12/31/2024
310058,BERGEN NEW BRIDGE MEDICAL CENTER,230 EAST RIDGEWOOD AVE,PARAMUS,NJ,07652,BERGEN,(201) 967-4000,Electronic Clinical Quality Measure,SAFE_USE_OF_OPIOIDS,Safe Use of Opioids - Concurrent Prescribing,9,470,,01/01/2024,12/31/2024
310058,BERGEN NEW BRIDGE MEDICAL CENTER,230 EAST RIDGEWOOD AVE,PARAMUS,NJ,07652,BERGEN,(201) 967-4000,Sepsis Care,SEP_1,Appropriate care for severe sepsis and septic shock,53,32,,07/01/2024,06/30/2025
310058,BERGEN NEW BRIDGE MEDICAL CENTER,230 EAST RIDGEWOOD AVE,PARAMUS,NJ,07652,BERGEN,(201) 967-4000,Sepsis Care,SEP_SH_3HR,Septic Shock 3-Hour Bundle,94,18,,07/01/2024,06/30/2025
310058,BERGEN NEW BRIDGE MEDICAL CENTER,230 EAST RIDGEWOOD AVE,PARAMUS,NJ,07652,BERGEN,(201) 967-4000,Sepsis Care,SEP_SH_6HR,Septic Shock 6-Hour Bundle,60,15,,07/01/2024,06/30/2025
310058,BERGEN NEW BRIDGE MEDICAL CENTER,230 EAST RIDGEWOOD AVE,PARAMUS,NJ,07652,BERGEN,(201) 967-4000,Sepsis Care,SEV_SEP_3HR,Severe Sepsis 3-Hour Bundle,78,32,,07/01/2024,06/30/2025
310058,BERGEN NEW BRIDGE MEDICAL CENTER,230 EAST RIDGEWOOD AVE,PARAMUS,NJ,07652,BERGEN,(201) 967-4000,Sepsis Care,SEV_SEP_6HR,Severe Sepsis 6-Hour Bundle,96,23,,07/01/2024,06/30/2025
310058,BERGEN NEW BRIDGE MEDICAL CENTER,230 EAST RIDGEWOOD AVE,PARAMUS,NJ,07652,BERGEN,(201) 967-4000,Electronic Clinical Quality Measure,STK_02,Discharged on Antithrombotic Therapy,Not Available,Not Available,5,01/01/2024,12/31/2024
310058,BERGEN NEW BRIDGE MEDICAL CENTER,230 EAST RIDGEWOOD AVE,PARAMUS,NJ,07652,BERGEN,(201) 967-4000,Electronic Clinical Quality Measure,STK_03,Anticoagulation Therapy for Atrial Fibrillation/Flutter,Not Available,Not Available,5,01/01/2024,12/31/2024
310058,BERGEN NEW BRIDGE MEDICAL CENTER,230 EAST RIDGEWOOD AVE,PARAMUS,NJ,07652,BERGEN,(201) 967-4000,Electronic Clinical Quality Measure,STK_05,Antithrombotic Therapy by End of Hospital Day 2,Not Available,Not Available,5,01/01/2024,12/31/2024
310058,BERGEN NEW BRIDGE MEDICAL CENTER,230 EAST RIDGEWOOD AVE,PARAMUS,NJ,07652,BERGEN,(201) 967-4000,Electronic Clinical Quality Measure,VTE_1,Venous Thromboembolism Prophylaxis,97,423,,01/01/2024,12/31/2024
310058,BERGEN NEW BRIDGE MEDICAL CENTER,230 EAST RIDGEWOOD AVE,PARAMUS,NJ,07652,BERGEN,(201) 967-4000,Electronic Clinical Quality Measure,VTE_2,Intensive Care Unit Venous Thromboembolism Prophylaxis,97,117,,01/01/2024,12/31/2024
310060,ST LUKE'S WARREN HOSPITAL,185 ROSEBERRY ST,PHILLIPSBURG,NJ,08865,WARREN,(908) 847-6700,Emergency Department,EDV,Emergency department volume,medium,,,01/01/2024,12/31/2024
310060,ST LUKE'S WARREN HOSPITAL,185 ROSEBERRY ST,PHILLIPSBURG,NJ,08865,WARREN,(908) 847-6700,Electronic Clinical Quality Measure,GMCS,Global Malnutrition Composite Score,Not Available,Not Available,5,01/01/2024,12/31/2024
310060,ST LUKE'S WARREN HOSPITAL,185 ROSEBERRY ST,PHILLIPSBURG,NJ,08865,WARREN,(908) 847-6700,Electronic Clinical Quality Measure,GMCS_Malnutrition_Diagnosis_Documented,Global Malnutrition Composite Score: Malnutrition Diagnosis Documented,Not Available,Not Available,5,01/01/2024,12/31/2024
310060,ST LUKE'S WARREN HOSPITAL,185 ROSEBERRY ST,PHILLIPSBURG,NJ,08865,WARREN,(908) 847-6700,Electronic Clinical Quality Measure,GMCS_Malnutrition_Screening,Global Malnutrition Composite Score: Malnutrition Risk Screening,Not Available,Not Available,5,01/01/2024,12/31/2024
310060,ST LUKE'S WARREN HOSPITAL,185 ROSEBERRY ST,PHILLIPSBURG,NJ,08865,WARREN,(908) 847-6700,Electronic Clinical Quality Measure,GMCS_Nutrition_Assessment,Global Malnutrition Composite Score: Nutrition Assessment,Not Available,Not Available,5,01/01/2024,12/31/2024
310060,ST LUKE'S WARREN HOSPITAL,185 ROSEBERRY ST,PHILLIPSBURG,NJ,08865,WARREN,(908) 847-6700,Electronic Clinical Quality Measure,GMCS_Nutritional_Care_Plan,Global Malnutrition Composite Score: Nutritional Care Plan,Not Available,Not Available,5,01/01/2024,12/31/2024
310060,ST LUKE'S WARREN HOSPITAL,185 ROSEBERRY ST,PHILLIPSBURG,NJ,08865,WARREN,(908) 847-6700,Electronic Clinical Quality Measure,HH_HYPER,Hospital Harm - Severe Hyperglycemia,Not Available,Not Available,5,01/01/2024,12/31/2024
310060,ST LUKE'S WARREN HOSPITAL,185 ROSEBERRY ST,PHILLIPSBURG,NJ,08865,WARREN,(908) 847-6700,Electronic Clinical Quality Measure,HH_HYPO,Hospital Harm - Severe Hypoglycemia,Not Available,Not Available,5,01/01/2024,12/31/2024
310060,ST LUKE'S WARREN HOSPITAL,185 ROSEBERRY ST,PHILLIPSBURG,NJ,08865,WARREN,(908) 847-6700,Electronic Clinical Quality Measure,HH_ORAE,Hospital Harm - Opioid Related Adverse Events,Not Available,Not Available,5,01/01/2024,12/31/2024
310060,ST LUKE'S WARREN HOSPITAL,185 ROSEBERRY ST,PHILLIPSBURG,NJ,08865,WARREN,(908) 847-6700,Healthcare Personnel Vaccination,IMM_3,Healthcare workers given influenza vaccination,96,860,,10/01/2024,03/31/2025
310060,ST LUKE'S WARREN HOSPITAL,185 ROSEBERRY ST,PHILLIPSBURG,NJ,08865,WARREN,(908) 847-6700,Emergency Department,OP_18a,"Average (median) time all patients spent in the emergency department before leaving from the visit, including psychiatric/mental health patients and patients who were transferred to another facility. A lower number of minutes is better",142,381,,07/01/2024,06/30/2025
310060,ST LUKE'S WARREN HOSPITAL,185 ROSEBERRY ST,PHILLIPSBURG,NJ,08865,WARREN,(908) 847-6700,Emergency Department,OP_18b,"Average (median) time patients spent in the emergency department before leaving from the visit, excluding patients transferred to another facility or psychiatric care/mental health patients. A lower number of minutes is better",140,355,,07/01/2024,06/30/2025
310060,ST LUKE'S WARREN HOSPITAL,185 ROSEBERRY ST,PHILLIPSBURG,NJ,08865,WARREN,(908) 847-6700,Emergency Department,OP_18c,Average (median) time psychiatric/mental health patients spent in the emergency department before leaving from the visit. A lower number of minutes is better,231,22,,07/01/2024,06/30/2025
310060,ST LUKE'S WARREN HOSPITAL,185 ROSEBERRY ST,PHILLIPSBURG,NJ,08865,WARREN,(908) 847-6700,Emergency Department,OP_18d,Average (median) time patients spent in the emergency department before being transferred to another facility. A lower number of minutes is better,Not Available,Not Available,1,07/01/2024,06/30/2025
310060,ST LUKE'S WARREN HOSPITAL,185 ROSEBERRY ST,PHILLIPSBURG,NJ,08865,WARREN,(908) 847-6700,Emergency Department,OP_22,Left before being seen,1,30628,,01/01/2024,12/31/2024
310060,ST LUKE'S WARREN HOSPITAL,185 ROSEBERRY ST,PHILLIPSBURG,NJ,08865,WARREN,(908) 847-6700,Emergency Department,OP_23,Head CT results,Not Available,Not Available,1,07/01/2024,06/30/2025
310060,ST LUKE'S WARREN HOSPITAL,185 ROSEBERRY ST,PHILLIPSBURG,NJ,08865,WARREN,(908) 847-6700,Colonoscopy care,OP_29,Endoscopy/polyp surveillance: appropriate follow-up interval for normal colonoscopy in average risk patients,100,101,,01/01/2024,12/31/2024
310060,ST LUKE'S WARREN HOSPITAL,185 ROSEBERRY ST,PHILLIPSBURG,NJ,08865,WARREN,(908) 847-6700,Cataract surgery outcome,OP_31,Improvement in Patient's Visual Function within 90 Days Following Cataract Surgery,Not Available,Not Available,5,01/01/2024,12/31/2024
310060,ST LUKE'S WARREN HOSPITAL,185 ROSEBERRY ST,PHILLIPSBURG,NJ,08865,WARREN,(908) 847-6700,Electronic Clinical Quality Measure,OP_40,ST-Segment Elevation Myocardial Infarction (STEMI),Not Available,Not Available,1,01/01/2024,12/31/2024
310060,ST LUKE'S WARREN HOSPITAL,185 ROSEBERRY ST,PHILLIPSBURG,NJ,08865,WARREN,(908) 847-6700,Electronic Clinical Quality Measure,SAFE_USE_OF_OPIOIDS,Safe Use of Opioids - Concurrent Prescribing,14,947,,01/01/2024,12/31/2024
310060,ST LUKE'S WARREN HOSPITAL,185 ROSEBERRY ST,PHILLIPSBURG,NJ,08865,WARREN,(908) 847-6700,Sepsis Care,SEP_1,Appropriate care for severe sepsis and septic shock,95,167,2,07/01/2024,06/30/2025
310060,ST LUKE'S WARREN HOSPITAL,185 ROSEBERRY ST,PHILLIPSBURG,NJ,08865,WARREN,(908) 847-6700,Sepsis Care,SEP_SH_3HR,Septic Shock 3-Hour Bundle,98,57,2,07/01/2024,06/30/2025
310060,ST LUKE'S WARREN HOSPITAL,185 ROSEBERRY ST,PHILLIPSBURG,NJ,08865,WARREN,(908) 847-6700,Sepsis Care,SEP_SH_6HR,Septic Shock 6-Hour Bundle,98,46,2,07/01/2024,06/30/2025
310060,ST LUKE'S WARREN HOSPITAL,185 ROSEBERRY ST,PHILLIPSBURG,NJ,08865,WARREN,(908) 847-6700,Sepsis Care,SEV_SEP_3HR,Severe Sepsis 3-Hour Bundle,96,168,2,07/01/2024,06/30/2025
310060,ST LUKE'S WARREN HOSPITAL,185 ROSEBERRY ST,PHILLIPSBURG,NJ,08865,WARREN,(908) 847-6700,Sepsis Care,SEV_SEP_6HR,Severe Sepsis 6-Hour Bundle,100,92,2,07/01/2024,06/30/2025
310060,ST LUKE'S WARREN HOSPITAL,185 ROSEBERRY ST,PHILLIPSBURG,NJ,08865,WARREN,(908) 847-6700,Electronic Clinical Quality Measure,STK_02,Discharged on Antithrombotic Therapy,99,70,,01/01/2024,12/31/2024
310060,ST LUKE'S WARREN HOSPITAL,185 ROSEBERRY ST,PHILLIPSBURG,NJ,08865,WARREN,(908) 847-6700,Electronic Clinical Quality Measure,STK_03,Anticoagulation Therapy for Atrial Fibrillation/Flutter,100,26,,01/01/2024,12/31/2024
310060,ST LUKE'S WARREN HOSPITAL,185 ROSEBERRY ST,PHILLIPSBURG,NJ,08865,WARREN,(908) 847-6700,Electronic Clinical Quality Measure,STK_05,Antithrombotic Therapy by End of Hospital Day 2,98,59,,01/01/2024,12/31/2024
310060,ST LUKE'S WARREN HOSPITAL,185 ROSEBERRY ST,PHILLIPSBURG,NJ,08865,WARREN,(908) 847-6700,Electronic Clinical Quality Measure,VTE_1,Venous Thromboembolism Prophylaxis,Not Available,Not Available,5,01/01/2024,12/31/2024
310060,ST LUKE'S WARREN HOSPITAL,185 ROSEBERRY ST,PHILLIPSBURG,NJ,08865,WARREN,(908) 847-6700,Electronic Clinical Quality Measure,VTE_2,Intensive Care Unit Venous Thromboembolism Prophylaxis,Not Available,Not Available,5,01/01/2024,12/31/2024
310061,VIRTUA WILLINGBORO HOSPITAL,218A SUNSET ROAD,WILLINGBORO,NJ,08046,BURLINGTON,(609) 835-2900,Emergency Department,EDV,Emergency department volume,medium,,,01/01/2024,12/31/2024
310061,VIRTUA WILLINGBORO HOSPITAL,218A SUNSET ROAD,WILLINGBORO,NJ,08046,BURLINGTON,(609) 835-2900,Electronic Clinical Quality Measure,GMCS,Global Malnutrition Composite Score,Not Available,Not Available,5,01/01/2024,12/31/2024
310061,VIRTUA WILLINGBORO HOSPITAL,218A SUNSET ROAD,WILLINGBORO,NJ,08046,BURLINGTON,(609) 835-2900,Electronic Clinical Quality Measure,GMCS_Malnutrition_Diagnosis_Documented,Global Malnutrition Composite Score: Malnutrition Diagnosis Documented,Not Available,Not Available,5,01/01/2024,12/31/2024
310061,VIRTUA WILLINGBORO HOSPITAL,218A SUNSET ROAD,WILLINGBORO,NJ,08046,BURLINGTON,(609) 835-2900,Electronic Clinical Quality Measure,GMCS_Malnutrition_Screening,Global Malnutrition Composite Score: Malnutrition Risk Screening,Not Available,Not Available,5,01/01/2024,12/31/2024
310061,VIRTUA WILLINGBORO HOSPITAL,218A SUNSET ROAD,WILLINGBORO,NJ,08046,BURLINGTON,(609) 835-2900,Electronic Clinical Quality Measure,GMCS_Nutrition_Assessment,Global Malnutrition Composite Score: Nutrition Assessment,Not Available,Not Available,5,01/01/2024,12/31/2024
310061,VIRTUA WILLINGBORO HOSPITAL,218A SUNSET ROAD,WILLINGBORO,NJ,08046,BURLINGTON,(609) 835-2900,Electronic Clinical Quality Measure,GMCS_Nutritional_Care_Plan,Global Malnutrition Composite Score: Nutritional Care Plan,Not Available,Not Available,5,01/01/2024,12/31/2024
310061,VIRTUA WILLINGBORO HOSPITAL,218A SUNSET ROAD,WILLINGBORO,NJ,08046,BURLINGTON,(609) 835-2900,Electronic Clinical Quality Measure,HH_HYPER,Hospital Harm - Severe Hyperglycemia,Not Available,Not Available,5,01/01/2024,12/31/2024
310061,VIRTUA WILLINGBORO HOSPITAL,218A SUNSET ROAD,WILLINGBORO,NJ,08046,BURLINGTON,(609) 835-2900,Electronic Clinical Quality Measure,HH_HYPO,Hospital Harm - Severe Hypoglycemia,Not Available,Not Available,5,01/01/2024,12/31/2024
310061,VIRTUA WILLINGBORO HOSPITAL,218A SUNSET ROAD,WILLINGBORO,NJ,08046,BURLINGTON,(609) 835-2900,Electronic Clinical Quality Measure,HH_ORAE,Hospital Harm - Opioid Related Adverse Events,Not Available,Not Available,5,01/01/2024,12/31/2024
310061,VIRTUA WILLINGBORO HOSPITAL,218A SUNSET ROAD,WILLINGBORO,NJ,08046,BURLINGTON,(609) 835-2900,Healthcare Personnel Vaccination,IMM_3,Healthcare workers given influenza vaccination,96,925,,10/01/2024,03/31/2025
310061,VIRTUA WILLINGBORO HOSPITAL,218A SUNSET ROAD,WILLINGBORO,NJ,08046,BURLINGTON,(609) 835-2900,Emergency Department,OP_18a,"Average (median) time all patients spent in the emergency department before leaving from the visit, including psychiatric/mental health patients and patients who were transferred to another facility. A lower number of minutes is better",198,424,,07/01/2024,06/30/2025
310061,VIRTUA WILLINGBORO HOSPITAL,218A SUNSET ROAD,WILLINGBORO,NJ,08046,BURLINGTON,(609) 835-2900,Emergency Department,OP_18b,"Average (median) time patients spent in the emergency department before leaving from the visit, excluding patients transferred to another facility or psychiatric care/mental health patients. A lower number of minutes is better",181,357,,07/01/2024,06/30/2025
310061,VIRTUA WILLINGBORO HOSPITAL,218A SUNSET ROAD,WILLINGBORO,NJ,08046,BURLINGTON,(609) 835-2900,Emergency Department,OP_18c,Average (median) time psychiatric/mental health patients spent in the emergency department before leaving from the visit. A lower number of minutes is better,314,30,,07/01/2024,06/30/2025
310061,VIRTUA WILLINGBORO HOSPITAL,218A SUNSET ROAD,WILLINGBORO,NJ,08046,BURLINGTON,(609) 835-2900,Emergency Department,OP_18d,Average (median) time patients spent in the emergency department before being transferred to another facility. A lower number of minutes is better,550,41,,07/01/2024,06/30/2025
310061,VIRTUA WILLINGBORO HOSPITAL,218A SUNSET ROAD,WILLINGBORO,NJ,08046,BURLINGTON,(609) 835-2900,Emergency Department,OP_22,Left before being seen,2,31740,,01/01/2024,12/31/2024
310061,VIRTUA WILLINGBORO HOSPITAL,218A SUNSET ROAD,WILLINGBORO,NJ,08046,BURLINGTON,(609) 835-2900,Emergency Department,OP_23,Head CT results,Not Available,Not Available,1,07/01/2024,06/30/2025
310061,VIRTUA WILLINGBORO HOSPITAL,218A SUNSET ROAD,WILLINGBORO,NJ,08046,BURLINGTON,(609) 835-2900,Colonoscopy care,OP_29,Endoscopy/polyp surveillance: appropriate follow-up interval for normal colonoscopy in average risk patients,98,93,,01/01/2024,12/31/2024
310061,VIRTUA WILLINGBORO HOSPITAL,218A SUNSET ROAD,WILLINGBORO,NJ,08046,BURLINGTON,(609) 835-2900,Cataract surgery outcome,OP_31,Improvement in Patient's Visual Function within 90 Days Following Cataract Surgery,Not Available,Not Available,5,01/01/2024,12/31/2024
310061,VIRTUA WILLINGBORO HOSPITAL,218A SUNSET ROAD,WILLINGBORO,NJ,08046,BURLINGTON,(609) 835-2900,Electronic Clinical Quality Measure,OP_40,ST-Segment Elevation Myocardial Infarction (STEMI),Not Available,Not Available,1,01/01/2024,12/31/2024
310061,VIRTUA WILLINGBORO HOSPITAL,218A SUNSET ROAD,WILLINGBORO,NJ,08046,BURLINGTON,(609) 835-2900,Electronic Clinical Quality Measure,SAFE_USE_OF_OPIOIDS,Safe Use of Opioids - Concurrent Prescribing,17,689,,01/01/2024,12/31/2024
310061,VIRTUA WILLINGBORO HOSPITAL,218A SUNSET ROAD,WILLINGBORO,NJ,08046,BURLINGTON,(609) 835-2900,Sepsis Care,SEP_1,Appropriate care for severe sepsis and septic shock,69,204,,07/01/2024,06/30/2025
310061,VIRTUA WILLINGBORO HOSPITAL,218A SUNSET ROAD,WILLINGBORO,NJ,08046,BURLINGTON,(609) 835-2900,Sepsis Care,SEP_SH_3HR,Septic Shock 3-Hour Bundle,72,64,,07/01/2024,06/30/2025
310061,VIRTUA WILLINGBORO HOSPITAL,218A SUNSET ROAD,WILLINGBORO,NJ,08046,BURLINGTON,(609) 835-2900,Sepsis Care,SEP_SH_6HR,Septic Shock 6-Hour Bundle,95,39,,07/01/2024,06/30/2025
310061,VIRTUA WILLINGBORO HOSPITAL,218A SUNSET ROAD,WILLINGBORO,NJ,08046,BURLINGTON,(609) 835-2900,Sepsis Care,SEV_SEP_3HR,Severe Sepsis 3-Hour Bundle,85,207,,07/01/2024,06/30/2025
310061,VIRTUA WILLINGBORO HOSPITAL,218A SUNSET ROAD,WILLINGBORO,NJ,08046,BURLINGTON,(609) 835-2900,Sepsis Care,SEV_SEP_6HR,Severe Sepsis 6-Hour Bundle,91,112,,07/01/2024,06/30/2025
310061,VIRTUA WILLINGBORO HOSPITAL,218A SUNSET ROAD,WILLINGBORO,NJ,08046,BURLINGTON,(609) 835-2900,Electronic Clinical Quality Measure,STK_02,Discharged on Antithrombotic Therapy,99,78,,01/01/2024,12/31/2024
310061,VIRTUA WILLINGBORO HOSPITAL,218A SUNSET ROAD,WILLINGBORO,NJ,08046,BURLINGTON,(609) 835-2900,Electronic Clinical Quality Measure,STK_03,Anticoagulation Therapy for Atrial Fibrillation/Flutter,Not Available,Not Available,1,01/01/2024,12/31/2024
310061,VIRTUA WILLINGBORO HOSPITAL,218A SUNSET ROAD,WILLINGBORO,NJ,08046,BURLINGTON,(609) 835-2900,Electronic Clinical Quality Measure,STK_05,Antithrombotic Therapy by End of Hospital Day 2,96,70,,01/01/2024,12/31/2024
310061,VIRTUA WILLINGBORO HOSPITAL,218A SUNSET ROAD,WILLINGBORO,NJ,08046,BURLINGTON,(609) 835-2900,Electronic Clinical Quality Measure,VTE_1,Venous Thromboembolism Prophylaxis,Not Available,Not Available,5,01/01/2024,12/31/2024
310061,VIRTUA WILLINGBORO HOSPITAL,218A SUNSET ROAD,WILLINGBORO,NJ,08046,BURLINGTON,(609) 835-2900,Electronic Clinical Quality Measure,VTE_2,Intensive Care Unit Venous Thromboembolism Prophylaxis,Not Available,Not Available,5,01/01/2024,12/31/2024
310064,ATLANTICARE REGIONAL MEDICAL CENTER - CITY CAMPUS,1925 PACIFIC AVENUE,ATLANTIC CITY,NJ,08401,ATLANTIC,(609) 441-8020,Emergency Department,EDV,Emergency department volume,very high,,,01/01/2024,12/31/2024
310064,ATLANTICARE REGIONAL MEDICAL CENTER - CITY CAMPUS,1925 PACIFIC AVENUE,ATLANTIC CITY,NJ,08401,ATLANTIC,(609) 441-8020,Electronic Clinical Quality Measure,GMCS,Global Malnutrition Composite Score,Not Available,Not Available,5,01/01/2024,12/31/2024
310064,ATLANTICARE REGIONAL MEDICAL CENTER - CITY CAMPUS,1925 PACIFIC AVENUE,ATLANTIC CITY,NJ,08401,ATLANTIC,(609) 441-8020,Electronic Clinical Quality Measure,GMCS_Malnutrition_Diagnosis_Documented,Global Malnutrition Composite Score: Malnutrition Diagnosis Documented,Not Available,Not Available,5,01/01/2024,12/31/2024
310064,ATLANTICARE REGIONAL MEDICAL CENTER - CITY CAMPUS,1925 PACIFIC AVENUE,ATLANTIC CITY,NJ,08401,ATLANTIC,(609) 441-8020,Electronic Clinical Quality Measure,GMCS_Malnutrition_Screening,Global Malnutrition Composite Score: Malnutrition Risk Screening,Not Available,Not Available,5,01/01/2024,12/31/2024
310064,ATLANTICARE REGIONAL MEDICAL CENTER - CITY CAMPUS,1925 PACIFIC AVENUE,ATLANTIC CITY,NJ,08401,ATLANTIC,(609) 441-8020,Electronic Clinical Quality Measure,GMCS_Nutrition_Assessment,Global Malnutrition Composite Score: Nutrition Assessment,Not Available,Not Available,5,01/01/2024,12/31/2024
310064,ATLANTICARE REGIONAL MEDICAL CENTER - CITY CAMPUS,1925 PACIFIC AVENUE,ATLANTIC CITY,NJ,08401,ATLANTIC,(609) 441-8020,Electronic Clinical Quality Measure,GMCS_Nutritional_Care_Plan,Global Malnutrition Composite Score: Nutritional Care Plan,Not Available,Not Available,5,01/01/2024,12/31/2024
310064,ATLANTICARE REGIONAL MEDICAL CENTER - CITY CAMPUS,1925 PACIFIC AVENUE,ATLANTIC CITY,NJ,08401,ATLANTIC,(609) 441-8020,Electronic Clinical Quality Measure,HH_HYPER,Hospital Harm - Severe Hyperglycemia,Not Available,Not Available,5,01/01/2024,12/31/2024
310064,ATLANTICARE REGIONAL MEDICAL CENTER - CITY CAMPUS,1925 PACIFIC AVENUE,ATLANTIC CITY,NJ,08401,ATLANTIC,(609) 441-8020,Electronic Clinical Quality Measure,HH_HYPO,Hospital Harm - Severe Hypoglycemia,Not Available,Not Available,5,01/01/2024,12/31/2024
310064,ATLANTICARE REGIONAL MEDICAL CENTER - CITY CAMPUS,1925 PACIFIC AVENUE,ATLANTIC CITY,NJ,08401,ATLANTIC,(609) 441-8020,Electronic Clinical Quality Measure,HH_ORAE,Hospital Harm - Opioid Related Adverse Events,Not Available,Not Available,5,01/01/2024,12/31/2024
310064,ATLANTICARE REGIONAL MEDICAL CENTER - CITY CAMPUS,1925 PACIFIC AVENUE,ATLANTIC CITY,NJ,08401,ATLANTIC,(609) 441-8020,Healthcare Personnel Vaccination,IMM_3,Healthcare workers given influenza vaccination,93,5155,,10/01/2024,03/31/2025
310064,ATLANTICARE REGIONAL MEDICAL CENTER - CITY CAMPUS,1925 PACIFIC AVENUE,ATLANTIC CITY,NJ,08401,ATLANTIC,(609) 441-8020,Emergency Department,OP_18a,"Average (median) time all patients spent in the emergency department before leaving from the visit, including psychiatric/mental health patients and patients who were transferred to another facility. A lower number of minutes is better",186,372,,07/01/2024,06/30/2025
310064,ATLANTICARE REGIONAL MEDICAL CENTER - CITY CAMPUS,1925 PACIFIC AVENUE,ATLANTIC CITY,NJ,08401,ATLANTIC,(609) 441-8020,Emergency Department,OP_18b,"Average (median) time patients spent in the emergency department before leaving from the visit, excluding patients transferred to another facility or psychiatric care/mental health patients. A lower number of minutes is better",171,348,,07/01/2024,06/30/2025
310064,ATLANTICARE REGIONAL MEDICAL CENTER - CITY CAMPUS,1925 PACIFIC AVENUE,ATLANTIC CITY,NJ,08401,ATLANTIC,(609) 441-8020,Emergency Department,OP_18c,Average (median) time psychiatric/mental health patients spent in the emergency department before leaving from the visit. A lower number of minutes is better,322,24,,07/01/2024,06/30/2025
310064,ATLANTICARE REGIONAL MEDICAL CENTER - CITY CAMPUS,1925 PACIFIC AVENUE,ATLANTIC CITY,NJ,08401,ATLANTIC,(609) 441-8020,Emergency Department,OP_18d,Average (median) time patients spent in the emergency department before being transferred to another facility. A lower number of minutes is better,Not Available,Not Available,7,07/01/2024,06/30/2025
310064,ATLANTICARE REGIONAL MEDICAL CENTER - CITY CAMPUS,1925 PACIFIC AVENUE,ATLANTIC CITY,NJ,08401,ATLANTIC,(609) 441-8020,Emergency Department,OP_22,Left before being seen,3,129727,,01/01/2024,12/31/2024
310064,ATLANTICARE REGIONAL MEDICAL CENTER - CITY CAMPUS,1925 PACIFIC AVENUE,ATLANTIC CITY,NJ,08401,ATLANTIC,(609) 441-8020,Emergency Department,OP_23,Head CT results,70,23,,07/01/2024,06/30/2025
310064,ATLANTICARE REGIONAL MEDICAL CENTER - CITY CAMPUS,1925 PACIFIC AVENUE,ATLANTIC CITY,NJ,08401,ATLANTIC,(609) 441-8020,Colonoscopy care,OP_29,Endoscopy/polyp surveillance: appropriate follow-up interval for normal colonoscopy in average risk patients,79,58,,01/01/2024,12/31/2024
310064,ATLANTICARE REGIONAL MEDICAL CENTER - CITY CAMPUS,1925 PACIFIC AVENUE,ATLANTIC CITY,NJ,08401,ATLANTIC,(609) 441-8020,Cataract surgery outcome,OP_31,Improvement in Patient's Visual Function within 90 Days Following Cataract Surgery,Not Available,Not Available,5,01/01/2024,12/31/2024
310064,ATLANTICARE REGIONAL MEDICAL CENTER - CITY CAMPUS,1925 PACIFIC AVENUE,ATLANTIC CITY,NJ,08401,ATLANTIC,(609) 441-8020,Electronic Clinical Quality Measure,OP_40,ST-Segment Elevation Myocardial Infarction (STEMI),60,30,,01/01/2024,12/31/2024
310064,ATLANTICARE REGIONAL MEDICAL CENTER - CITY CAMPUS,1925 PACIFIC AVENUE,ATLANTIC CITY,NJ,08401,ATLANTIC,(609) 441-8020,Electronic Clinical Quality Measure,SAFE_USE_OF_OPIOIDS,Safe Use of Opioids - Concurrent Prescribing,16,4372,,01/01/2024,12/31/2024
310064,ATLANTICARE REGIONAL MEDICAL CENTER - CITY CAMPUS,1925 PACIFIC AVENUE,ATLANTIC CITY,NJ,08401,ATLANTIC,(609) 441-8020,Sepsis Care,SEP_1,Appropriate care for severe sepsis and septic shock,66,188,2,07/01/2024,06/30/2025
310064,ATLANTICARE REGIONAL MEDICAL CENTER - CITY CAMPUS,1925 PACIFIC AVENUE,ATLANTIC CITY,NJ,08401,ATLANTIC,(609) 441-8020,Sepsis Care,SEP_SH_3HR,Septic Shock 3-Hour Bundle,81,64,2,07/01/2024,06/30/2025
310064,ATLANTICARE REGIONAL MEDICAL CENTER - CITY CAMPUS,1925 PACIFIC AVENUE,ATLANTIC CITY,NJ,08401,ATLANTIC,(609) 441-8020,Sepsis Care,SEP_SH_6HR,Septic Shock 6-Hour Bundle,86,49,2,07/01/2024,06/30/2025
310064,ATLANTICARE REGIONAL MEDICAL CENTER - CITY CAMPUS,1925 PACIFIC AVENUE,ATLANTIC CITY,NJ,08401,ATLANTIC,(609) 441-8020,Sepsis Care,SEV_SEP_3HR,Severe Sepsis 3-Hour Bundle,81,188,2,07/01/2024,06/30/2025
310064,ATLANTICARE REGIONAL MEDICAL CENTER - CITY CAMPUS,1925 PACIFIC AVENUE,ATLANTIC CITY,NJ,08401,ATLANTIC,(609) 441-8020,Sepsis Care,SEV_SEP_6HR,Severe Sepsis 6-Hour Bundle,96,113,2,07/01/2024,06/30/2025
310064,ATLANTICARE REGIONAL MEDICAL CENTER - CITY CAMPUS,1925 PACIFIC AVENUE,ATLANTIC CITY,NJ,08401,ATLANTIC,(609) 441-8020,Electronic Clinical Quality Measure,STK_02,Discharged on Antithrombotic Therapy,98,440,,01/01/2024,12/31/2024
310064,ATLANTICARE REGIONAL MEDICAL CENTER - CITY CAMPUS,1925 PACIFIC AVENUE,ATLANTIC CITY,NJ,08401,ATLANTIC,(609) 441-8020,Electronic Clinical Quality Measure,STK_03,Anticoagulation Therapy for Atrial Fibrillation/Flutter,73,115,,01/01/2024,12/31/2024
310064,ATLANTICARE REGIONAL MEDICAL CENTER - CITY CAMPUS,1925 PACIFIC AVENUE,ATLANTIC CITY,NJ,08401,ATLANTIC,(609) 441-8020,Electronic Clinical Quality Measure,STK_05,Antithrombotic Therapy by End of Hospital Day 2,91,390,,01/01/2024,12/31/2024
310064,ATLANTICARE REGIONAL MEDICAL CENTER - CITY CAMPUS,1925 PACIFIC AVENUE,ATLANTIC CITY,NJ,08401,ATLANTIC,(609) 441-8020,Electronic Clinical Quality Measure,VTE_1,Venous Thromboembolism Prophylaxis,Not Available,Not Available,5,01/01/2024,12/31/2024
310064,ATLANTICARE REGIONAL MEDICAL CENTER - CITY CAMPUS,1925 PACIFIC AVENUE,ATLANTIC CITY,NJ,08401,ATLANTIC,(609) 441-8020,Electronic Clinical Quality Measure,VTE_2,Intensive Care Unit Venous Thromboembolism Prophylaxis,Not Available,Not Available,5,01/01/2024,12/31/2024
310069,INSPIRA MEDICAL CENTER MULLICA HILL,501 WEST FRONT STREET,ELMER,NJ,08318,SALEM,(856) 363-1000,Emergency Department,EDV,Emergency department volume,very high,,,01/01/2024,12/31/2024
310069,INSPIRA MEDICAL CENTER MULLICA HILL,501 WEST FRONT STREET,ELMER,NJ,08318,SALEM,(856) 363-1000,Electronic Clinical Quality Measure,GMCS,Global Malnutrition Composite Score,Not Available,Not Available,5,01/01/2024,12/31/2024
310069,INSPIRA MEDICAL CENTER MULLICA HILL,501 WEST FRONT STREET,ELMER,NJ,08318,SALEM,(856) 363-1000,Electronic Clinical Quality Measure,GMCS_Malnutrition_Diagnosis_Documented,Global Malnutrition Composite Score: Malnutrition Diagnosis Documented,Not Available,Not Available,5,01/01/2024,12/31/2024
310069,INSPIRA MEDICAL CENTER MULLICA HILL,501 WEST FRONT STREET,ELMER,NJ,08318,SALEM,(856) 363-1000,Electronic Clinical Quality Measure,GMCS_Malnutrition_Screening,Global Malnutrition Composite Score: Malnutrition Risk Screening,Not Available,Not Available,5,01/01/2024,12/31/2024
310069,INSPIRA MEDICAL CENTER MULLICA HILL,501 WEST FRONT STREET,ELMER,NJ,08318,SALEM,(856) 363-1000,Electronic Clinical Quality Measure,GMCS_Nutrition_Assessment,Global Malnutrition Composite Score: Nutrition Assessment,Not Available,Not Available,5,01/01/2024,12/31/2024
310069,INSPIRA MEDICAL CENTER MULLICA HILL,501 WEST FRONT STREET,ELMER,NJ,08318,SALEM,(856) 363-1000,Electronic Clinical Quality Measure,GMCS_Nutritional_Care_Plan,Global Malnutrition Composite Score: Nutritional Care Plan,Not Available,Not Available,5,01/01/2024,12/31/2024
310069,INSPIRA MEDICAL CENTER MULLICA HILL,501 WEST FRONT STREET,ELMER,NJ,08318,SALEM,(856) 363-1000,Electronic Clinical Quality Measure,HH_HYPER,Hospital Harm - Severe Hyperglycemia,Not Available,Not Available,5,01/01/2024,12/31/2024
310069,INSPIRA MEDICAL CENTER MULLICA HILL,501 WEST FRONT STREET,ELMER,NJ,08318,SALEM,(856) 363-1000,Electronic Clinical Quality Measure,HH_HYPO,Hospital Harm - Severe Hypoglycemia,0,4203,,01/01/2024,12/31/2024
310069,INSPIRA MEDICAL CENTER MULLICA HILL,501 WEST FRONT STREET,ELMER,NJ,08318,SALEM,(856) 363-1000,Electronic Clinical Quality Measure,HH_ORAE,Hospital Harm - Opioid Related Adverse Events,Not Available,Not Available,5,01/01/2024,12/31/2024
310069,INSPIRA MEDICAL CENTER MULLICA HILL,501 WEST FRONT STREET,ELMER,NJ,08318,SALEM,(856) 363-1000,Healthcare Personnel Vaccination,IMM_3,Healthcare workers given influenza vaccination,94,4920,,10/01/2024,03/31/2025
310069,INSPIRA MEDICAL CENTER MULLICA HILL,501 WEST FRONT STREET,ELMER,NJ,08318,SALEM,(856) 363-1000,Emergency Department,OP_18a,"Average (median) time all patients spent in the emergency department before leaving from the visit, including psychiatric/mental health patients and patients who were transferred to another facility. A lower number of minutes is better",193,857,,07/01/2024,06/30/2025
310069,INSPIRA MEDICAL CENTER MULLICA HILL,501 WEST FRONT STREET,ELMER,NJ,08318,SALEM,(856) 363-1000,Emergency Department,OP_18b,"Average (median) time patients spent in the emergency department before leaving from the visit, excluding patients transferred to another facility or psychiatric care/mental health patients. A lower number of minutes is better",182,780,,07/01/2024,06/30/2025
310069,INSPIRA MEDICAL CENTER MULLICA HILL,501 WEST FRONT STREET,ELMER,NJ,08318,SALEM,(856) 363-1000,Emergency Department,OP_18c,Average (median) time psychiatric/mental health patients spent in the emergency department before leaving from the visit. A lower number of minutes is better,386,46,,07/01/2024,06/30/2025
310069,INSPIRA MEDICAL CENTER MULLICA HILL,501 WEST FRONT STREET,ELMER,NJ,08318,SALEM,(856) 363-1000,Emergency Department,OP_18d,Average (median) time patients spent in the emergency department before being transferred to another facility. A lower number of minutes is better,411,33,,07/01/2024,06/30/2025
310069,INSPIRA MEDICAL CENTER MULLICA HILL,501 WEST FRONT STREET,ELMER,NJ,08318,SALEM,(856) 363-1000,Emergency Department,OP_22,Left before being seen,2,97543,,01/01/2024,12/31/2024
310069,INSPIRA MEDICAL CENTER MULLICA HILL,501 WEST FRONT STREET,ELMER,NJ,08318,SALEM,(856) 363-1000,Emergency Department,OP_23,Head CT results,71,14,,07/01/2024,06/30/2025
310069,INSPIRA MEDICAL CENTER MULLICA HILL,501 WEST FRONT STREET,ELMER,NJ,08318,SALEM,(856) 363-1000,Colonoscopy care,OP_29,Endoscopy/polyp surveillance: appropriate follow-up interval for normal colonoscopy in average risk patients,82,220,,01/01/2024,12/31/2024
310069,INSPIRA MEDICAL CENTER MULLICA HILL,501 WEST FRONT STREET,ELMER,NJ,08318,SALEM,(856) 363-1000,Cataract surgery outcome,OP_31,Improvement in Patient's Visual Function within 90 Days Following Cataract Surgery,Not Available,Not Available,5,01/01/2024,12/31/2024
310069,INSPIRA MEDICAL CENTER MULLICA HILL,501 WEST FRONT STREET,ELMER,NJ,08318,SALEM,(856) 363-1000,Electronic Clinical Quality Measure,OP_40,ST-Segment Elevation Myocardial Infarction (STEMI),Not Available,Not Available,1,01/01/2024,12/31/2024
310069,INSPIRA MEDICAL CENTER MULLICA HILL,501 WEST FRONT STREET,ELMER,NJ,08318,SALEM,(856) 363-1000,Electronic Clinical Quality Measure,SAFE_USE_OF_OPIOIDS,Safe Use of Opioids - Concurrent Prescribing,19,3467,,01/01/2024,12/31/2024
310069,INSPIRA MEDICAL CENTER MULLICA HILL,501 WEST FRONT STREET,ELMER,NJ,08318,SALEM,(856) 363-1000,Sepsis Care,SEP_1,Appropriate care for severe sepsis and septic shock,60,295,2,07/01/2024,06/30/2025
310069,INSPIRA MEDICAL CENTER MULLICA HILL,501 WEST FRONT STREET,ELMER,NJ,08318,SALEM,(856) 363-1000,Sepsis Care,SEP_SH_3HR,Septic Shock 3-Hour Bundle,70,84,2,07/01/2024,06/30/2025
310069,INSPIRA MEDICAL CENTER MULLICA HILL,501 WEST FRONT STREET,ELMER,NJ,08318,SALEM,(856) 363-1000,Sepsis Care,SEP_SH_6HR,Septic Shock 6-Hour Bundle,62,45,2,07/01/2024,06/30/2025
310069,INSPIRA MEDICAL CENTER MULLICA HILL,501 WEST FRONT STREET,ELMER,NJ,08318,SALEM,(856) 363-1000,Sepsis Care,SEV_SEP_3HR,Severe Sepsis 3-Hour Bundle,78,295,2,07/01/2024,06/30/2025
310069,INSPIRA MEDICAL CENTER MULLICA HILL,501 WEST FRONT STREET,ELMER,NJ,08318,SALEM,(856) 363-1000,Sepsis Care,SEV_SEP_6HR,Severe Sepsis 6-Hour Bundle,96,171,2,07/01/2024,06/30/2025
310069,INSPIRA MEDICAL CENTER MULLICA HILL,501 WEST FRONT STREET,ELMER,NJ,08318,SALEM,(856) 363-1000,Electronic Clinical Quality Measure,STK_02,Discharged on Antithrombotic Therapy,96,198,,01/01/2024,12/31/2024
310069,INSPIRA MEDICAL CENTER MULLICA HILL,501 WEST FRONT STREET,ELMER,NJ,08318,SALEM,(856) 363-1000,Electronic Clinical Quality Measure,STK_03,Anticoagulation Therapy for Atrial Fibrillation/Flutter,Not Available,Not Available,5,01/01/2024,12/31/2024
310069,INSPIRA MEDICAL CENTER MULLICA HILL,501 WEST FRONT STREET,ELMER,NJ,08318,SALEM,(856) 363-1000,Electronic Clinical Quality Measure,STK_05,Antithrombotic Therapy by End of Hospital Day 2,90,182,,01/01/2024,12/31/2024
310069,INSPIRA MEDICAL CENTER MULLICA HILL,501 WEST FRONT STREET,ELMER,NJ,08318,SALEM,(856) 363-1000,Electronic Clinical Quality Measure,VTE_1,Venous Thromboembolism Prophylaxis,Not Available,Not Available,5,01/01/2024,12/31/2024
310069,INSPIRA MEDICAL CENTER MULLICA HILL,501 WEST FRONT STREET,ELMER,NJ,08318,SALEM,(856) 363-1000,Electronic Clinical Quality Measure,VTE_2,Intensive Care Unit Venous Thromboembolism Prophylaxis,Not Available,Not Available,5,01/01/2024,12/31/2024
310070,SAINT PETER'S UNIVERSITY HOSPITAL,254 EASTON AVE,NEW BRUNSWICK,NJ,08901,MIDDLESEX,(732) 745-8600,Emergency Department,EDV,Emergency department volume,high,,,01/01/2024,12/31/2024
310070,SAINT PETER'S UNIVERSITY HOSPITAL,254 EASTON AVE,NEW BRUNSWICK,NJ,08901,MIDDLESEX,(732) 745-8600,Electronic Clinical Quality Measure,GMCS,Global Malnutrition Composite Score,Not Available,Not Available,5,01/01/2024,12/31/2024
310070,SAINT PETER'S UNIVERSITY HOSPITAL,254 EASTON AVE,NEW BRUNSWICK,NJ,08901,MIDDLESEX,(732) 745-8600,Electronic Clinical Quality Measure,GMCS_Malnutrition_Diagnosis_Documented,Global Malnutrition Composite Score: Malnutrition Diagnosis Documented,Not Available,Not Available,5,01/01/2024,12/31/2024
310070,SAINT PETER'S UNIVERSITY HOSPITAL,254 EASTON AVE,NEW BRUNSWICK,NJ,08901,MIDDLESEX,(732) 745-8600,Electronic Clinical Quality Measure,GMCS_Malnutrition_Screening,Global Malnutrition Composite Score: Malnutrition Risk Screening,Not Available,Not Available,5,01/01/2024,12/31/2024
310070,SAINT PETER'S UNIVERSITY HOSPITAL,254 EASTON AVE,NEW BRUNSWICK,NJ,08901,MIDDLESEX,(732) 745-8600,Electronic Clinical Quality Measure,GMCS_Nutrition_Assessment,Global Malnutrition Composite Score: Nutrition Assessment,Not Available,Not Available,5,01/01/2024,12/31/2024
310070,SAINT PETER'S UNIVERSITY HOSPITAL,254 EASTON AVE,NEW BRUNSWICK,NJ,08901,MIDDLESEX,(732) 745-8600,Electronic Clinical Quality Measure,GMCS_Nutritional_Care_Plan,Global Malnutrition Composite Score: Nutritional Care Plan,Not Available,Not Available,5,01/01/2024,12/31/2024
310070,SAINT PETER'S UNIVERSITY HOSPITAL,254 EASTON AVE,NEW BRUNSWICK,NJ,08901,MIDDLESEX,(732) 745-8600,Electronic Clinical Quality Measure,HH_HYPER,Hospital Harm - Severe Hyperglycemia,Not Available,Not Available,5,01/01/2024,12/31/2024
310070,SAINT PETER'S UNIVERSITY HOSPITAL,254 EASTON AVE,NEW BRUNSWICK,NJ,08901,MIDDLESEX,(732) 745-8600,Electronic Clinical Quality Measure,HH_HYPO,Hospital Harm - Severe Hypoglycemia,Not Available,Not Available,5,01/01/2024,12/31/2024
310070,SAINT PETER'S UNIVERSITY HOSPITAL,254 EASTON AVE,NEW BRUNSWICK,NJ,08901,MIDDLESEX,(732) 745-8600,Electronic Clinical Quality Measure,HH_ORAE,Hospital Harm - Opioid Related Adverse Events,Not Available,Not Available,5,01/01/2024,12/31/2024
310070,SAINT PETER'S UNIVERSITY HOSPITAL,254 EASTON AVE,NEW BRUNSWICK,NJ,08901,MIDDLESEX,(732) 745-8600,Healthcare Personnel Vaccination,IMM_3,Healthcare workers given influenza vaccination,73,5354,,10/01/2024,03/31/2025
310070,SAINT PETER'S UNIVERSITY HOSPITAL,254 EASTON AVE,NEW BRUNSWICK,NJ,08901,MIDDLESEX,(732) 745-8600,Emergency Department,OP_18a,"Average (median) time all patients spent in the emergency department before leaving from the visit, including psychiatric/mental health patients and patients who were transferred to another facility. A lower number of minutes is better",214,421,,07/01/2024,06/30/2025
310070,SAINT PETER'S UNIVERSITY HOSPITAL,254 EASTON AVE,NEW BRUNSWICK,NJ,08901,MIDDLESEX,(732) 745-8600,Emergency Department,OP_18b,"Average (median) time patients spent in the emergency department before leaving from the visit, excluding patients transferred to another facility or psychiatric care/mental health patients. A lower number of minutes is better",207,407,,07/01/2024,06/30/2025
310070,SAINT PETER'S UNIVERSITY HOSPITAL,254 EASTON AVE,NEW BRUNSWICK,NJ,08901,MIDDLESEX,(732) 745-8600,Emergency Department,OP_18c,Average (median) time psychiatric/mental health patients spent in the emergency department before leaving from the visit. A lower number of minutes is better,721,13,,07/01/2024,06/30/2025
310070,SAINT PETER'S UNIVERSITY HOSPITAL,254 EASTON AVE,NEW BRUNSWICK,NJ,08901,MIDDLESEX,(732) 745-8600,Emergency Department,OP_18d,Average (median) time patients spent in the emergency department before being transferred to another facility. A lower number of minutes is better,Not Available,Not Available,1,07/01/2024,06/30/2025
310070,SAINT PETER'S UNIVERSITY HOSPITAL,254 EASTON AVE,NEW BRUNSWICK,NJ,08901,MIDDLESEX,(732) 745-8600,Emergency Department,OP_22,Left before being seen,3,41917,,01/01/2024,12/31/2024
310070,SAINT PETER'S UNIVERSITY HOSPITAL,254 EASTON AVE,NEW BRUNSWICK,NJ,08901,MIDDLESEX,(732) 745-8600,Emergency Department,OP_23,Head CT results,Not Available,Not Available,1,07/01/2024,06/30/2025
310070,SAINT PETER'S UNIVERSITY HOSPITAL,254 EASTON AVE,NEW BRUNSWICK,NJ,08901,MIDDLESEX,(732) 745-8600,Colonoscopy care,OP_29,Endoscopy/polyp surveillance: appropriate follow-up interval for normal colonoscopy in average risk patients,95,153,,01/01/2024,12/31/2024
310070,SAINT PETER'S UNIVERSITY HOSPITAL,254 EASTON AVE,NEW BRUNSWICK,NJ,08901,MIDDLESEX,(732) 745-8600,Cataract surgery outcome,OP_31,Improvement in Patient's Visual Function within 90 Days Following Cataract Surgery,Not Available,Not Available,5,01/01/2024,12/31/2024
310070,SAINT PETER'S UNIVERSITY HOSPITAL,254 EASTON AVE,NEW BRUNSWICK,NJ,08901,MIDDLESEX,(732) 745-8600,Electronic Clinical Quality Measure,OP_40,ST-Segment Elevation Myocardial Infarction (STEMI),Not Available,Not Available,5,01/01/2024,12/31/2024
310070,SAINT PETER'S UNIVERSITY HOSPITAL,254 EASTON AVE,NEW BRUNSWICK,NJ,08901,MIDDLESEX,(732) 745-8600,Electronic Clinical Quality Measure,SAFE_USE_OF_OPIOIDS,Safe Use of Opioids - Concurrent Prescribing,Not Available,Not Available,5,01/01/2024,12/31/2024
310070,SAINT PETER'S UNIVERSITY HOSPITAL,254 EASTON AVE,NEW BRUNSWICK,NJ,08901,MIDDLESEX,(732) 745-8600,Sepsis Care,SEP_1,Appropriate care for severe sepsis and septic shock,43,156,2,07/01/2024,06/30/2025
310070,SAINT PETER'S UNIVERSITY HOSPITAL,254 EASTON AVE,NEW BRUNSWICK,NJ,08901,MIDDLESEX,(732) 745-8600,Sepsis Care,SEP_SH_3HR,Septic Shock 3-Hour Bundle,24,34,2,07/01/2024,06/30/2025
310070,SAINT PETER'S UNIVERSITY HOSPITAL,254 EASTON AVE,NEW BRUNSWICK,NJ,08901,MIDDLESEX,(732) 745-8600,Sepsis Care,SEP_SH_6HR,Septic Shock 6-Hour Bundle,Not Available,Not Available,"1, 2",07/01/2024,06/30/2025
310070,SAINT PETER'S UNIVERSITY HOSPITAL,254 EASTON AVE,NEW BRUNSWICK,NJ,08901,MIDDLESEX,(732) 745-8600,Sepsis Care,SEV_SEP_3HR,Severe Sepsis 3-Hour Bundle,72,156,2,07/01/2024,06/30/2025
310070,SAINT PETER'S UNIVERSITY HOSPITAL,254 EASTON AVE,NEW BRUNSWICK,NJ,08901,MIDDLESEX,(732) 745-8600,Sepsis Care,SEV_SEP_6HR,Severe Sepsis 6-Hour Bundle,84,73,2,07/01/2024,06/30/2025
310070,SAINT PETER'S UNIVERSITY HOSPITAL,254 EASTON AVE,NEW BRUNSWICK,NJ,08901,MIDDLESEX,(732) 745-8600,Electronic Clinical Quality Measure,STK_02,Discharged on Antithrombotic Therapy,Not Available,Not Available,5,01/01/2024,12/31/2024
310070,SAINT PETER'S UNIVERSITY HOSPITAL,254 EASTON AVE,NEW BRUNSWICK,NJ,08901,MIDDLESEX,(732) 745-8600,Electronic Clinical Quality Measure,STK_03,Anticoagulation Therapy for Atrial Fibrillation/Flutter,Not Available,Not Available,5,01/01/2024,12/31/2024
310070,SAINT PETER'S UNIVERSITY HOSPITAL,254 EASTON AVE,NEW BRUNSWICK,NJ,08901,MIDDLESEX,(732) 745-8600,Electronic Clinical Quality Measure,STK_05,Antithrombotic Therapy by End of Hospital Day 2,Not Available,Not Available,5,01/01/2024,12/31/2024
310070,SAINT PETER'S UNIVERSITY HOSPITAL,254 EASTON AVE,NEW BRUNSWICK,NJ,08901,MIDDLESEX,(732) 745-8600,Electronic Clinical Quality Measure,VTE_1,Venous Thromboembolism Prophylaxis,Not Available,Not Available,5,01/01/2024,12/31/2024
310070,SAINT PETER'S UNIVERSITY HOSPITAL,254 EASTON AVE,NEW BRUNSWICK,NJ,08901,MIDDLESEX,(732) 745-8600,Electronic Clinical Quality Measure,VTE_2,Intensive Care Unit Venous Thromboembolism Prophylaxis,Not Available,Not Available,5,01/01/2024,12/31/2024
310073,JERSEY SHORE UNIVERSITY MEDICAL CENTER,1945 RTE 33,NEPTUNE,NJ,07754,MONMOUTH,(732) 775-5500,Emergency Department,EDV,Emergency department volume,very high,,,01/01/2024,12/31/2024
310073,JERSEY SHORE UNIVERSITY MEDICAL CENTER,1945 RTE 33,NEPTUNE,NJ,07754,MONMOUTH,(732) 775-5500,Electronic Clinical Quality Measure,GMCS,Global Malnutrition Composite Score,Not Available,Not Available,5,01/01/2024,12/31/2024
310073,JERSEY SHORE UNIVERSITY MEDICAL CENTER,1945 RTE 33,NEPTUNE,NJ,07754,MONMOUTH,(732) 775-5500,Electronic Clinical Quality Measure,GMCS_Malnutrition_Diagnosis_Documented,Global Malnutrition Composite Score: Malnutrition Diagnosis Documented,Not Available,Not Available,5,01/01/2024,12/31/2024
310073,JERSEY SHORE UNIVERSITY MEDICAL CENTER,1945 RTE 33,NEPTUNE,NJ,07754,MONMOUTH,(732) 775-5500,Electronic Clinical Quality Measure,GMCS_Malnutrition_Screening,Global Malnutrition Composite Score: Malnutrition Risk Screening,Not Available,Not Available,5,01/01/2024,12/31/2024
310073,JERSEY SHORE UNIVERSITY MEDICAL CENTER,1945 RTE 33,NEPTUNE,NJ,07754,MONMOUTH,(732) 775-5500,Electronic Clinical Quality Measure,GMCS_Nutrition_Assessment,Global Malnutrition Composite Score: Nutrition Assessment,Not Available,Not Available,5,01/01/2024,12/31/2024
310073,JERSEY SHORE UNIVERSITY MEDICAL CENTER,1945 RTE 33,NEPTUNE,NJ,07754,MONMOUTH,(732) 775-5500,Electronic Clinical Quality Measure,GMCS_Nutritional_Care_Plan,Global Malnutrition Composite Score: Nutritional Care Plan,Not Available,Not Available,5,01/01/2024,12/31/2024
310073,JERSEY SHORE UNIVERSITY MEDICAL CENTER,1945 RTE 33,NEPTUNE,NJ,07754,MONMOUTH,(732) 775-5500,Electronic Clinical Quality Measure,HH_HYPER,Hospital Harm - Severe Hyperglycemia,Not Available,Not Available,5,01/01/2024,12/31/2024
310073,JERSEY SHORE UNIVERSITY MEDICAL CENTER,1945 RTE 33,NEPTUNE,NJ,07754,MONMOUTH,(732) 775-5500,Electronic Clinical Quality Measure,HH_HYPO,Hospital Harm - Severe Hypoglycemia,Not Available,Not Available,5,01/01/2024,12/31/2024
310073,JERSEY SHORE UNIVERSITY MEDICAL CENTER,1945 RTE 33,NEPTUNE,NJ,07754,MONMOUTH,(732) 775-5500,Electronic Clinical Quality Measure,HH_ORAE,Hospital Harm - Opioid Related Adverse Events,Not Available,Not Available,5,01/01/2024,12/31/2024
310073,JERSEY SHORE UNIVERSITY MEDICAL CENTER,1945 RTE 33,NEPTUNE,NJ,07754,MONMOUTH,(732) 775-5500,Healthcare Personnel Vaccination,IMM_3,Healthcare workers given influenza vaccination,93,6729,,10/01/2024,03/31/2025
310073,JERSEY SHORE UNIVERSITY MEDICAL CENTER,1945 RTE 33,NEPTUNE,NJ,07754,MONMOUTH,(732) 775-5500,Emergency Department,OP_18a,"Average (median) time all patients spent in the emergency department before leaving from the visit, including psychiatric/mental health patients and patients who were transferred to another facility. A lower number of minutes is better",214,390,,07/01/2024,06/30/2025
310073,JERSEY SHORE UNIVERSITY MEDICAL CENTER,1945 RTE 33,NEPTUNE,NJ,07754,MONMOUTH,(732) 775-5500,Emergency Department,OP_18b,"Average (median) time patients spent in the emergency department before leaving from the visit, excluding patients transferred to another facility or psychiatric care/mental health patients. A lower number of minutes is better",208,352,,07/01/2024,06/30/2025
310073,JERSEY SHORE UNIVERSITY MEDICAL CENTER,1945 RTE 33,NEPTUNE,NJ,07754,MONMOUTH,(732) 775-5500,Emergency Department,OP_18c,Average (median) time psychiatric/mental health patients spent in the emergency department before leaving from the visit. A lower number of minutes is better,786,26,,07/01/2024,06/30/2025
310073,JERSEY SHORE UNIVERSITY MEDICAL CENTER,1945 RTE 33,NEPTUNE,NJ,07754,MONMOUTH,(732) 775-5500,Emergency Department,OP_18d,Average (median) time patients spent in the emergency department before being transferred to another facility. A lower number of minutes is better,162,12,,07/01/2024,06/30/2025
310073,JERSEY SHORE UNIVERSITY MEDICAL CENTER,1945 RTE 33,NEPTUNE,NJ,07754,MONMOUTH,(732) 775-5500,Emergency Department,OP_22,Left before being seen,2,92343,,01/01/2024,12/31/2024
310073,JERSEY SHORE UNIVERSITY MEDICAL CENTER,1945 RTE 33,NEPTUNE,NJ,07754,MONMOUTH,(732) 775-5500,Emergency Department,OP_23,Head CT results,Not Available,Not Available,1,07/01/2024,06/30/2025
310073,JERSEY SHORE UNIVERSITY MEDICAL CENTER,1945 RTE 33,NEPTUNE,NJ,07754,MONMOUTH,(732) 775-5500,Colonoscopy care,OP_29,Endoscopy/polyp surveillance: appropriate follow-up interval for normal colonoscopy in average risk patients,89,70,,01/01/2024,12/31/2024
310073,JERSEY SHORE UNIVERSITY MEDICAL CENTER,1945 RTE 33,NEPTUNE,NJ,07754,MONMOUTH,(732) 775-5500,Cataract surgery outcome,OP_31,Improvement in Patient's Visual Function within 90 Days Following Cataract Surgery,Not Available,Not Available,5,01/01/2024,12/31/2024
310073,JERSEY SHORE UNIVERSITY MEDICAL CENTER,1945 RTE 33,NEPTUNE,NJ,07754,MONMOUTH,(732) 775-5500,Electronic Clinical Quality Measure,OP_40,ST-Segment Elevation Myocardial Infarction (STEMI),Not Available,Not Available,1,01/01/2024,12/31/2024
310073,JERSEY SHORE UNIVERSITY MEDICAL CENTER,1945 RTE 33,NEPTUNE,NJ,07754,MONMOUTH,(732) 775-5500,Electronic Clinical Quality Measure,SAFE_USE_OF_OPIOIDS,Safe Use of Opioids - Concurrent Prescribing,18,8108,,01/01/2024,12/31/2024
310073,JERSEY SHORE UNIVERSITY MEDICAL CENTER,1945 RTE 33,NEPTUNE,NJ,07754,MONMOUTH,(732) 775-5500,Sepsis Care,SEP_1,Appropriate care for severe sepsis and septic shock,67,157,2,07/01/2024,06/30/2025
310073,JERSEY SHORE UNIVERSITY MEDICAL CENTER,1945 RTE 33,NEPTUNE,NJ,07754,MONMOUTH,(732) 775-5500,Sepsis Care,SEP_SH_3HR,Septic Shock 3-Hour Bundle,72,69,2,07/01/2024,06/30/2025
310073,JERSEY SHORE UNIVERSITY MEDICAL CENTER,1945 RTE 33,NEPTUNE,NJ,07754,MONMOUTH,(732) 775-5500,Sepsis Care,SEP_SH_6HR,Septic Shock 6-Hour Bundle,89,36,2,07/01/2024,06/30/2025
310073,JERSEY SHORE UNIVERSITY MEDICAL CENTER,1945 RTE 33,NEPTUNE,NJ,07754,MONMOUTH,(732) 775-5500,Sepsis Care,SEV_SEP_3HR,Severe Sepsis 3-Hour Bundle,84,157,2,07/01/2024,06/30/2025
310073,JERSEY SHORE UNIVERSITY MEDICAL CENTER,1945 RTE 33,NEPTUNE,NJ,07754,MONMOUTH,(732) 775-5500,Sepsis Care,SEV_SEP_6HR,Severe Sepsis 6-Hour Bundle,96,85,2,07/01/2024,06/30/2025
310073,JERSEY SHORE UNIVERSITY MEDICAL CENTER,1945 RTE 33,NEPTUNE,NJ,07754,MONMOUTH,(732) 775-5500,Electronic Clinical Quality Measure,STK_02,Discharged on Antithrombotic Therapy,95,625,,01/01/2024,12/31/2024
310073,JERSEY SHORE UNIVERSITY MEDICAL CENTER,1945 RTE 33,NEPTUNE,NJ,07754,MONMOUTH,(732) 775-5500,Electronic Clinical Quality Measure,STK_03,Anticoagulation Therapy for Atrial Fibrillation/Flutter,74,229,,01/01/2024,12/31/2024
310073,JERSEY SHORE UNIVERSITY MEDICAL CENTER,1945 RTE 33,NEPTUNE,NJ,07754,MONMOUTH,(732) 775-5500,Electronic Clinical Quality Measure,STK_05,Antithrombotic Therapy by End of Hospital Day 2,89,532,,01/01/2024,12/31/2024
310073,JERSEY SHORE UNIVERSITY MEDICAL CENTER,1945 RTE 33,NEPTUNE,NJ,07754,MONMOUTH,(732) 775-5500,Electronic Clinical Quality Measure,VTE_1,Venous Thromboembolism Prophylaxis,Not Available,Not Available,5,01/01/2024,12/31/2024
310073,JERSEY SHORE UNIVERSITY MEDICAL CENTER,1945 RTE 33,NEPTUNE,NJ,07754,MONMOUTH,(732) 775-5500,Electronic Clinical Quality Measure,VTE_2,Intensive Care Unit Venous Thromboembolism Prophylaxis,Not Available,Not Available,5,01/01/2024,12/31/2024
310074,JERSEY CITY MEDICAL CENTER,355 GRAND STREET,JERSEY CITY,NJ,07302,HUDSON,(201) 915-2000,Emergency Department,EDV,Emergency department volume,very high,,,01/01/2024,12/31/2024
310074,JERSEY CITY MEDICAL CENTER,355 GRAND STREET,JERSEY CITY,NJ,07302,HUDSON,(201) 915-2000,Electronic Clinical Quality Measure,GMCS,Global Malnutrition Composite Score,Not Available,Not Available,5,01/01/2024,12/31/2024
310074,JERSEY CITY MEDICAL CENTER,355 GRAND STREET,JERSEY CITY,NJ,07302,HUDSON,(201) 915-2000,Electronic Clinical Quality Measure,GMCS_Malnutrition_Diagnosis_Documented,Global Malnutrition Composite Score: Malnutrition Diagnosis Documented,Not Available,Not Available,5,01/01/2024,12/31/2024
310074,JERSEY CITY MEDICAL CENTER,355 GRAND STREET,JERSEY CITY,NJ,07302,HUDSON,(201) 915-2000,Electronic Clinical Quality Measure,GMCS_Malnutrition_Screening,Global Malnutrition Composite Score: Malnutrition Risk Screening,Not Available,Not Available,5,01/01/2024,12/31/2024
310074,JERSEY CITY MEDICAL CENTER,355 GRAND STREET,JERSEY CITY,NJ,07302,HUDSON,(201) 915-2000,Electronic Clinical Quality Measure,GMCS_Nutrition_Assessment,Global Malnutrition Composite Score: Nutrition Assessment,Not Available,Not Available,5,01/01/2024,12/31/2024
310074,JERSEY CITY MEDICAL CENTER,355 GRAND STREET,JERSEY CITY,NJ,07302,HUDSON,(201) 915-2000,Electronic Clinical Quality Measure,GMCS_Nutritional_Care_Plan,Global Malnutrition Composite Score: Nutritional Care Plan,Not Available,Not Available,5,01/01/2024,12/31/2024
310074,JERSEY CITY MEDICAL CENTER,355 GRAND STREET,JERSEY CITY,NJ,07302,HUDSON,(201) 915-2000,Electronic Clinical Quality Measure,HH_HYPER,Hospital Harm - Severe Hyperglycemia,Not Available,Not Available,5,01/01/2024,12/31/2024
310074,JERSEY CITY MEDICAL CENTER,355 GRAND STREET,JERSEY CITY,NJ,07302,HUDSON,(201) 915-2000,Electronic Clinical Quality Measure,HH_HYPO,Hospital Harm - Severe Hypoglycemia,Not Available,Not Available,5,01/01/2024,12/31/2024
310074,JERSEY CITY MEDICAL CENTER,355 GRAND STREET,JERSEY CITY,NJ,07302,HUDSON,(201) 915-2000,Electronic Clinical Quality Measure,HH_ORAE,Hospital Harm - Opioid Related Adverse Events,Not Available,Not Available,5,01/01/2024,12/31/2024
310074,JERSEY CITY MEDICAL CENTER,355 GRAND STREET,JERSEY CITY,NJ,07302,HUDSON,(201) 915-2000,Healthcare Personnel Vaccination,IMM_3,Healthcare workers given influenza vaccination,95,3296,,10/01/2024,03/31/2025
310074,JERSEY CITY MEDICAL CENTER,355 GRAND STREET,JERSEY CITY,NJ,07302,HUDSON,(201) 915-2000,Emergency Department,OP_18a,"Average (median) time all patients spent in the emergency department before leaving from the visit, including psychiatric/mental health patients and patients who were transferred to another facility. A lower number of minutes is better",190,422,,07/01/2024,06/30/2025
310074,JERSEY CITY MEDICAL CENTER,355 GRAND STREET,JERSEY CITY,NJ,07302,HUDSON,(201) 915-2000,Emergency Department,OP_18b,"Average (median) time patients spent in the emergency department before leaving from the visit, excluding patients transferred to another facility or psychiatric care/mental health patients. A lower number of minutes is better",190,402,,07/01/2024,06/30/2025
310074,JERSEY CITY MEDICAL CENTER,355 GRAND STREET,JERSEY CITY,NJ,07302,HUDSON,(201) 915-2000,Emergency Department,OP_18c,Average (median) time psychiatric/mental health patients spent in the emergency department before leaving from the visit. A lower number of minutes is better,311,20,,07/01/2024,06/30/2025
310074,JERSEY CITY MEDICAL CENTER,355 GRAND STREET,JERSEY CITY,NJ,07302,HUDSON,(201) 915-2000,Emergency Department,OP_18d,Average (median) time patients spent in the emergency department before being transferred to another facility. A lower number of minutes is better,Not Available,Not Available,7,07/01/2024,06/30/2025
310074,JERSEY CITY MEDICAL CENTER,355 GRAND STREET,JERSEY CITY,NJ,07302,HUDSON,(201) 915-2000,Emergency Department,OP_22,Left before being seen,1,87167,,01/01/2024,12/31/2024
310074,JERSEY CITY MEDICAL CENTER,355 GRAND STREET,JERSEY CITY,NJ,07302,HUDSON,(201) 915-2000,Emergency Department,OP_23,Head CT results,Not Available,Not Available,"1, 3",07/01/2024,06/30/2025
310074,JERSEY CITY MEDICAL CENTER,355 GRAND STREET,JERSEY CITY,NJ,07302,HUDSON,(201) 915-2000,Colonoscopy care,OP_29,Endoscopy/polyp surveillance: appropriate follow-up interval for normal colonoscopy in average risk patients,89,112,,01/01/2024,12/31/2024
310074,JERSEY CITY MEDICAL CENTER,355 GRAND STREET,JERSEY CITY,NJ,07302,HUDSON,(201) 915-2000,Cataract surgery outcome,OP_31,Improvement in Patient's Visual Function within 90 Days Following Cataract Surgery,Not Available,Not Available,5,01/01/2024,12/31/2024
310074,JERSEY CITY MEDICAL CENTER,355 GRAND STREET,JERSEY CITY,NJ,07302,HUDSON,(201) 915-2000,Electronic Clinical Quality Measure,OP_40,ST-Segment Elevation Myocardial Infarction (STEMI),Not Available,Not Available,1,01/01/2024,12/31/2024
310074,JERSEY CITY MEDICAL CENTER,355 GRAND STREET,JERSEY CITY,NJ,07302,HUDSON,(201) 915-2000,Electronic Clinical Quality Measure,SAFE_USE_OF_OPIOIDS,Safe Use of Opioids - Concurrent Prescribing,13,2831,,01/01/2024,12/31/2024
310074,JERSEY CITY MEDICAL CENTER,355 GRAND STREET,JERSEY CITY,NJ,07302,HUDSON,(201) 915-2000,Sepsis Care,SEP_1,Appropriate care for severe sepsis and septic shock,77,225,2,07/01/2024,06/30/2025
310074,JERSEY CITY MEDICAL CENTER,355 GRAND STREET,JERSEY CITY,NJ,07302,HUDSON,(201) 915-2000,Sepsis Care,SEP_SH_3HR,Septic Shock 3-Hour Bundle,83,77,2,07/01/2024,06/30/2025
310074,JERSEY CITY MEDICAL CENTER,355 GRAND STREET,JERSEY CITY,NJ,07302,HUDSON,(201) 915-2000,Sepsis Care,SEP_SH_6HR,Septic Shock 6-Hour Bundle,87,52,2,07/01/2024,06/30/2025
310074,JERSEY CITY MEDICAL CENTER,355 GRAND STREET,JERSEY CITY,NJ,07302,HUDSON,(201) 915-2000,Sepsis Care,SEV_SEP_3HR,Severe Sepsis 3-Hour Bundle,89,228,2,07/01/2024,06/30/2025
310074,JERSEY CITY MEDICAL CENTER,355 GRAND STREET,JERSEY CITY,NJ,07302,HUDSON,(201) 915-2000,Sepsis Care,SEV_SEP_6HR,Severe Sepsis 6-Hour Bundle,96,152,2,07/01/2024,06/30/2025
310074,JERSEY CITY MEDICAL CENTER,355 GRAND STREET,JERSEY CITY,NJ,07302,HUDSON,(201) 915-2000,Electronic Clinical Quality Measure,STK_02,Discharged on Antithrombotic Therapy,95,536,,01/01/2024,12/31/2024
310074,JERSEY CITY MEDICAL CENTER,355 GRAND STREET,JERSEY CITY,NJ,07302,HUDSON,(201) 915-2000,Electronic Clinical Quality Measure,STK_03,Anticoagulation Therapy for Atrial Fibrillation/Flutter,Not Available,Not Available,5,01/01/2024,12/31/2024
310074,JERSEY CITY MEDICAL CENTER,355 GRAND STREET,JERSEY CITY,NJ,07302,HUDSON,(201) 915-2000,Electronic Clinical Quality Measure,STK_05,Antithrombotic Therapy by End of Hospital Day 2,93,471,,01/01/2024,12/31/2024
310074,JERSEY CITY MEDICAL CENTER,355 GRAND STREET,JERSEY CITY,NJ,07302,HUDSON,(201) 915-2000,Electronic Clinical Quality Measure,VTE_1,Venous Thromboembolism Prophylaxis,72,8072,,01/01/2024,12/31/2024
310074,JERSEY CITY MEDICAL CENTER,355 GRAND STREET,JERSEY CITY,NJ,07302,HUDSON,(201) 915-2000,Electronic Clinical Quality Measure,VTE_2,Intensive Care Unit Venous Thromboembolism Prophylaxis,Not Available,Not Available,5,01/01/2024,12/31/2024
310075,MONMOUTH MEDICAL CENTER,300 SECOND AVENUE,LONG BRANCH,NJ,07740,MONMOUTH,(732) 222-5200,Emergency Department,EDV,Emergency department volume,high,,,01/01/2024,12/31/2024
310075,MONMOUTH MEDICAL CENTER,300 SECOND AVENUE,LONG BRANCH,NJ,07740,MONMOUTH,(732) 222-5200,Electronic Clinical Quality Measure,GMCS,Global Malnutrition Composite Score,Not Available,Not Available,5,01/01/2024,12/31/2024
310075,MONMOUTH MEDICAL CENTER,300 SECOND AVENUE,LONG BRANCH,NJ,07740,MONMOUTH,(732) 222-5200,Electronic Clinical Quality Measure,GMCS_Malnutrition_Diagnosis_Documented,Global Malnutrition Composite Score: Malnutrition Diagnosis Documented,Not Available,Not Available,5,01/01/2024,12/31/2024
310075,MONMOUTH MEDICAL CENTER,300 SECOND AVENUE,LONG BRANCH,NJ,07740,MONMOUTH,(732) 222-5200,Electronic Clinical Quality Measure,GMCS_Malnutrition_Screening,Global Malnutrition Composite Score: Malnutrition Risk Screening,Not Available,Not Available,5,01/01/2024,12/31/2024
310075,MONMOUTH MEDICAL CENTER,300 SECOND AVENUE,LONG BRANCH,NJ,07740,MONMOUTH,(732) 222-5200,Electronic Clinical Quality Measure,GMCS_Nutrition_Assessment,Global Malnutrition Composite Score: Nutrition Assessment,Not Available,Not Available,5,01/01/2024,12/31/2024
310075,MONMOUTH MEDICAL CENTER,300 SECOND AVENUE,LONG BRANCH,NJ,07740,MONMOUTH,(732) 222-5200,Electronic Clinical Quality Measure,GMCS_Nutritional_Care_Plan,Global Malnutrition Composite Score: Nutritional Care Plan,Not Available,Not Available,5,01/01/2024,12/31/2024
310075,MONMOUTH MEDICAL CENTER,300 SECOND AVENUE,LONG BRANCH,NJ,07740,MONMOUTH,(732) 222-5200,Electronic Clinical Quality Measure,HH_HYPER,Hospital Harm - Severe Hyperglycemia,Not Available,Not Available,5,01/01/2024,12/31/2024
310075,MONMOUTH MEDICAL CENTER,300 SECOND AVENUE,LONG BRANCH,NJ,07740,MONMOUTH,(732) 222-5200,Electronic Clinical Quality Measure,HH_HYPO,Hospital Harm - Severe Hypoglycemia,Not Available,Not Available,5,01/01/2024,12/31/2024
310075,MONMOUTH MEDICAL CENTER,300 SECOND AVENUE,LONG BRANCH,NJ,07740,MONMOUTH,(732) 222-5200,Electronic Clinical Quality Measure,HH_ORAE,Hospital Harm - Opioid Related Adverse Events,Not Available,Not Available,5,01/01/2024,12/31/2024
310075,MONMOUTH MEDICAL CENTER,300 SECOND AVENUE,LONG BRANCH,NJ,07740,MONMOUTH,(732) 222-5200,Healthcare Personnel Vaccination,IMM_3,Healthcare workers given influenza vaccination,94,3217,,10/01/2024,03/31/2025
310075,MONMOUTH MEDICAL CENTER,300 SECOND AVENUE,LONG BRANCH,NJ,07740,MONMOUTH,(732) 222-5200,Emergency Department,OP_18a,"Average (median) time all patients spent in the emergency department before leaving from the visit, including psychiatric/mental health patients and patients who were transferred to another facility. A lower number of minutes is better",134,425,,07/01/2024,06/30/2025
310075,MONMOUTH MEDICAL CENTER,300 SECOND AVENUE,LONG BRANCH,NJ,07740,MONMOUTH,(732) 222-5200,Emergency Department,OP_18b,"Average (median) time patients spent in the emergency department before leaving from the visit, excluding patients transferred to another facility or psychiatric care/mental health patients. A lower number of minutes is better",129,396,,07/01/2024,06/30/2025
310075,MONMOUTH MEDICAL CENTER,300 SECOND AVENUE,LONG BRANCH,NJ,07740,MONMOUTH,(732) 222-5200,Emergency Department,OP_18c,Average (median) time psychiatric/mental health patients spent in the emergency department before leaving from the visit. A lower number of minutes is better,268,28,,07/01/2024,06/30/2025
310075,MONMOUTH MEDICAL CENTER,300 SECOND AVENUE,LONG BRANCH,NJ,07740,MONMOUTH,(732) 222-5200,Emergency Department,OP_18d,Average (median) time patients spent in the emergency department before being transferred to another facility. A lower number of minutes is better,Not Available,Not Available,1,07/01/2024,06/30/2025
310075,MONMOUTH MEDICAL CENTER,300 SECOND AVENUE,LONG BRANCH,NJ,07740,MONMOUTH,(732) 222-5200,Emergency Department,OP_22,Left before being seen,0,46159,,01/01/2024,12/31/2024
310075,MONMOUTH MEDICAL CENTER,300 SECOND AVENUE,LONG BRANCH,NJ,07740,MONMOUTH,(732) 222-5200,Emergency Department,OP_23,Head CT results,Not Available,Not Available,1,07/01/2024,06/30/2025
310075,MONMOUTH MEDICAL CENTER,300 SECOND AVENUE,LONG BRANCH,NJ,07740,MONMOUTH,(732) 222-5200,Colonoscopy care,OP_29,Endoscopy/polyp surveillance: appropriate follow-up interval for normal colonoscopy in average risk patients,77,26,,01/01/2024,12/31/2024
310075,MONMOUTH MEDICAL CENTER,300 SECOND AVENUE,LONG BRANCH,NJ,07740,MONMOUTH,(732) 222-5200,Cataract surgery outcome,OP_31,Improvement in Patient's Visual Function within 90 Days Following Cataract Surgery,Not Available,Not Available,5,01/01/2024,12/31/2024
310075,MONMOUTH MEDICAL CENTER,300 SECOND AVENUE,LONG BRANCH,NJ,07740,MONMOUTH,(732) 222-5200,Electronic Clinical Quality Measure,OP_40,ST-Segment Elevation Myocardial Infarction (STEMI),Not Available,Not Available,1,01/01/2024,12/31/2024
310075,MONMOUTH MEDICAL CENTER,300 SECOND AVENUE,LONG BRANCH,NJ,07740,MONMOUTH,(732) 222-5200,Electronic Clinical Quality Measure,SAFE_USE_OF_OPIOIDS,Safe Use of Opioids - Concurrent Prescribing,20,2196,,01/01/2024,12/31/2024
310075,MONMOUTH MEDICAL CENTER,300 SECOND AVENUE,LONG BRANCH,NJ,07740,MONMOUTH,(732) 222-5200,Sepsis Care,SEP_1,Appropriate care for severe sepsis and septic shock,91,181,2,07/01/2024,06/30/2025
310075,MONMOUTH MEDICAL CENTER,300 SECOND AVENUE,LONG BRANCH,NJ,07740,MONMOUTH,(732) 222-5200,Sepsis Care,SEP_SH_3HR,Septic Shock 3-Hour Bundle,95,74,2,07/01/2024,06/30/2025
310075,MONMOUTH MEDICAL CENTER,300 SECOND AVENUE,LONG BRANCH,NJ,07740,MONMOUTH,(732) 222-5200,Sepsis Care,SEP_SH_6HR,Septic Shock 6-Hour Bundle,93,58,2,07/01/2024,06/30/2025
310075,MONMOUTH MEDICAL CENTER,300 SECOND AVENUE,LONG BRANCH,NJ,07740,MONMOUTH,(732) 222-5200,Sepsis Care,SEV_SEP_3HR,Severe Sepsis 3-Hour Bundle,96,182,2,07/01/2024,06/30/2025
310075,MONMOUTH MEDICAL CENTER,300 SECOND AVENUE,LONG BRANCH,NJ,07740,MONMOUTH,(732) 222-5200,Sepsis Care,SEV_SEP_6HR,Severe Sepsis 6-Hour Bundle,99,122,2,07/01/2024,06/30/2025
310075,MONMOUTH MEDICAL CENTER,300 SECOND AVENUE,LONG BRANCH,NJ,07740,MONMOUTH,(732) 222-5200,Electronic Clinical Quality Measure,STK_02,Discharged on Antithrombotic Therapy,91,164,,01/01/2024,12/31/2024
310075,MONMOUTH MEDICAL CENTER,300 SECOND AVENUE,LONG BRANCH,NJ,07740,MONMOUTH,(732) 222-5200,Electronic Clinical Quality Measure,STK_03,Anticoagulation Therapy for Atrial Fibrillation/Flutter,Not Available,Not Available,5,01/01/2024,12/31/2024
310075,MONMOUTH MEDICAL CENTER,300 SECOND AVENUE,LONG BRANCH,NJ,07740,MONMOUTH,(732) 222-5200,Electronic Clinical Quality Measure,STK_05,Antithrombotic Therapy by End of Hospital Day 2,91,152,,01/01/2024,12/31/2024
310075,MONMOUTH MEDICAL CENTER,300 SECOND AVENUE,LONG BRANCH,NJ,07740,MONMOUTH,(732) 222-5200,Electronic Clinical Quality Measure,VTE_1,Venous Thromboembolism Prophylaxis,68,5073,,01/01/2024,12/31/2024
310075,MONMOUTH MEDICAL CENTER,300 SECOND AVENUE,LONG BRANCH,NJ,07740,MONMOUTH,(732) 222-5200,Electronic Clinical Quality Measure,VTE_2,Intensive Care Unit Venous Thromboembolism Prophylaxis,Not Available,Not Available,5,01/01/2024,12/31/2024
310076,COOPERMAN BARNABAS MEDICAL CENTER,94 OLD SHORT HILLS ROAD,LIVINGSTON,NJ,07039,ESSEX,(973) 322-5000,Emergency Department,EDV,Emergency department volume,very high,,,01/01/2024,12/31/2024
310076,COOPERMAN BARNABAS MEDICAL CENTER,94 OLD SHORT HILLS ROAD,LIVINGSTON,NJ,07039,ESSEX,(973) 322-5000,Electronic Clinical Quality Measure,GMCS,Global Malnutrition Composite Score,Not Available,Not Available,5,01/01/2024,12/31/2024
310076,COOPERMAN BARNABAS MEDICAL CENTER,94 OLD SHORT HILLS ROAD,LIVINGSTON,NJ,07039,ESSEX,(973) 322-5000,Electronic Clinical Quality Measure,GMCS_Malnutrition_Diagnosis_Documented,Global Malnutrition Composite Score: Malnutrition Diagnosis Documented,Not Available,Not Available,5,01/01/2024,12/31/2024
310076,COOPERMAN BARNABAS MEDICAL CENTER,94 OLD SHORT HILLS ROAD,LIVINGSTON,NJ,07039,ESSEX,(973) 322-5000,Electronic Clinical Quality Measure,GMCS_Malnutrition_Screening,Global Malnutrition Composite Score: Malnutrition Risk Screening,Not Available,Not Available,5,01/01/2024,12/31/2024
310076,COOPERMAN BARNABAS MEDICAL CENTER,94 OLD SHORT HILLS ROAD,LIVINGSTON,NJ,07039,ESSEX,(973) 322-5000,Electronic Clinical Quality Measure,GMCS_Nutrition_Assessment,Global Malnutrition Composite Score: Nutrition Assessment,Not Available,Not Available,5,01/01/2024,12/31/2024
310076,COOPERMAN BARNABAS MEDICAL CENTER,94 OLD SHORT HILLS ROAD,LIVINGSTON,NJ,07039,ESSEX,(973) 322-5000,Electronic Clinical Quality Measure,GMCS_Nutritional_Care_Plan,Global Malnutrition Composite Score: Nutritional Care Plan,Not Available,Not Available,5,01/01/2024,12/31/2024
310076,COOPERMAN BARNABAS MEDICAL CENTER,94 OLD SHORT HILLS ROAD,LIVINGSTON,NJ,07039,ESSEX,(973) 322-5000,Electronic Clinical Quality Measure,HH_HYPER,Hospital Harm - Severe Hyperglycemia,Not Available,Not Available,5,01/01/2024,12/31/2024
310076,COOPERMAN BARNABAS MEDICAL CENTER,94 OLD SHORT HILLS ROAD,LIVINGSTON,NJ,07039,ESSEX,(973) 322-5000,Electronic Clinical Quality Measure,HH_HYPO,Hospital Harm - Severe Hypoglycemia,Not Available,Not Available,5,01/01/2024,12/31/2024
310076,COOPERMAN BARNABAS MEDICAL CENTER,94 OLD SHORT HILLS ROAD,LIVINGSTON,NJ,07039,ESSEX,(973) 322-5000,Electronic Clinical Quality Measure,HH_ORAE,Hospital Harm - Opioid Related Adverse Events,Not Available,Not Available,5,01/01/2024,12/31/2024
310076,COOPERMAN BARNABAS MEDICAL CENTER,94 OLD SHORT HILLS ROAD,LIVINGSTON,NJ,07039,ESSEX,(973) 322-5000,Healthcare Personnel Vaccination,IMM_3,Healthcare workers given influenza vaccination,97,6867,,10/01/2024,03/31/2025
310076,COOPERMAN BARNABAS MEDICAL CENTER,94 OLD SHORT HILLS ROAD,LIVINGSTON,NJ,07039,ESSEX,(973) 322-5000,Emergency Department,OP_18a,"Average (median) time all patients spent in the emergency department before leaving from the visit, including psychiatric/mental health patients and patients who were transferred to another facility. A lower number of minutes is better",120,431,,07/01/2024,06/30/2025
310076,COOPERMAN BARNABAS MEDICAL CENTER,94 OLD SHORT HILLS ROAD,LIVINGSTON,NJ,07039,ESSEX,(973) 322-5000,Emergency Department,OP_18b,"Average (median) time patients spent in the emergency department before leaving from the visit, excluding patients transferred to another facility or psychiatric care/mental health patients. A lower number of minutes is better",120,426,,07/01/2024,06/30/2025
310076,COOPERMAN BARNABAS MEDICAL CENTER,94 OLD SHORT HILLS ROAD,LIVINGSTON,NJ,07039,ESSEX,(973) 322-5000,Emergency Department,OP_18c,Average (median) time psychiatric/mental health patients spent in the emergency department before leaving from the visit. A lower number of minutes is better,Not Available,Not Available,1,07/01/2024,06/30/2025
310076,COOPERMAN BARNABAS MEDICAL CENTER,94 OLD SHORT HILLS ROAD,LIVINGSTON,NJ,07039,ESSEX,(973) 322-5000,Emergency Department,OP_18d,Average (median) time patients spent in the emergency department before being transferred to another facility. A lower number of minutes is better,Not Available,Not Available,7,07/01/2024,06/30/2025
310076,COOPERMAN BARNABAS MEDICAL CENTER,94 OLD SHORT HILLS ROAD,LIVINGSTON,NJ,07039,ESSEX,(973) 322-5000,Emergency Department,OP_22,Left before being seen,0,101415,,01/01/2024,12/31/2024
310076,COOPERMAN BARNABAS MEDICAL CENTER,94 OLD SHORT HILLS ROAD,LIVINGSTON,NJ,07039,ESSEX,(973) 322-5000,Emergency Department,OP_23,Head CT results,Not Available,Not Available,"1, 3",07/01/2024,06/30/2025
310076,COOPERMAN BARNABAS MEDICAL CENTER,94 OLD SHORT HILLS ROAD,LIVINGSTON,NJ,07039,ESSEX,(973) 322-5000,Colonoscopy care,OP_29,Endoscopy/polyp surveillance: appropriate follow-up interval for normal colonoscopy in average risk patients,89,44,,01/01/2024,12/31/2024
310076,COOPERMAN BARNABAS MEDICAL CENTER,94 OLD SHORT HILLS ROAD,LIVINGSTON,NJ,07039,ESSEX,(973) 322-5000,Cataract surgery outcome,OP_31,Improvement in Patient's Visual Function within 90 Days Following Cataract Surgery,Not Available,Not Available,5,01/01/2024,12/31/2024
310076,COOPERMAN BARNABAS MEDICAL CENTER,94 OLD SHORT HILLS ROAD,LIVINGSTON,NJ,07039,ESSEX,(973) 322-5000,Electronic Clinical Quality Measure,OP_40,ST-Segment Elevation Myocardial Infarction (STEMI),Not Available,Not Available,1,01/01/2024,12/31/2024
310076,COOPERMAN BARNABAS MEDICAL CENTER,94 OLD SHORT HILLS ROAD,LIVINGSTON,NJ,07039,ESSEX,(973) 322-5000,Electronic Clinical Quality Measure,SAFE_USE_OF_OPIOIDS,Safe Use of Opioids - Concurrent Prescribing,18,2911,,01/01/2024,12/31/2024
310076,COOPERMAN BARNABAS MEDICAL CENTER,94 OLD SHORT HILLS ROAD,LIVINGSTON,NJ,07039,ESSEX,(973) 322-5000,Sepsis Care,SEP_1,Appropriate care for severe sepsis and septic shock,76,113,2,07/01/2024,06/30/2025
310076,COOPERMAN BARNABAS MEDICAL CENTER,94 OLD SHORT HILLS ROAD,LIVINGSTON,NJ,07039,ESSEX,(973) 322-5000,Sepsis Care,SEP_SH_3HR,Septic Shock 3-Hour Bundle,87,31,2,07/01/2024,06/30/2025
310076,COOPERMAN BARNABAS MEDICAL CENTER,94 OLD SHORT HILLS ROAD,LIVINGSTON,NJ,07039,ESSEX,(973) 322-5000,Sepsis Care,SEP_SH_6HR,Septic Shock 6-Hour Bundle,87,15,2,07/01/2024,06/30/2025
310076,COOPERMAN BARNABAS MEDICAL CENTER,94 OLD SHORT HILLS ROAD,LIVINGSTON,NJ,07039,ESSEX,(973) 322-5000,Sepsis Care,SEV_SEP_3HR,Severe Sepsis 3-Hour Bundle,86,114,2,07/01/2024,06/30/2025
310076,COOPERMAN BARNABAS MEDICAL CENTER,94 OLD SHORT HILLS ROAD,LIVINGSTON,NJ,07039,ESSEX,(973) 322-5000,Sepsis Care,SEV_SEP_6HR,Severe Sepsis 6-Hour Bundle,91,56,2,07/01/2024,06/30/2025
310076,COOPERMAN BARNABAS MEDICAL CENTER,94 OLD SHORT HILLS ROAD,LIVINGSTON,NJ,07039,ESSEX,(973) 322-5000,Electronic Clinical Quality Measure,STK_02,Discharged on Antithrombotic Therapy,95,819,,01/01/2024,12/31/2024
310076,COOPERMAN BARNABAS MEDICAL CENTER,94 OLD SHORT HILLS ROAD,LIVINGSTON,NJ,07039,ESSEX,(973) 322-5000,Electronic Clinical Quality Measure,STK_03,Anticoagulation Therapy for Atrial Fibrillation/Flutter,Not Available,Not Available,5,01/01/2024,12/31/2024
310076,COOPERMAN BARNABAS MEDICAL CENTER,94 OLD SHORT HILLS ROAD,LIVINGSTON,NJ,07039,ESSEX,(973) 322-5000,Electronic Clinical Quality Measure,STK_05,Antithrombotic Therapy by End of Hospital Day 2,88,783,,01/01/2024,12/31/2024
310076,COOPERMAN BARNABAS MEDICAL CENTER,94 OLD SHORT HILLS ROAD,LIVINGSTON,NJ,07039,ESSEX,(973) 322-5000,Electronic Clinical Quality Measure,VTE_1,Venous Thromboembolism Prophylaxis,68,14267,,01/01/2024,12/31/2024
310076,COOPERMAN BARNABAS MEDICAL CENTER,94 OLD SHORT HILLS ROAD,LIVINGSTON,NJ,07039,ESSEX,(973) 322-5000,Electronic Clinical Quality Measure,VTE_2,Intensive Care Unit Venous Thromboembolism Prophylaxis,Not Available,Not Available,5,01/01/2024,12/31/2024
310083,CAREWELL HEALTH MEDICAL CENTER,300 CENTRAL AVE,EAST ORANGE,NJ,07018,ESSEX,(973) 672-8400,Emergency Department,EDV,Emergency department volume,medium,,,01/01/2024,12/31/2024
310083,CAREWELL HEALTH MEDICAL CENTER,300 CENTRAL AVE,EAST ORANGE,NJ,07018,ESSEX,(973) 672-8400,Electronic Clinical Quality Measure,GMCS,Global Malnutrition Composite Score,Not Available,Not Available,5,01/01/2024,12/31/2024
310083,CAREWELL HEALTH MEDICAL CENTER,300 CENTRAL AVE,EAST ORANGE,NJ,07018,ESSEX,(973) 672-8400,Electronic Clinical Quality Measure,GMCS_Malnutrition_Diagnosis_Documented,Global Malnutrition Composite Score: Malnutrition Diagnosis Documented,Not Available,Not Available,5,01/01/2024,12/31/2024
310083,CAREWELL HEALTH MEDICAL CENTER,300 CENTRAL AVE,EAST ORANGE,NJ,07018,ESSEX,(973) 672-8400,Electronic Clinical Quality Measure,GMCS_Malnutrition_Screening,Global Malnutrition Composite Score: Malnutrition Risk Screening,Not Available,Not Available,5,01/01/2024,12/31/2024
310083,CAREWELL HEALTH MEDICAL CENTER,300 CENTRAL AVE,EAST ORANGE,NJ,07018,ESSEX,(973) 672-8400,Electronic Clinical Quality Measure,GMCS_Nutrition_Assessment,Global Malnutrition Composite Score: Nutrition Assessment,Not Available,Not Available,5,01/01/2024,12/31/2024
310083,CAREWELL HEALTH MEDICAL CENTER,300 CENTRAL AVE,EAST ORANGE,NJ,07018,ESSEX,(973) 672-8400,Electronic Clinical Quality Measure,GMCS_Nutritional_Care_Plan,Global Malnutrition Composite Score: Nutritional Care Plan,Not Available,Not Available,5,01/01/2024,12/31/2024
310083,CAREWELL HEALTH MEDICAL CENTER,300 CENTRAL AVE,EAST ORANGE,NJ,07018,ESSEX,(973) 672-8400,Electronic Clinical Quality Measure,HH_HYPER,Hospital Harm - Severe Hyperglycemia,Not Available,Not Available,5,01/01/2024,12/31/2024
310083,CAREWELL HEALTH MEDICAL CENTER,300 CENTRAL AVE,EAST ORANGE,NJ,07018,ESSEX,(973) 672-8400,Electronic Clinical Quality Measure,HH_HYPO,Hospital Harm - Severe Hypoglycemia,Not Available,Not Available,5,01/01/2024,12/31/2024
310083,CAREWELL HEALTH MEDICAL CENTER,300 CENTRAL AVE,EAST ORANGE,NJ,07018,ESSEX,(973) 672-8400,Electronic Clinical Quality Measure,HH_ORAE,Hospital Harm - Opioid Related Adverse Events,Not Available,Not Available,5,01/01/2024,12/31/2024
310083,CAREWELL HEALTH MEDICAL CENTER,300 CENTRAL AVE,EAST ORANGE,NJ,07018,ESSEX,(973) 672-8400,Healthcare Personnel Vaccination,IMM_3,Healthcare workers given influenza vaccination,Not Available,Not Available,5,10/01/2024,03/31/2025
310083,CAREWELL HEALTH MEDICAL CENTER,300 CENTRAL AVE,EAST ORANGE,NJ,07018,ESSEX,(973) 672-8400,Emergency Department,OP_18a,"Average (median) time all patients spent in the emergency department before leaving from the visit, including psychiatric/mental health patients and patients who were transferred to another facility. A lower number of minutes is better",188,414,,07/01/2024,06/30/2025
310083,CAREWELL HEALTH MEDICAL CENTER,300 CENTRAL AVE,EAST ORANGE,NJ,07018,ESSEX,(973) 672-8400,Emergency Department,OP_18b,"Average (median) time patients spent in the emergency department before leaving from the visit, excluding patients transferred to another facility or psychiatric care/mental health patients. A lower number of minutes is better",180,372,,07/01/2024,06/30/2025
310083,CAREWELL HEALTH MEDICAL CENTER,300 CENTRAL AVE,EAST ORANGE,NJ,07018,ESSEX,(973) 672-8400,Emergency Department,OP_18c,Average (median) time psychiatric/mental health patients spent in the emergency department before leaving from the visit. A lower number of minutes is better,239,33,,07/01/2024,06/30/2025
310083,CAREWELL HEALTH MEDICAL CENTER,300 CENTRAL AVE,EAST ORANGE,NJ,07018,ESSEX,(973) 672-8400,Emergency Department,OP_18d,Average (median) time patients spent in the emergency department before being transferred to another facility. A lower number of minutes is better,Not Available,Not Available,1,07/01/2024,06/30/2025
310083,CAREWELL HEALTH MEDICAL CENTER,300 CENTRAL AVE,EAST ORANGE,NJ,07018,ESSEX,(973) 672-8400,Emergency Department,OP_22,Left before being seen,1,24763,,01/01/2024,12/31/2024
310083,CAREWELL HEALTH MEDICAL CENTER,300 CENTRAL AVE,EAST ORANGE,NJ,07018,ESSEX,(973) 672-8400,Emergency Department,OP_23,Head CT results,Not Available,Not Available,1,07/01/2024,06/30/2025
310083,CAREWELL HEALTH MEDICAL CENTER,300 CENTRAL AVE,EAST ORANGE,NJ,07018,ESSEX,(973) 672-8400,Colonoscopy care,OP_29,Endoscopy/polyp surveillance: appropriate follow-up interval for normal colonoscopy in average risk patients,99,137,,01/01/2024,12/31/2024
310083,CAREWELL HEALTH MEDICAL CENTER,300 CENTRAL AVE,EAST ORANGE,NJ,07018,ESSEX,(973) 672-8400,Cataract surgery outcome,OP_31,Improvement in Patient's Visual Function within 90 Days Following Cataract Surgery,Not Available,Not Available,5,01/01/2024,12/31/2024
310083,CAREWELL HEALTH MEDICAL CENTER,300 CENTRAL AVE,EAST ORANGE,NJ,07018,ESSEX,(973) 672-8400,Electronic Clinical Quality Measure,OP_40,ST-Segment Elevation Myocardial Infarction (STEMI),Not Available,Not Available,1,01/01/2024,12/31/2024
310083,CAREWELL HEALTH MEDICAL CENTER,300 CENTRAL AVE,EAST ORANGE,NJ,07018,ESSEX,(973) 672-8400,Electronic Clinical Quality Measure,SAFE_USE_OF_OPIOIDS,Safe Use of Opioids - Concurrent Prescribing,9,395,,01/01/2024,12/31/2024
310083,CAREWELL HEALTH MEDICAL CENTER,300 CENTRAL AVE,EAST ORANGE,NJ,07018,ESSEX,(973) 672-8400,Sepsis Care,SEP_1,Appropriate care for severe sepsis and septic shock,61,75,2,07/01/2024,06/30/2025
310083,CAREWELL HEALTH MEDICAL CENTER,300 CENTRAL AVE,EAST ORANGE,NJ,07018,ESSEX,(973) 672-8400,Sepsis Care,SEP_SH_3HR,Septic Shock 3-Hour Bundle,76,21,2,07/01/2024,06/30/2025
310083,CAREWELL HEALTH MEDICAL CENTER,300 CENTRAL AVE,EAST ORANGE,NJ,07018,ESSEX,(973) 672-8400,Sepsis Care,SEP_SH_6HR,Septic Shock 6-Hour Bundle,Not Available,Not Available,"1, 2",07/01/2024,06/30/2025
310083,CAREWELL HEALTH MEDICAL CENTER,300 CENTRAL AVE,EAST ORANGE,NJ,07018,ESSEX,(973) 672-8400,Sepsis Care,SEV_SEP_3HR,Severe Sepsis 3-Hour Bundle,82,76,2,07/01/2024,06/30/2025
310083,CAREWELL HEALTH MEDICAL CENTER,300 CENTRAL AVE,EAST ORANGE,NJ,07018,ESSEX,(973) 672-8400,Sepsis Care,SEV_SEP_6HR,Severe Sepsis 6-Hour Bundle,86,43,2,07/01/2024,06/30/2025
310083,CAREWELL HEALTH MEDICAL CENTER,300 CENTRAL AVE,EAST ORANGE,NJ,07018,ESSEX,(973) 672-8400,Electronic Clinical Quality Measure,STK_02,Discharged on Antithrombotic Therapy,78,32,,01/01/2024,12/31/2024
310083,CAREWELL HEALTH MEDICAL CENTER,300 CENTRAL AVE,EAST ORANGE,NJ,07018,ESSEX,(973) 672-8400,Electronic Clinical Quality Measure,STK_03,Anticoagulation Therapy for Atrial Fibrillation/Flutter,Not Available,Not Available,1,01/01/2024,12/31/2024
310083,CAREWELL HEALTH MEDICAL CENTER,300 CENTRAL AVE,EAST ORANGE,NJ,07018,ESSEX,(973) 672-8400,Electronic Clinical Quality Measure,STK_05,Antithrombotic Therapy by End of Hospital Day 2,72,32,,01/01/2024,12/31/2024
310083,CAREWELL HEALTH MEDICAL CENTER,300 CENTRAL AVE,EAST ORANGE,NJ,07018,ESSEX,(973) 672-8400,Electronic Clinical Quality Measure,VTE_1,Venous Thromboembolism Prophylaxis,Not Available,Not Available,5,01/01/2024,12/31/2024
310083,CAREWELL HEALTH MEDICAL CENTER,300 CENTRAL AVE,EAST ORANGE,NJ,07018,ESSEX,(973) 672-8400,Electronic Clinical Quality Measure,VTE_2,Intensive Care Unit Venous Thromboembolism Prophylaxis,Not Available,Not Available,5,01/01/2024,12/31/2024
310084,MONMOUTH MEDICAL CENTER-SOUTHERN CAMPUS,600 RIVER AVE,LAKEWOOD,NJ,08701,OCEAN,(732) 363-1900,Emergency Department,EDV,Emergency department volume,medium,,,01/01/2024,12/31/2024
310084,MONMOUTH MEDICAL CENTER-SOUTHERN CAMPUS,600 RIVER AVE,LAKEWOOD,NJ,08701,OCEAN,(732) 363-1900,Electronic Clinical Quality Measure,GMCS,Global Malnutrition Composite Score,Not Available,Not Available,5,01/01/2024,12/31/2024
310084,MONMOUTH MEDICAL CENTER-SOUTHERN CAMPUS,600 RIVER AVE,LAKEWOOD,NJ,08701,OCEAN,(732) 363-1900,Electronic Clinical Quality Measure,GMCS_Malnutrition_Diagnosis_Documented,Global Malnutrition Composite Score: Malnutrition Diagnosis Documented,Not Available,Not Available,5,01/01/2024,12/31/2024
310084,MONMOUTH MEDICAL CENTER-SOUTHERN CAMPUS,600 RIVER AVE,LAKEWOOD,NJ,08701,OCEAN,(732) 363-1900,Electronic Clinical Quality Measure,GMCS_Malnutrition_Screening,Global Malnutrition Composite Score: Malnutrition Risk Screening,Not Available,Not Available,5,01/01/2024,12/31/2024
310084,MONMOUTH MEDICAL CENTER-SOUTHERN CAMPUS,600 RIVER AVE,LAKEWOOD,NJ,08701,OCEAN,(732) 363-1900,Electronic Clinical Quality Measure,GMCS_Nutrition_Assessment,Global Malnutrition Composite Score: Nutrition Assessment,Not Available,Not Available,5,01/01/2024,12/31/2024
310084,MONMOUTH MEDICAL CENTER-SOUTHERN CAMPUS,600 RIVER AVE,LAKEWOOD,NJ,08701,OCEAN,(732) 363-1900,Electronic Clinical Quality Measure,GMCS_Nutritional_Care_Plan,Global Malnutrition Composite Score: Nutritional Care Plan,Not Available,Not Available,5,01/01/2024,12/31/2024
310084,MONMOUTH MEDICAL CENTER-SOUTHERN CAMPUS,600 RIVER AVE,LAKEWOOD,NJ,08701,OCEAN,(732) 363-1900,Electronic Clinical Quality Measure,HH_HYPER,Hospital Harm - Severe Hyperglycemia,Not Available,Not Available,5,01/01/2024,12/31/2024
310084,MONMOUTH MEDICAL CENTER-SOUTHERN CAMPUS,600 RIVER AVE,LAKEWOOD,NJ,08701,OCEAN,(732) 363-1900,Electronic Clinical Quality Measure,HH_HYPO,Hospital Harm - Severe Hypoglycemia,Not Available,Not Available,5,01/01/2024,12/31/2024
310084,MONMOUTH MEDICAL CENTER-SOUTHERN CAMPUS,600 RIVER AVE,LAKEWOOD,NJ,08701,OCEAN,(732) 363-1900,Electronic Clinical Quality Measure,HH_ORAE,Hospital Harm - Opioid Related Adverse Events,Not Available,Not Available,5,01/01/2024,12/31/2024
310084,MONMOUTH MEDICAL CENTER-SOUTHERN CAMPUS,600 RIVER AVE,LAKEWOOD,NJ,08701,OCEAN,(732) 363-1900,Healthcare Personnel Vaccination,IMM_3,Healthcare workers given influenza vaccination,95,1330,,10/01/2024,03/31/2025
310084,MONMOUTH MEDICAL CENTER-SOUTHERN CAMPUS,600 RIVER AVE,LAKEWOOD,NJ,08701,OCEAN,(732) 363-1900,Emergency Department,OP_18a,"Average (median) time all patients spent in the emergency department before leaving from the visit, including psychiatric/mental health patients and patients who were transferred to another facility. A lower number of minutes is better",151,421,,07/01/2024,06/30/2025
310084,MONMOUTH MEDICAL CENTER-SOUTHERN CAMPUS,600 RIVER AVE,LAKEWOOD,NJ,08701,OCEAN,(732) 363-1900,Emergency Department,OP_18b,"Average (median) time patients spent in the emergency department before leaving from the visit, excluding patients transferred to another facility or psychiatric care/mental health patients. A lower number of minutes is better",146,363,,07/01/2024,06/30/2025
310084,MONMOUTH MEDICAL CENTER-SOUTHERN CAMPUS,600 RIVER AVE,LAKEWOOD,NJ,08701,OCEAN,(732) 363-1900,Emergency Department,OP_18c,Average (median) time psychiatric/mental health patients spent in the emergency department before leaving from the visit. A lower number of minutes is better,383,53,,07/01/2024,06/30/2025
310084,MONMOUTH MEDICAL CENTER-SOUTHERN CAMPUS,600 RIVER AVE,LAKEWOOD,NJ,08701,OCEAN,(732) 363-1900,Emergency Department,OP_18d,Average (median) time patients spent in the emergency department before being transferred to another facility. A lower number of minutes is better,Not Available,Not Available,1,07/01/2024,06/30/2025
310084,MONMOUTH MEDICAL CENTER-SOUTHERN CAMPUS,600 RIVER AVE,LAKEWOOD,NJ,08701,OCEAN,(732) 363-1900,Emergency Department,OP_22,Left before being seen,1,28586,,01/01/2024,12/31/2024
310084,MONMOUTH MEDICAL CENTER-SOUTHERN CAMPUS,600 RIVER AVE,LAKEWOOD,NJ,08701,OCEAN,(732) 363-1900,Emergency Department,OP_23,Head CT results,Not Available,Not Available,1,07/01/2024,06/30/2025
310084,MONMOUTH MEDICAL CENTER-SOUTHERN CAMPUS,600 RIVER AVE,LAKEWOOD,NJ,08701,OCEAN,(732) 363-1900,Colonoscopy care,OP_29,Endoscopy/polyp surveillance: appropriate follow-up interval for normal colonoscopy in average risk patients,90,68,,01/01/2024,12/31/2024
310084,MONMOUTH MEDICAL CENTER-SOUTHERN CAMPUS,600 RIVER AVE,LAKEWOOD,NJ,08701,OCEAN,(732) 363-1900,Cataract surgery outcome,OP_31,Improvement in Patient's Visual Function within 90 Days Following Cataract Surgery,Not Available,Not Available,5,01/01/2024,12/31/2024
310084,MONMOUTH MEDICAL CENTER-SOUTHERN CAMPUS,600 RIVER AVE,LAKEWOOD,NJ,08701,OCEAN,(732) 363-1900,Electronic Clinical Quality Measure,OP_40,ST-Segment Elevation Myocardial Infarction (STEMI),Not Available,Not Available,1,01/01/2024,12/31/2024
310084,MONMOUTH MEDICAL CENTER-SOUTHERN CAMPUS,600 RIVER AVE,LAKEWOOD,NJ,08701,OCEAN,(732) 363-1900,Electronic Clinical Quality Measure,SAFE_USE_OF_OPIOIDS,Safe Use of Opioids - Concurrent Prescribing,19,802,,01/01/2024,12/31/2024
310084,MONMOUTH MEDICAL CENTER-SOUTHERN CAMPUS,600 RIVER AVE,LAKEWOOD,NJ,08701,OCEAN,(732) 363-1900,Sepsis Care,SEP_1,Appropriate care for severe sepsis and septic shock,78,243,2,07/01/2024,06/30/2025
310084,MONMOUTH MEDICAL CENTER-SOUTHERN CAMPUS,600 RIVER AVE,LAKEWOOD,NJ,08701,OCEAN,(732) 363-1900,Sepsis Care,SEP_SH_3HR,Septic Shock 3-Hour Bundle,78,86,2,07/01/2024,06/30/2025
310084,MONMOUTH MEDICAL CENTER-SOUTHERN CAMPUS,600 RIVER AVE,LAKEWOOD,NJ,08701,OCEAN,(732) 363-1900,Sepsis Care,SEP_SH_6HR,Septic Shock 6-Hour Bundle,95,59,2,07/01/2024,06/30/2025
310084,MONMOUTH MEDICAL CENTER-SOUTHERN CAMPUS,600 RIVER AVE,LAKEWOOD,NJ,08701,OCEAN,(732) 363-1900,Sepsis Care,SEV_SEP_3HR,Severe Sepsis 3-Hour Bundle,89,243,2,07/01/2024,06/30/2025
310084,MONMOUTH MEDICAL CENTER-SOUTHERN CAMPUS,600 RIVER AVE,LAKEWOOD,NJ,08701,OCEAN,(732) 363-1900,Sepsis Care,SEV_SEP_6HR,Severe Sepsis 6-Hour Bundle,97,163,2,07/01/2024,06/30/2025
310084,MONMOUTH MEDICAL CENTER-SOUTHERN CAMPUS,600 RIVER AVE,LAKEWOOD,NJ,08701,OCEAN,(732) 363-1900,Electronic Clinical Quality Measure,STK_02,Discharged on Antithrombotic Therapy,98,96,,01/01/2024,12/31/2024
310084,MONMOUTH MEDICAL CENTER-SOUTHERN CAMPUS,600 RIVER AVE,LAKEWOOD,NJ,08701,OCEAN,(732) 363-1900,Electronic Clinical Quality Measure,STK_03,Anticoagulation Therapy for Atrial Fibrillation/Flutter,Not Available,Not Available,5,01/01/2024,12/31/2024
310084,MONMOUTH MEDICAL CENTER-SOUTHERN CAMPUS,600 RIVER AVE,LAKEWOOD,NJ,08701,OCEAN,(732) 363-1900,Electronic Clinical Quality Measure,STK_05,Antithrombotic Therapy by End of Hospital Day 2,98,94,,01/01/2024,12/31/2024
310084,MONMOUTH MEDICAL CENTER-SOUTHERN CAMPUS,600 RIVER AVE,LAKEWOOD,NJ,08701,OCEAN,(732) 363-1900,Electronic Clinical Quality Measure,VTE_1,Venous Thromboembolism Prophylaxis,73,2723,,01/01/2024,12/31/2024
310084,MONMOUTH MEDICAL CENTER-SOUTHERN CAMPUS,600 RIVER AVE,LAKEWOOD,NJ,08701,OCEAN,(732) 363-1900,Electronic Clinical Quality Measure,VTE_2,Intensive Care Unit Venous Thromboembolism Prophylaxis,Not Available,Not Available,5,01/01/2024,12/31/2024
310086,JEFFERSON STRATFORD HOSPITAL,18 EAST LAUREL ROAD,STRATFORD,NJ,08084,CAMDEN,(856) 346-7802,Emergency Department,EDV,Emergency department volume,very high,,,01/01/2024,12/31/2024
310086,JEFFERSON STRATFORD HOSPITAL,18 EAST LAUREL ROAD,STRATFORD,NJ,08084,CAMDEN,(856) 346-7802,Electronic Clinical Quality Measure,GMCS,Global Malnutrition Composite Score,Not Available,Not Available,5,01/01/2024,12/31/2024
310086,JEFFERSON STRATFORD HOSPITAL,18 EAST LAUREL ROAD,STRATFORD,NJ,08084,CAMDEN,(856) 346-7802,Electronic Clinical Quality Measure,GMCS_Malnutrition_Diagnosis_Documented,Global Malnutrition Composite Score: Malnutrition Diagnosis Documented,Not Available,Not Available,5,01/01/2024,12/31/2024
310086,JEFFERSON STRATFORD HOSPITAL,18 EAST LAUREL ROAD,STRATFORD,NJ,08084,CAMDEN,(856) 346-7802,Electronic Clinical Quality Measure,GMCS_Malnutrition_Screening,Global Malnutrition Composite Score: Malnutrition Risk Screening,Not Available,Not Available,5,01/01/2024,12/31/2024
310086,JEFFERSON STRATFORD HOSPITAL,18 EAST LAUREL ROAD,STRATFORD,NJ,08084,CAMDEN,(856) 346-7802,Electronic Clinical Quality Measure,GMCS_Nutrition_Assessment,Global Malnutrition Composite Score: Nutrition Assessment,Not Available,Not Available,5,01/01/2024,12/31/2024
310086,JEFFERSON STRATFORD HOSPITAL,18 EAST LAUREL ROAD,STRATFORD,NJ,08084,CAMDEN,(856) 346-7802,Electronic Clinical Quality Measure,GMCS_Nutritional_Care_Plan,Global Malnutrition Composite Score: Nutritional Care Plan,Not Available,Not Available,5,01/01/2024,12/31/2024
310086,JEFFERSON STRATFORD HOSPITAL,18 EAST LAUREL ROAD,STRATFORD,NJ,08084,CAMDEN,(856) 346-7802,Electronic Clinical Quality Measure,HH_HYPER,Hospital Harm - Severe Hyperglycemia,12,36857,,01/01/2024,12/31/2024
310086,JEFFERSON STRATFORD HOSPITAL,18 EAST LAUREL ROAD,STRATFORD,NJ,08084,CAMDEN,(856) 346-7802,Electronic Clinical Quality Measure,HH_HYPO,Hospital Harm - Severe Hypoglycemia,2,7338,,01/01/2024,12/31/2024
310086,JEFFERSON STRATFORD HOSPITAL,18 EAST LAUREL ROAD,STRATFORD,NJ,08084,CAMDEN,(856) 346-7802,Electronic Clinical Quality Measure,HH_ORAE,Hospital Harm - Opioid Related Adverse Events,Not Available,Not Available,5,01/01/2024,12/31/2024
310086,JEFFERSON STRATFORD HOSPITAL,18 EAST LAUREL ROAD,STRATFORD,NJ,08084,CAMDEN,(856) 346-7802,Healthcare Personnel Vaccination,IMM_3,Healthcare workers given influenza vaccination,94,3990,,10/01/2024,03/31/2025
310086,JEFFERSON STRATFORD HOSPITAL,18 EAST LAUREL ROAD,STRATFORD,NJ,08084,CAMDEN,(856) 346-7802,Emergency Department,OP_18a,"Average (median) time all patients spent in the emergency department before leaving from the visit, including psychiatric/mental health patients and patients who were transferred to another facility. A lower number of minutes is better",241,385,,07/01/2024,06/30/2025
310086,JEFFERSON STRATFORD HOSPITAL,18 EAST LAUREL ROAD,STRATFORD,NJ,08084,CAMDEN,(856) 346-7802,Emergency Department,OP_18b,"Average (median) time patients spent in the emergency department before leaving from the visit, excluding patients transferred to another facility or psychiatric care/mental health patients. A lower number of minutes is better",235,340,,07/01/2024,06/30/2025
310086,JEFFERSON STRATFORD HOSPITAL,18 EAST LAUREL ROAD,STRATFORD,NJ,08084,CAMDEN,(856) 346-7802,Emergency Department,OP_18c,Average (median) time psychiatric/mental health patients spent in the emergency department before leaving from the visit. A lower number of minutes is better,253,40,,07/01/2024,06/30/2025
310086,JEFFERSON STRATFORD HOSPITAL,18 EAST LAUREL ROAD,STRATFORD,NJ,08084,CAMDEN,(856) 346-7802,Emergency Department,OP_18d,Average (median) time patients spent in the emergency department before being transferred to another facility. A lower number of minutes is better,Not Available,Not Available,1,07/01/2024,06/30/2025
310086,JEFFERSON STRATFORD HOSPITAL,18 EAST LAUREL ROAD,STRATFORD,NJ,08084,CAMDEN,(856) 346-7802,Emergency Department,OP_22,Left before being seen,1,135042,,01/01/2024,12/31/2024
310086,JEFFERSON STRATFORD HOSPITAL,18 EAST LAUREL ROAD,STRATFORD,NJ,08084,CAMDEN,(856) 346-7802,Emergency Department,OP_23,Head CT results,Not Available,Not Available,1,07/01/2024,06/30/2025
310086,JEFFERSON STRATFORD HOSPITAL,18 EAST LAUREL ROAD,STRATFORD,NJ,08084,CAMDEN,(856) 346-7802,Colonoscopy care,OP_29,Endoscopy/polyp surveillance: appropriate follow-up interval for normal colonoscopy in average risk patients,83,86,,01/01/2024,12/31/2024
310086,JEFFERSON STRATFORD HOSPITAL,18 EAST LAUREL ROAD,STRATFORD,NJ,08084,CAMDEN,(856) 346-7802,Cataract surgery outcome,OP_31,Improvement in Patient's Visual Function within 90 Days Following Cataract Surgery,Not Available,Not Available,5,01/01/2024,12/31/2024
310086,JEFFERSON STRATFORD HOSPITAL,18 EAST LAUREL ROAD,STRATFORD,NJ,08084,CAMDEN,(856) 346-7802,Electronic Clinical Quality Measure,OP_40,ST-Segment Elevation Myocardial Infarction (STEMI),Not Available,Not Available,1,01/01/2024,12/31/2024
310086,JEFFERSON STRATFORD HOSPITAL,18 EAST LAUREL ROAD,STRATFORD,NJ,08084,CAMDEN,(856) 346-7802,Electronic Clinical Quality Measure,SAFE_USE_OF_OPIOIDS,Safe Use of Opioids - Concurrent Prescribing,24,5976,,01/01/2024,12/31/2024
310086,JEFFERSON STRATFORD HOSPITAL,18 EAST LAUREL ROAD,STRATFORD,NJ,08084,CAMDEN,(856) 346-7802,Sepsis Care,SEP_1,Appropriate care for severe sepsis and septic shock,59,179,2,07/01/2024,06/30/2025
310086,JEFFERSON STRATFORD HOSPITAL,18 EAST LAUREL ROAD,STRATFORD,NJ,08084,CAMDEN,(856) 346-7802,Sepsis Care,SEP_SH_3HR,Septic Shock 3-Hour Bundle,60,30,2,07/01/2024,06/30/2025
310086,JEFFERSON STRATFORD HOSPITAL,18 EAST LAUREL ROAD,STRATFORD,NJ,08084,CAMDEN,(856) 346-7802,Sepsis Care,SEP_SH_6HR,Septic Shock 6-Hour Bundle,64,14,2,07/01/2024,06/30/2025
310086,JEFFERSON STRATFORD HOSPITAL,18 EAST LAUREL ROAD,STRATFORD,NJ,08084,CAMDEN,(856) 346-7802,Sepsis Care,SEV_SEP_3HR,Severe Sepsis 3-Hour Bundle,74,179,2,07/01/2024,06/30/2025
310086,JEFFERSON STRATFORD HOSPITAL,18 EAST LAUREL ROAD,STRATFORD,NJ,08084,CAMDEN,(856) 346-7802,Sepsis Care,SEV_SEP_6HR,Severe Sepsis 6-Hour Bundle,90,61,2,07/01/2024,06/30/2025
310086,JEFFERSON STRATFORD HOSPITAL,18 EAST LAUREL ROAD,STRATFORD,NJ,08084,CAMDEN,(856) 346-7802,Electronic Clinical Quality Measure,STK_02,Discharged on Antithrombotic Therapy,98,537,,01/01/2024,12/31/2024
310086,JEFFERSON STRATFORD HOSPITAL,18 EAST LAUREL ROAD,STRATFORD,NJ,08084,CAMDEN,(856) 346-7802,Electronic Clinical Quality Measure,STK_03,Anticoagulation Therapy for Atrial Fibrillation/Flutter,Not Available,Not Available,5,01/01/2024,12/31/2024
310086,JEFFERSON STRATFORD HOSPITAL,18 EAST LAUREL ROAD,STRATFORD,NJ,08084,CAMDEN,(856) 346-7802,Electronic Clinical Quality Measure,STK_05,Antithrombotic Therapy by End of Hospital Day 2,Not Available,Not Available,5,01/01/2024,12/31/2024
310086,JEFFERSON STRATFORD HOSPITAL,18 EAST LAUREL ROAD,STRATFORD,NJ,08084,CAMDEN,(856) 346-7802,Electronic Clinical Quality Measure,VTE_1,Venous Thromboembolism Prophylaxis,85,15070,,01/01/2024,12/31/2024
310086,JEFFERSON STRATFORD HOSPITAL,18 EAST LAUREL ROAD,STRATFORD,NJ,08084,CAMDEN,(856) 346-7802,Electronic Clinical Quality Measure,VTE_2,Intensive Care Unit Venous Thromboembolism Prophylaxis,87,2729,,01/01/2024,12/31/2024
310092,CAPITAL HEALTH REGIONAL MEDICAL CENTER,750 BRUNSWICK AVE,TRENTON,NJ,08638,MERCER,(609) 394-6000,Emergency Department,EDV,Emergency department volume,very high,,,01/01/2024,12/31/2024
310092,CAPITAL HEALTH REGIONAL MEDICAL CENTER,750 BRUNSWICK AVE,TRENTON,NJ,08638,MERCER,(609) 394-6000,Electronic Clinical Quality Measure,GMCS,Global Malnutrition Composite Score,Not Available,Not Available,5,01/01/2024,12/31/2024
310092,CAPITAL HEALTH REGIONAL MEDICAL CENTER,750 BRUNSWICK AVE,TRENTON,NJ,08638,MERCER,(609) 394-6000,Electronic Clinical Quality Measure,GMCS_Malnutrition_Diagnosis_Documented,Global Malnutrition Composite Score: Malnutrition Diagnosis Documented,Not Available,Not Available,5,01/01/2024,12/31/2024
310092,CAPITAL HEALTH REGIONAL MEDICAL CENTER,750 BRUNSWICK AVE,TRENTON,NJ,08638,MERCER,(609) 394-6000,Electronic Clinical Quality Measure,GMCS_Malnutrition_Screening,Global Malnutrition Composite Score: Malnutrition Risk Screening,Not Available,Not Available,5,01/01/2024,12/31/2024
310092,CAPITAL HEALTH REGIONAL MEDICAL CENTER,750 BRUNSWICK AVE,TRENTON,NJ,08638,MERCER,(609) 394-6000,Electronic Clinical Quality Measure,GMCS_Nutrition_Assessment,Global Malnutrition Composite Score: Nutrition Assessment,Not Available,Not Available,5,01/01/2024,12/31/2024
310092,CAPITAL HEALTH REGIONAL MEDICAL CENTER,750 BRUNSWICK AVE,TRENTON,NJ,08638,MERCER,(609) 394-6000,Electronic Clinical Quality Measure,GMCS_Nutritional_Care_Plan,Global Malnutrition Composite Score: Nutritional Care Plan,Not Available,Not Available,5,01/01/2024,12/31/2024
310092,CAPITAL HEALTH REGIONAL MEDICAL CENTER,750 BRUNSWICK AVE,TRENTON,NJ,08638,MERCER,(609) 394-6000,Electronic Clinical Quality Measure,HH_HYPER,Hospital Harm - Severe Hyperglycemia,Not Available,Not Available,5,01/01/2024,12/31/2024
310092,CAPITAL HEALTH REGIONAL MEDICAL CENTER,750 BRUNSWICK AVE,TRENTON,NJ,08638,MERCER,(609) 394-6000,Electronic Clinical Quality Measure,HH_HYPO,Hospital Harm - Severe Hypoglycemia,Not Available,Not Available,5,01/01/2024,12/31/2024
310092,CAPITAL HEALTH REGIONAL MEDICAL CENTER,750 BRUNSWICK AVE,TRENTON,NJ,08638,MERCER,(609) 394-6000,Electronic Clinical Quality Measure,HH_ORAE,Hospital Harm - Opioid Related Adverse Events,Not Available,Not Available,5,01/01/2024,12/31/2024
310092,CAPITAL HEALTH REGIONAL MEDICAL CENTER,750 BRUNSWICK AVE,TRENTON,NJ,08638,MERCER,(609) 394-6000,Healthcare Personnel Vaccination,IMM_3,Healthcare workers given influenza vaccination,98,2954,,10/01/2024,03/31/2025
310092,CAPITAL HEALTH REGIONAL MEDICAL CENTER,750 BRUNSWICK AVE,TRENTON,NJ,08638,MERCER,(609) 394-6000,Emergency Department,OP_18a,"Average (median) time all patients spent in the emergency department before leaving from the visit, including psychiatric/mental health patients and patients who were transferred to another facility. A lower number of minutes is better",175,397,,07/01/2024,06/30/2025
310092,CAPITAL HEALTH REGIONAL MEDICAL CENTER,750 BRUNSWICK AVE,TRENTON,NJ,08638,MERCER,(609) 394-6000,Emergency Department,OP_18b,"Average (median) time patients spent in the emergency department before leaving from the visit, excluding patients transferred to another facility or psychiatric care/mental health patients. A lower number of minutes is better",166,352,,07/01/2024,06/30/2025
310092,CAPITAL HEALTH REGIONAL MEDICAL CENTER,750 BRUNSWICK AVE,TRENTON,NJ,08638,MERCER,(609) 394-6000,Emergency Department,OP_18c,Average (median) time psychiatric/mental health patients spent in the emergency department before leaving from the visit. A lower number of minutes is better,242,36,,07/01/2024,06/30/2025
310092,CAPITAL HEALTH REGIONAL MEDICAL CENTER,750 BRUNSWICK AVE,TRENTON,NJ,08638,MERCER,(609) 394-6000,Emergency Department,OP_18d,Average (median) time patients spent in the emergency department before being transferred to another facility. A lower number of minutes is better,Not Available,Not Available,1,07/01/2024,06/30/2025
310092,CAPITAL HEALTH REGIONAL MEDICAL CENTER,750 BRUNSWICK AVE,TRENTON,NJ,08638,MERCER,(609) 394-6000,Emergency Department,OP_22,Left before being seen,4,78312,,01/01/2024,12/31/2024
310092,CAPITAL HEALTH REGIONAL MEDICAL CENTER,750 BRUNSWICK AVE,TRENTON,NJ,08638,MERCER,(609) 394-6000,Emergency Department,OP_23,Head CT results,Not Available,Not Available,1,07/01/2024,06/30/2025
310092,CAPITAL HEALTH REGIONAL MEDICAL CENTER,750 BRUNSWICK AVE,TRENTON,NJ,08638,MERCER,(609) 394-6000,Colonoscopy care,OP_29,Endoscopy/polyp surveillance: appropriate follow-up interval for normal colonoscopy in average risk patients,100,197,,01/01/2024,12/31/2024
310092,CAPITAL HEALTH REGIONAL MEDICAL CENTER,750 BRUNSWICK AVE,TRENTON,NJ,08638,MERCER,(609) 394-6000,Cataract surgery outcome,OP_31,Improvement in Patient's Visual Function within 90 Days Following Cataract Surgery,Not Available,Not Available,5,01/01/2024,12/31/2024
310092,CAPITAL HEALTH REGIONAL MEDICAL CENTER,750 BRUNSWICK AVE,TRENTON,NJ,08638,MERCER,(609) 394-6000,Electronic Clinical Quality Measure,OP_40,ST-Segment Elevation Myocardial Infarction (STEMI),Not Available,Not Available,1,01/01/2024,12/31/2024
310092,CAPITAL HEALTH REGIONAL MEDICAL CENTER,750 BRUNSWICK AVE,TRENTON,NJ,08638,MERCER,(609) 394-6000,Electronic Clinical Quality Measure,SAFE_USE_OF_OPIOIDS,Safe Use of Opioids - Concurrent Prescribing,13,1508,,01/01/2024,12/31/2024
310092,CAPITAL HEALTH REGIONAL MEDICAL CENTER,750 BRUNSWICK AVE,TRENTON,NJ,08638,MERCER,(609) 394-6000,Sepsis Care,SEP_1,Appropriate care for severe sepsis and septic shock,67,129,2,07/01/2024,06/30/2025
310092,CAPITAL HEALTH REGIONAL MEDICAL CENTER,750 BRUNSWICK AVE,TRENTON,NJ,08638,MERCER,(609) 394-6000,Sepsis Care,SEP_SH_3HR,Septic Shock 3-Hour Bundle,64,45,2,07/01/2024,06/30/2025
310092,CAPITAL HEALTH REGIONAL MEDICAL CENTER,750 BRUNSWICK AVE,TRENTON,NJ,08638,MERCER,(609) 394-6000,Sepsis Care,SEP_SH_6HR,Septic Shock 6-Hour Bundle,87,23,2,07/01/2024,06/30/2025
310092,CAPITAL HEALTH REGIONAL MEDICAL CENTER,750 BRUNSWICK AVE,TRENTON,NJ,08638,MERCER,(609) 394-6000,Sepsis Care,SEV_SEP_3HR,Severe Sepsis 3-Hour Bundle,87,130,2,07/01/2024,06/30/2025
310092,CAPITAL HEALTH REGIONAL MEDICAL CENTER,750 BRUNSWICK AVE,TRENTON,NJ,08638,MERCER,(609) 394-6000,Sepsis Care,SEV_SEP_6HR,Severe Sepsis 6-Hour Bundle,96,79,2,07/01/2024,06/30/2025
310092,CAPITAL HEALTH REGIONAL MEDICAL CENTER,750 BRUNSWICK AVE,TRENTON,NJ,08638,MERCER,(609) 394-6000,Electronic Clinical Quality Measure,STK_02,Discharged on Antithrombotic Therapy,95,389,,01/01/2024,12/31/2024
310092,CAPITAL HEALTH REGIONAL MEDICAL CENTER,750 BRUNSWICK AVE,TRENTON,NJ,08638,MERCER,(609) 394-6000,Electronic Clinical Quality Measure,STK_03,Anticoagulation Therapy for Atrial Fibrillation/Flutter,Not Available,Not Available,5,01/01/2024,12/31/2024
310092,CAPITAL HEALTH REGIONAL MEDICAL CENTER,750 BRUNSWICK AVE,TRENTON,NJ,08638,MERCER,(609) 394-6000,Electronic Clinical Quality Measure,STK_05,Antithrombotic Therapy by End of Hospital Day 2,Not Available,Not Available,5,01/01/2024,12/31/2024
310092,CAPITAL HEALTH REGIONAL MEDICAL CENTER,750 BRUNSWICK AVE,TRENTON,NJ,08638,MERCER,(609) 394-6000,Electronic Clinical Quality Measure,VTE_1,Venous Thromboembolism Prophylaxis,88,4831,,01/01/2024,12/31/2024
310092,CAPITAL HEALTH REGIONAL MEDICAL CENTER,750 BRUNSWICK AVE,TRENTON,NJ,08638,MERCER,(609) 394-6000,Electronic Clinical Quality Measure,VTE_2,Intensive Care Unit Venous Thromboembolism Prophylaxis,96,1594,,01/01/2024,12/31/2024
310096,SAINT MICHAEL'S MEDICAL CENTER,111 CENTRAL AVENUE,NEWARK,NJ,07102,ESSEX,(973) 877-5350,Emergency Department,EDV,Emergency department volume,medium,,,01/01/2024,12/31/2024
310096,SAINT MICHAEL'S MEDICAL CENTER,111 CENTRAL AVENUE,NEWARK,NJ,07102,ESSEX,(973) 877-5350,Electronic Clinical Quality Measure,GMCS,Global Malnutrition Composite Score,Not Available,Not Available,5,01/01/2024,12/31/2024
310096,SAINT MICHAEL'S MEDICAL CENTER,111 CENTRAL AVENUE,NEWARK,NJ,07102,ESSEX,(973) 877-5350,Electronic Clinical Quality Measure,GMCS_Malnutrition_Diagnosis_Documented,Global Malnutrition Composite Score: Malnutrition Diagnosis Documented,Not Available,Not Available,5,01/01/2024,12/31/2024
310096,SAINT MICHAEL'S MEDICAL CENTER,111 CENTRAL AVENUE,NEWARK,NJ,07102,ESSEX,(973) 877-5350,Electronic Clinical Quality Measure,GMCS_Malnutrition_Screening,Global Malnutrition Composite Score: Malnutrition Risk Screening,Not Available,Not Available,5,01/01/2024,12/31/2024
310096,SAINT MICHAEL'S MEDICAL CENTER,111 CENTRAL AVENUE,NEWARK,NJ,07102,ESSEX,(973) 877-5350,Electronic Clinical Quality Measure,GMCS_Nutrition_Assessment,Global Malnutrition Composite Score: Nutrition Assessment,Not Available,Not Available,5,01/01/2024,12/31/2024
310096,SAINT MICHAEL'S MEDICAL CENTER,111 CENTRAL AVENUE,NEWARK,NJ,07102,ESSEX,(973) 877-5350,Electronic Clinical Quality Measure,GMCS_Nutritional_Care_Plan,Global Malnutrition Composite Score: Nutritional Care Plan,Not Available,Not Available,5,01/01/2024,12/31/2024
310096,SAINT MICHAEL'S MEDICAL CENTER,111 CENTRAL AVENUE,NEWARK,NJ,07102,ESSEX,(973) 877-5350,Electronic Clinical Quality Measure,HH_HYPER,Hospital Harm - Severe Hyperglycemia,12,8148,,01/01/2024,12/31/2024
310096,SAINT MICHAEL'S MEDICAL CENTER,111 CENTRAL AVENUE,NEWARK,NJ,07102,ESSEX,(973) 877-5350,Electronic Clinical Quality Measure,HH_HYPO,Hospital Harm - Severe Hypoglycemia,1,1943,,01/01/2024,12/31/2024
310096,SAINT MICHAEL'S MEDICAL CENTER,111 CENTRAL AVENUE,NEWARK,NJ,07102,ESSEX,(973) 877-5350,Electronic Clinical Quality Measure,HH_ORAE,Hospital Harm - Opioid Related Adverse Events,Not Available,Not Available,5,01/01/2024,12/31/2024
310096,SAINT MICHAEL'S MEDICAL CENTER,111 CENTRAL AVENUE,NEWARK,NJ,07102,ESSEX,(973) 877-5350,Healthcare Personnel Vaccination,IMM_3,Healthcare workers given influenza vaccination,95,1207,,10/01/2024,03/31/2025
310096,SAINT MICHAEL'S MEDICAL CENTER,111 CENTRAL AVENUE,NEWARK,NJ,07102,ESSEX,(973) 877-5350,Emergency Department,OP_18a,"Average (median) time all patients spent in the emergency department before leaving from the visit, including psychiatric/mental health patients and patients who were transferred to another facility. A lower number of minutes is better",180,443,,07/01/2024,06/30/2025
310096,SAINT MICHAEL'S MEDICAL CENTER,111 CENTRAL AVENUE,NEWARK,NJ,07102,ESSEX,(973) 877-5350,Emergency Department,OP_18b,"Average (median) time patients spent in the emergency department before leaving from the visit, excluding patients transferred to another facility or psychiatric care/mental health patients. A lower number of minutes is better",176,417,,07/01/2024,06/30/2025
310096,SAINT MICHAEL'S MEDICAL CENTER,111 CENTRAL AVENUE,NEWARK,NJ,07102,ESSEX,(973) 877-5350,Emergency Department,OP_18c,Average (median) time psychiatric/mental health patients spent in the emergency department before leaving from the visit. A lower number of minutes is better,194,26,,07/01/2024,06/30/2025
310096,SAINT MICHAEL'S MEDICAL CENTER,111 CENTRAL AVENUE,NEWARK,NJ,07102,ESSEX,(973) 877-5350,Emergency Department,OP_18d,Average (median) time patients spent in the emergency department before being transferred to another facility. A lower number of minutes is better,Not Available,Not Available,7,07/01/2024,06/30/2025
310096,SAINT MICHAEL'S MEDICAL CENTER,111 CENTRAL AVENUE,NEWARK,NJ,07102,ESSEX,(973) 877-5350,Emergency Department,OP_22,Left before being seen,3,39172,,01/01/2024,12/31/2024
310096,SAINT MICHAEL'S MEDICAL CENTER,111 CENTRAL AVENUE,NEWARK,NJ,07102,ESSEX,(973) 877-5350,Emergency Department,OP_23,Head CT results,Not Available,Not Available,1,07/01/2024,06/30/2025
310096,SAINT MICHAEL'S MEDICAL CENTER,111 CENTRAL AVENUE,NEWARK,NJ,07102,ESSEX,(973) 877-5350,Colonoscopy care,OP_29,Endoscopy/polyp surveillance: appropriate follow-up interval for normal colonoscopy in average risk patients,100,86,,01/01/2024,12/31/2024
310096,SAINT MICHAEL'S MEDICAL CENTER,111 CENTRAL AVENUE,NEWARK,NJ,07102,ESSEX,(973) 877-5350,Cataract surgery outcome,OP_31,Improvement in Patient's Visual Function within 90 Days Following Cataract Surgery,Not Available,Not Available,5,01/01/2024,12/31/2024
310096,SAINT MICHAEL'S MEDICAL CENTER,111 CENTRAL AVENUE,NEWARK,NJ,07102,ESSEX,(973) 877-5350,Electronic Clinical Quality Measure,OP_40,ST-Segment Elevation Myocardial Infarction (STEMI),Not Available,Not Available,1,01/01/2024,12/31/2024
310096,SAINT MICHAEL'S MEDICAL CENTER,111 CENTRAL AVENUE,NEWARK,NJ,07102,ESSEX,(973) 877-5350,Electronic Clinical Quality Measure,SAFE_USE_OF_OPIOIDS,Safe Use of Opioids - Concurrent Prescribing,6,448,,01/01/2024,12/31/2024
310096,SAINT MICHAEL'S MEDICAL CENTER,111 CENTRAL AVENUE,NEWARK,NJ,07102,ESSEX,(973) 877-5350,Sepsis Care,SEP_1,Appropriate care for severe sepsis and septic shock,64,59,2,07/01/2024,06/30/2025
310096,SAINT MICHAEL'S MEDICAL CENTER,111 CENTRAL AVENUE,NEWARK,NJ,07102,ESSEX,(973) 877-5350,Sepsis Care,SEP_SH_3HR,Septic Shock 3-Hour Bundle,67,12,2,07/01/2024,06/30/2025
310096,SAINT MICHAEL'S MEDICAL CENTER,111 CENTRAL AVENUE,NEWARK,NJ,07102,ESSEX,(973) 877-5350,Sepsis Care,SEP_SH_6HR,Septic Shock 6-Hour Bundle,Not Available,Not Available,"1, 2",07/01/2024,06/30/2025
310096,SAINT MICHAEL'S MEDICAL CENTER,111 CENTRAL AVENUE,NEWARK,NJ,07102,ESSEX,(973) 877-5350,Sepsis Care,SEV_SEP_3HR,Severe Sepsis 3-Hour Bundle,85,59,2,07/01/2024,06/30/2025
310096,SAINT MICHAEL'S MEDICAL CENTER,111 CENTRAL AVENUE,NEWARK,NJ,07102,ESSEX,(973) 877-5350,Sepsis Care,SEV_SEP_6HR,Severe Sepsis 6-Hour Bundle,82,39,2,07/01/2024,06/30/2025
310096,SAINT MICHAEL'S MEDICAL CENTER,111 CENTRAL AVENUE,NEWARK,NJ,07102,ESSEX,(973) 877-5350,Electronic Clinical Quality Measure,STK_02,Discharged on Antithrombotic Therapy,Not Available,Not Available,5,01/01/2024,12/31/2024
310096,SAINT MICHAEL'S MEDICAL CENTER,111 CENTRAL AVENUE,NEWARK,NJ,07102,ESSEX,(973) 877-5350,Electronic Clinical Quality Measure,STK_03,Anticoagulation Therapy for Atrial Fibrillation/Flutter,Not Available,Not Available,5,01/01/2024,12/31/2024
310096,SAINT MICHAEL'S MEDICAL CENTER,111 CENTRAL AVENUE,NEWARK,NJ,07102,ESSEX,(973) 877-5350,Electronic Clinical Quality Measure,STK_05,Antithrombotic Therapy by End of Hospital Day 2,98,52,,01/01/2024,12/31/2024
310096,SAINT MICHAEL'S MEDICAL CENTER,111 CENTRAL AVENUE,NEWARK,NJ,07102,ESSEX,(973) 877-5350,Electronic Clinical Quality Measure,VTE_1,Venous Thromboembolism Prophylaxis,Not Available,Not Available,5,01/01/2024,12/31/2024
310096,SAINT MICHAEL'S MEDICAL CENTER,111 CENTRAL AVENUE,NEWARK,NJ,07102,ESSEX,(973) 877-5350,Electronic Clinical Quality Measure,VTE_2,Intensive Care Unit Venous Thromboembolism Prophylaxis,Not Available,Not Available,5,01/01/2024,12/31/2024
310108,JFK UNIVERSITY MEDICAL CENTER,65 JAMES STREET,EDISON,NJ,08818,MIDDLESEX,(732) 321-7000,Emergency Department,EDV,Emergency department volume,very high,,,01/01/2024,12/31/2024
310108,JFK UNIVERSITY MEDICAL CENTER,65 JAMES STREET,EDISON,NJ,08818,MIDDLESEX,(732) 321-7000,Electronic Clinical Quality Measure,GMCS,Global Malnutrition Composite Score,Not Available,Not Available,5,01/01/2024,12/31/2024
310108,JFK UNIVERSITY MEDICAL CENTER,65 JAMES STREET,EDISON,NJ,08818,MIDDLESEX,(732) 321-7000,Electronic Clinical Quality Measure,GMCS_Malnutrition_Diagnosis_Documented,Global Malnutrition Composite Score: Malnutrition Diagnosis Documented,Not Available,Not Available,5,01/01/2024,12/31/2024
310108,JFK UNIVERSITY MEDICAL CENTER,65 JAMES STREET,EDISON,NJ,08818,MIDDLESEX,(732) 321-7000,Electronic Clinical Quality Measure,GMCS_Malnutrition_Screening,Global Malnutrition Composite Score: Malnutrition Risk Screening,Not Available,Not Available,5,01/01/2024,12/31/2024
310108,JFK UNIVERSITY MEDICAL CENTER,65 JAMES STREET,EDISON,NJ,08818,MIDDLESEX,(732) 321-7000,Electronic Clinical Quality Measure,GMCS_Nutrition_Assessment,Global Malnutrition Composite Score: Nutrition Assessment,Not Available,Not Available,5,01/01/2024,12/31/2024
310108,JFK UNIVERSITY MEDICAL CENTER,65 JAMES STREET,EDISON,NJ,08818,MIDDLESEX,(732) 321-7000,Electronic Clinical Quality Measure,GMCS_Nutritional_Care_Plan,Global Malnutrition Composite Score: Nutritional Care Plan,Not Available,Not Available,5,01/01/2024,12/31/2024
310108,JFK UNIVERSITY MEDICAL CENTER,65 JAMES STREET,EDISON,NJ,08818,MIDDLESEX,(732) 321-7000,Electronic Clinical Quality Measure,HH_HYPER,Hospital Harm - Severe Hyperglycemia,Not Available,Not Available,5,01/01/2024,12/31/2024
310108,JFK UNIVERSITY MEDICAL CENTER,65 JAMES STREET,EDISON,NJ,08818,MIDDLESEX,(732) 321-7000,Electronic Clinical Quality Measure,HH_HYPO,Hospital Harm - Severe Hypoglycemia,Not Available,Not Available,5,01/01/2024,12/31/2024
310108,JFK UNIVERSITY MEDICAL CENTER,65 JAMES STREET,EDISON,NJ,08818,MIDDLESEX,(732) 321-7000,Electronic Clinical Quality Measure,HH_ORAE,Hospital Harm - Opioid Related Adverse Events,Not Available,Not Available,5,01/01/2024,12/31/2024
310108,JFK UNIVERSITY MEDICAL CENTER,65 JAMES STREET,EDISON,NJ,08818,MIDDLESEX,(732) 321-7000,Healthcare Personnel Vaccination,IMM_3,Healthcare workers given influenza vaccination,96,5392,,10/01/2024,03/31/2025
310108,JFK UNIVERSITY MEDICAL CENTER,65 JAMES STREET,EDISON,NJ,08818,MIDDLESEX,(732) 321-7000,Emergency Department,OP_18a,"Average (median) time all patients spent in the emergency department before leaving from the visit, including psychiatric/mental health patients and patients who were transferred to another facility. A lower number of minutes is better",198,399,,07/01/2024,06/30/2025
310108,JFK UNIVERSITY MEDICAL CENTER,65 JAMES STREET,EDISON,NJ,08818,MIDDLESEX,(732) 321-7000,Emergency Department,OP_18b,"Average (median) time patients spent in the emergency department before leaving from the visit, excluding patients transferred to another facility or psychiatric care/mental health patients. A lower number of minutes is better",196,379,,07/01/2024,06/30/2025
310108,JFK UNIVERSITY MEDICAL CENTER,65 JAMES STREET,EDISON,NJ,08818,MIDDLESEX,(732) 321-7000,Emergency Department,OP_18c,Average (median) time psychiatric/mental health patients spent in the emergency department before leaving from the visit. A lower number of minutes is better,525,15,,07/01/2024,06/30/2025
310108,JFK UNIVERSITY MEDICAL CENTER,65 JAMES STREET,EDISON,NJ,08818,MIDDLESEX,(732) 321-7000,Emergency Department,OP_18d,Average (median) time patients spent in the emergency department before being transferred to another facility. A lower number of minutes is better,Not Available,Not Available,1,07/01/2024,06/30/2025
310108,JFK UNIVERSITY MEDICAL CENTER,65 JAMES STREET,EDISON,NJ,08818,MIDDLESEX,(732) 321-7000,Emergency Department,OP_22,Left before being seen,2,93785,,01/01/2024,12/31/2024
310108,JFK UNIVERSITY MEDICAL CENTER,65 JAMES STREET,EDISON,NJ,08818,MIDDLESEX,(732) 321-7000,Emergency Department,OP_23,Head CT results,Not Available,Not Available,1,07/01/2024,06/30/2025
310108,JFK UNIVERSITY MEDICAL CENTER,65 JAMES STREET,EDISON,NJ,08818,MIDDLESEX,(732) 321-7000,Colonoscopy care,OP_29,Endoscopy/polyp surveillance: appropriate follow-up interval for normal colonoscopy in average risk patients,72,85,,01/01/2024,12/31/2024
310108,JFK UNIVERSITY MEDICAL CENTER,65 JAMES STREET,EDISON,NJ,08818,MIDDLESEX,(732) 321-7000,Cataract surgery outcome,OP_31,Improvement in Patient's Visual Function within 90 Days Following Cataract Surgery,Not Available,Not Available,5,01/01/2024,12/31/2024
310108,JFK UNIVERSITY MEDICAL CENTER,65 JAMES STREET,EDISON,NJ,08818,MIDDLESEX,(732) 321-7000,Electronic Clinical Quality Measure,OP_40,ST-Segment Elevation Myocardial Infarction (STEMI),67,27,,01/01/2024,12/31/2024
310108,JFK UNIVERSITY MEDICAL CENTER,65 JAMES STREET,EDISON,NJ,08818,MIDDLESEX,(732) 321-7000,Electronic Clinical Quality Measure,SAFE_USE_OF_OPIOIDS,Safe Use of Opioids - Concurrent Prescribing,17,3773,,01/01/2024,12/31/2024
310108,JFK UNIVERSITY MEDICAL CENTER,65 JAMES STREET,EDISON,NJ,08818,MIDDLESEX,(732) 321-7000,Sepsis Care,SEP_1,Appropriate care for severe sepsis and septic shock,68,160,2,07/01/2024,06/30/2025
310108,JFK UNIVERSITY MEDICAL CENTER,65 JAMES STREET,EDISON,NJ,08818,MIDDLESEX,(732) 321-7000,Sepsis Care,SEP_SH_3HR,Septic Shock 3-Hour Bundle,78,54,2,07/01/2024,06/30/2025
310108,JFK UNIVERSITY MEDICAL CENTER,65 JAMES STREET,EDISON,NJ,08818,MIDDLESEX,(732) 321-7000,Sepsis Care,SEP_SH_6HR,Septic Shock 6-Hour Bundle,82,33,2,07/01/2024,06/30/2025
310108,JFK UNIVERSITY MEDICAL CENTER,65 JAMES STREET,EDISON,NJ,08818,MIDDLESEX,(732) 321-7000,Sepsis Care,SEV_SEP_3HR,Severe Sepsis 3-Hour Bundle,83,161,2,07/01/2024,06/30/2025
310108,JFK UNIVERSITY MEDICAL CENTER,65 JAMES STREET,EDISON,NJ,08818,MIDDLESEX,(732) 321-7000,Sepsis Care,SEV_SEP_6HR,Severe Sepsis 6-Hour Bundle,95,96,2,07/01/2024,06/30/2025
310108,JFK UNIVERSITY MEDICAL CENTER,65 JAMES STREET,EDISON,NJ,08818,MIDDLESEX,(732) 321-7000,Electronic Clinical Quality Measure,STK_02,Discharged on Antithrombotic Therapy,97,574,,01/01/2024,12/31/2024
310108,JFK UNIVERSITY MEDICAL CENTER,65 JAMES STREET,EDISON,NJ,08818,MIDDLESEX,(732) 321-7000,Electronic Clinical Quality Measure,STK_03,Anticoagulation Therapy for Atrial Fibrillation/Flutter,76,153,,01/01/2024,12/31/2024
310108,JFK UNIVERSITY MEDICAL CENTER,65 JAMES STREET,EDISON,NJ,08818,MIDDLESEX,(732) 321-7000,Electronic Clinical Quality Measure,STK_05,Antithrombotic Therapy by End of Hospital Day 2,91,457,,01/01/2024,12/31/2024
310108,JFK UNIVERSITY MEDICAL CENTER,65 JAMES STREET,EDISON,NJ,08818,MIDDLESEX,(732) 321-7000,Electronic Clinical Quality Measure,VTE_1,Venous Thromboembolism Prophylaxis,Not Available,Not Available,5,01/01/2024,12/31/2024
310108,JFK UNIVERSITY MEDICAL CENTER,65 JAMES STREET,EDISON,NJ,08818,MIDDLESEX,(732) 321-7000,Electronic Clinical Quality Measure,VTE_2,Intensive Care Unit Venous Thromboembolism Prophylaxis,Not Available,Not Available,5,01/01/2024,12/31/2024
310110,ROBERT WOOD JOHNSON UNIVERSITY HOSPITAL AT HAMILTON,ONE HAMILTON HEALTH PLACE,HAMILTON,NJ,08690,MERCER,(609) 586-7900,Emergency Department,EDV,Emergency department volume,medium,,,01/01/2024,12/31/2024
310110,ROBERT WOOD JOHNSON UNIVERSITY HOSPITAL AT HAMILTON,ONE HAMILTON HEALTH PLACE,HAMILTON,NJ,08690,MERCER,(609) 586-7900,Electronic Clinical Quality Measure,GMCS,Global Malnutrition Composite Score,Not Available,Not Available,5,01/01/2024,12/31/2024
310110,ROBERT WOOD JOHNSON UNIVERSITY HOSPITAL AT HAMILTON,ONE HAMILTON HEALTH PLACE,HAMILTON,NJ,08690,MERCER,(609) 586-7900,Electronic Clinical Quality Measure,GMCS_Malnutrition_Diagnosis_Documented,Global Malnutrition Composite Score: Malnutrition Diagnosis Documented,Not Available,Not Available,5,01/01/2024,12/31/2024
310110,ROBERT WOOD JOHNSON UNIVERSITY HOSPITAL AT HAMILTON,ONE HAMILTON HEALTH PLACE,HAMILTON,NJ,08690,MERCER,(609) 586-7900,Electronic Clinical Quality Measure,GMCS_Malnutrition_Screening,Global Malnutrition Composite Score: Malnutrition Risk Screening,Not Available,Not Available,5,01/01/2024,12/31/2024
310110,ROBERT WOOD JOHNSON UNIVERSITY HOSPITAL AT HAMILTON,ONE HAMILTON HEALTH PLACE,HAMILTON,NJ,08690,MERCER,(609) 586-7900,Electronic Clinical Quality Measure,GMCS_Nutrition_Assessment,Global Malnutrition Composite Score: Nutrition Assessment,Not Available,Not Available,5,01/01/2024,12/31/2024
310110,ROBERT WOOD JOHNSON UNIVERSITY HOSPITAL AT HAMILTON,ONE HAMILTON HEALTH PLACE,HAMILTON,NJ,08690,MERCER,(609) 586-7900,Electronic Clinical Quality Measure,GMCS_Nutritional_Care_Plan,Global Malnutrition Composite Score: Nutritional Care Plan,Not Available,Not Available,5,01/01/2024,12/31/2024
310110,ROBERT WOOD JOHNSON UNIVERSITY HOSPITAL AT HAMILTON,ONE HAMILTON HEALTH PLACE,HAMILTON,NJ,08690,MERCER,(609) 586-7900,Electronic Clinical Quality Measure,HH_HYPER,Hospital Harm - Severe Hyperglycemia,Not Available,Not Available,5,01/01/2024,12/31/2024
310110,ROBERT WOOD JOHNSON UNIVERSITY HOSPITAL AT HAMILTON,ONE HAMILTON HEALTH PLACE,HAMILTON,NJ,08690,MERCER,(609) 586-7900,Electronic Clinical Quality Measure,HH_HYPO,Hospital Harm - Severe Hypoglycemia,Not Available,Not Available,5,01/01/2024,12/31/2024
310110,ROBERT WOOD JOHNSON UNIVERSITY HOSPITAL AT HAMILTON,ONE HAMILTON HEALTH PLACE,HAMILTON,NJ,08690,MERCER,(609) 586-7900,Electronic Clinical Quality Measure,HH_ORAE,Hospital Harm - Opioid Related Adverse Events,Not Available,Not Available,5,01/01/2024,12/31/2024
310110,ROBERT WOOD JOHNSON UNIVERSITY HOSPITAL AT HAMILTON,ONE HAMILTON HEALTH PLACE,HAMILTON,NJ,08690,MERCER,(609) 586-7900,Healthcare Personnel Vaccination,IMM_3,Healthcare workers given influenza vaccination,98,1730,,10/01/2024,03/31/2025
310110,ROBERT WOOD JOHNSON UNIVERSITY HOSPITAL AT HAMILTON,ONE HAMILTON HEALTH PLACE,HAMILTON,NJ,08690,MERCER,(609) 586-7900,Emergency Department,OP_18a,"Average (median) time all patients spent in the emergency department before leaving from the visit, including psychiatric/mental health patients and patients who were transferred to another facility. A lower number of minutes is better",174,427,,07/01/2024,06/30/2025
310110,ROBERT WOOD JOHNSON UNIVERSITY HOSPITAL AT HAMILTON,ONE HAMILTON HEALTH PLACE,HAMILTON,NJ,08690,MERCER,(609) 586-7900,Emergency Department,OP_18b,"Average (median) time patients spent in the emergency department before leaving from the visit, excluding patients transferred to another facility or psychiatric care/mental health patients. A lower number of minutes is better",174,407,,07/01/2024,06/30/2025
310110,ROBERT WOOD JOHNSON UNIVERSITY HOSPITAL AT HAMILTON,ONE HAMILTON HEALTH PLACE,HAMILTON,NJ,08690,MERCER,(609) 586-7900,Emergency Department,OP_18c,Average (median) time psychiatric/mental health patients spent in the emergency department before leaving from the visit. A lower number of minutes is better,149,13,,07/01/2024,06/30/2025
310110,ROBERT WOOD JOHNSON UNIVERSITY HOSPITAL AT HAMILTON,ONE HAMILTON HEALTH PLACE,HAMILTON,NJ,08690,MERCER,(609) 586-7900,Emergency Department,OP_18d,Average (median) time patients spent in the emergency department before being transferred to another facility. A lower number of minutes is better,Not Available,Not Available,1,07/01/2024,06/30/2025
310110,ROBERT WOOD JOHNSON UNIVERSITY HOSPITAL AT HAMILTON,ONE HAMILTON HEALTH PLACE,HAMILTON,NJ,08690,MERCER,(609) 586-7900,Emergency Department,OP_22,Left before being seen,1,36113,,01/01/2024,12/31/2024
310110,ROBERT WOOD JOHNSON UNIVERSITY HOSPITAL AT HAMILTON,ONE HAMILTON HEALTH PLACE,HAMILTON,NJ,08690,MERCER,(609) 586-7900,Emergency Department,OP_23,Head CT results,Not Available,Not Available,1,07/01/2024,06/30/2025
310110,ROBERT WOOD JOHNSON UNIVERSITY HOSPITAL AT HAMILTON,ONE HAMILTON HEALTH PLACE,HAMILTON,NJ,08690,MERCER,(609) 586-7900,Colonoscopy care,OP_29,Endoscopy/polyp surveillance: appropriate follow-up interval for normal colonoscopy in average risk patients,93,88,,01/01/2024,12/31/2024
310110,ROBERT WOOD JOHNSON UNIVERSITY HOSPITAL AT HAMILTON,ONE HAMILTON HEALTH PLACE,HAMILTON,NJ,08690,MERCER,(609) 586-7900,Cataract surgery outcome,OP_31,Improvement in Patient's Visual Function within 90 Days Following Cataract Surgery,Not Available,Not Available,5,01/01/2024,12/31/2024
310110,ROBERT WOOD JOHNSON UNIVERSITY HOSPITAL AT HAMILTON,ONE HAMILTON HEALTH PLACE,HAMILTON,NJ,08690,MERCER,(609) 586-7900,Electronic Clinical Quality Measure,OP_40,ST-Segment Elevation Myocardial Infarction (STEMI),Not Available,Not Available,1,01/01/2024,12/31/2024
310110,ROBERT WOOD JOHNSON UNIVERSITY HOSPITAL AT HAMILTON,ONE HAMILTON HEALTH PLACE,HAMILTON,NJ,08690,MERCER,(609) 586-7900,Electronic Clinical Quality Measure,SAFE_USE_OF_OPIOIDS,Safe Use of Opioids - Concurrent Prescribing,18,1803,,01/01/2024,12/31/2024
310110,ROBERT WOOD JOHNSON UNIVERSITY HOSPITAL AT HAMILTON,ONE HAMILTON HEALTH PLACE,HAMILTON,NJ,08690,MERCER,(609) 586-7900,Sepsis Care,SEP_1,Appropriate care for severe sepsis and septic shock,76,227,2,07/01/2024,06/30/2025
310110,ROBERT WOOD JOHNSON UNIVERSITY HOSPITAL AT HAMILTON,ONE HAMILTON HEALTH PLACE,HAMILTON,NJ,08690,MERCER,(609) 586-7900,Sepsis Care,SEP_SH_3HR,Septic Shock 3-Hour Bundle,79,75,2,07/01/2024,06/30/2025
310110,ROBERT WOOD JOHNSON UNIVERSITY HOSPITAL AT HAMILTON,ONE HAMILTON HEALTH PLACE,HAMILTON,NJ,08690,MERCER,(609) 586-7900,Sepsis Care,SEP_SH_6HR,Septic Shock 6-Hour Bundle,90,42,2,07/01/2024,06/30/2025
310110,ROBERT WOOD JOHNSON UNIVERSITY HOSPITAL AT HAMILTON,ONE HAMILTON HEALTH PLACE,HAMILTON,NJ,08690,MERCER,(609) 586-7900,Sepsis Care,SEV_SEP_3HR,Severe Sepsis 3-Hour Bundle,87,228,2,07/01/2024,06/30/2025
310110,ROBERT WOOD JOHNSON UNIVERSITY HOSPITAL AT HAMILTON,ONE HAMILTON HEALTH PLACE,HAMILTON,NJ,08690,MERCER,(609) 586-7900,Sepsis Care,SEV_SEP_6HR,Severe Sepsis 6-Hour Bundle,98,122,2,07/01/2024,06/30/2025
310110,ROBERT WOOD JOHNSON UNIVERSITY HOSPITAL AT HAMILTON,ONE HAMILTON HEALTH PLACE,HAMILTON,NJ,08690,MERCER,(609) 586-7900,Electronic Clinical Quality Measure,STK_02,Discharged on Antithrombotic Therapy,95,172,,01/01/2024,12/31/2024
310110,ROBERT WOOD JOHNSON UNIVERSITY HOSPITAL AT HAMILTON,ONE HAMILTON HEALTH PLACE,HAMILTON,NJ,08690,MERCER,(609) 586-7900,Electronic Clinical Quality Measure,STK_03,Anticoagulation Therapy for Atrial Fibrillation/Flutter,Not Available,Not Available,5,01/01/2024,12/31/2024
310110,ROBERT WOOD JOHNSON UNIVERSITY HOSPITAL AT HAMILTON,ONE HAMILTON HEALTH PLACE,HAMILTON,NJ,08690,MERCER,(609) 586-7900,Electronic Clinical Quality Measure,STK_05,Antithrombotic Therapy by End of Hospital Day 2,95,162,,01/01/2024,12/31/2024
310110,ROBERT WOOD JOHNSON UNIVERSITY HOSPITAL AT HAMILTON,ONE HAMILTON HEALTH PLACE,HAMILTON,NJ,08690,MERCER,(609) 586-7900,Electronic Clinical Quality Measure,VTE_1,Venous Thromboembolism Prophylaxis,78,4895,,01/01/2024,12/31/2024
310110,ROBERT WOOD JOHNSON UNIVERSITY HOSPITAL AT HAMILTON,ONE HAMILTON HEALTH PLACE,HAMILTON,NJ,08690,MERCER,(609) 586-7900,Electronic Clinical Quality Measure,VTE_2,Intensive Care Unit Venous Thromboembolism Prophylaxis,Not Available,Not Available,5,01/01/2024,12/31/2024
310111,CENTRASTATE MEDICAL CENTER,901 WEST MAIN STREET,FREEHOLD,NJ,07728,MONMOUTH,(732) 294-7012,Emergency Department,EDV,Emergency department volume,high,,,01/01/2024,12/31/2024
310111,CENTRASTATE MEDICAL CENTER,901 WEST MAIN STREET,FREEHOLD,NJ,07728,MONMOUTH,(732) 294-7012,Electronic Clinical Quality Measure,GMCS,Global Malnutrition Composite Score,Not Available,Not Available,5,01/01/2024,12/31/2024
310111,CENTRASTATE MEDICAL CENTER,901 WEST MAIN STREET,FREEHOLD,NJ,07728,MONMOUTH,(732) 294-7012,Electronic Clinical Quality Measure,GMCS_Malnutrition_Diagnosis_Documented,Global Malnutrition Composite Score: Malnutrition Diagnosis Documented,Not Available,Not Available,5,01/01/2024,12/31/2024
310111,CENTRASTATE MEDICAL CENTER,901 WEST MAIN STREET,FREEHOLD,NJ,07728,MONMOUTH,(732) 294-7012,Electronic Clinical Quality Measure,GMCS_Malnutrition_Screening,Global Malnutrition Composite Score: Malnutrition Risk Screening,Not Available,Not Available,5,01/01/2024,12/31/2024
310111,CENTRASTATE MEDICAL CENTER,901 WEST MAIN STREET,FREEHOLD,NJ,07728,MONMOUTH,(732) 294-7012,Electronic Clinical Quality Measure,GMCS_Nutrition_Assessment,Global Malnutrition Composite Score: Nutrition Assessment,Not Available,Not Available,5,01/01/2024,12/31/2024
310111,CENTRASTATE MEDICAL CENTER,901 WEST MAIN STREET,FREEHOLD,NJ,07728,MONMOUTH,(732) 294-7012,Electronic Clinical Quality Measure,GMCS_Nutritional_Care_Plan,Global Malnutrition Composite Score: Nutritional Care Plan,Not Available,Not Available,5,01/01/2024,12/31/2024
310111,CENTRASTATE MEDICAL CENTER,901 WEST MAIN STREET,FREEHOLD,NJ,07728,MONMOUTH,(732) 294-7012,Electronic Clinical Quality Measure,HH_HYPER,Hospital Harm - Severe Hyperglycemia,Not Available,Not Available,5,01/01/2024,12/31/2024
310111,CENTRASTATE MEDICAL CENTER,901 WEST MAIN STREET,FREEHOLD,NJ,07728,MONMOUTH,(732) 294-7012,Electronic Clinical Quality Measure,HH_HYPO,Hospital Harm - Severe Hypoglycemia,Not Available,Not Available,5,01/01/2024,12/31/2024
310111,CENTRASTATE MEDICAL CENTER,901 WEST MAIN STREET,FREEHOLD,NJ,07728,MONMOUTH,(732) 294-7012,Electronic Clinical Quality Measure,HH_ORAE,Hospital Harm - Opioid Related Adverse Events,Not Available,Not Available,5,01/01/2024,12/31/2024
310111,CENTRASTATE MEDICAL CENTER,901 WEST MAIN STREET,FREEHOLD,NJ,07728,MONMOUTH,(732) 294-7012,Healthcare Personnel Vaccination,IMM_3,Healthcare workers given influenza vaccination,95,3542,,10/01/2024,03/31/2025
310111,CENTRASTATE MEDICAL CENTER,901 WEST MAIN STREET,FREEHOLD,NJ,07728,MONMOUTH,(732) 294-7012,Emergency Department,OP_18a,"Average (median) time all patients spent in the emergency department before leaving from the visit, including psychiatric/mental health patients and patients who were transferred to another facility. A lower number of minutes is better",222,417,,07/01/2024,06/30/2025
310111,CENTRASTATE MEDICAL CENTER,901 WEST MAIN STREET,FREEHOLD,NJ,07728,MONMOUTH,(732) 294-7012,Emergency Department,OP_18b,"Average (median) time patients spent in the emergency department before leaving from the visit, excluding patients transferred to another facility or psychiatric care/mental health patients. A lower number of minutes is better",219,389,,07/01/2024,06/30/2025
310111,CENTRASTATE MEDICAL CENTER,901 WEST MAIN STREET,FREEHOLD,NJ,07728,MONMOUTH,(732) 294-7012,Emergency Department,OP_18c,Average (median) time psychiatric/mental health patients spent in the emergency department before leaving from the visit. A lower number of minutes is better,239,23,,07/01/2024,06/30/2025
310111,CENTRASTATE MEDICAL CENTER,901 WEST MAIN STREET,FREEHOLD,NJ,07728,MONMOUTH,(732) 294-7012,Emergency Department,OP_18d,Average (median) time patients spent in the emergency department before being transferred to another facility. A lower number of minutes is better,Not Available,Not Available,1,07/01/2024,06/30/2025
310111,CENTRASTATE MEDICAL CENTER,901 WEST MAIN STREET,FREEHOLD,NJ,07728,MONMOUTH,(732) 294-7012,Emergency Department,OP_22,Left before being seen,2,47120,,01/01/2024,12/31/2024
310111,CENTRASTATE MEDICAL CENTER,901 WEST MAIN STREET,FREEHOLD,NJ,07728,MONMOUTH,(732) 294-7012,Emergency Department,OP_23,Head CT results,Not Available,Not Available,1,07/01/2024,06/30/2025
310111,CENTRASTATE MEDICAL CENTER,901 WEST MAIN STREET,FREEHOLD,NJ,07728,MONMOUTH,(732) 294-7012,Colonoscopy care,OP_29,Endoscopy/polyp surveillance: appropriate follow-up interval for normal colonoscopy in average risk patients,92,59,,01/01/2024,12/31/2024
310111,CENTRASTATE MEDICAL CENTER,901 WEST MAIN STREET,FREEHOLD,NJ,07728,MONMOUTH,(732) 294-7012,Cataract surgery outcome,OP_31,Improvement in Patient's Visual Function within 90 Days Following Cataract Surgery,Not Available,Not Available,5,01/01/2024,12/31/2024
310111,CENTRASTATE MEDICAL CENTER,901 WEST MAIN STREET,FREEHOLD,NJ,07728,MONMOUTH,(732) 294-7012,Electronic Clinical Quality Measure,OP_40,ST-Segment Elevation Myocardial Infarction (STEMI),76,25,,01/01/2024,12/31/2024
310111,CENTRASTATE MEDICAL CENTER,901 WEST MAIN STREET,FREEHOLD,NJ,07728,MONMOUTH,(732) 294-7012,Electronic Clinical Quality Measure,SAFE_USE_OF_OPIOIDS,Safe Use of Opioids - Concurrent Prescribing,18,2650,,01/01/2024,12/31/2024
310111,CENTRASTATE MEDICAL CENTER,901 WEST MAIN STREET,FREEHOLD,NJ,07728,MONMOUTH,(732) 294-7012,Sepsis Care,SEP_1,Appropriate care for severe sepsis and septic shock,70,171,2,07/01/2024,06/30/2025
310111,CENTRASTATE MEDICAL CENTER,901 WEST MAIN STREET,FREEHOLD,NJ,07728,MONMOUTH,(732) 294-7012,Sepsis Care,SEP_SH_3HR,Septic Shock 3-Hour Bundle,88,64,2,07/01/2024,06/30/2025
310111,CENTRASTATE MEDICAL CENTER,901 WEST MAIN STREET,FREEHOLD,NJ,07728,MONMOUTH,(732) 294-7012,Sepsis Care,SEP_SH_6HR,Septic Shock 6-Hour Bundle,79,47,2,07/01/2024,06/30/2025
310111,CENTRASTATE MEDICAL CENTER,901 WEST MAIN STREET,FREEHOLD,NJ,07728,MONMOUTH,(732) 294-7012,Sepsis Care,SEV_SEP_3HR,Severe Sepsis 3-Hour Bundle,88,173,2,07/01/2024,06/30/2025
310111,CENTRASTATE MEDICAL CENTER,901 WEST MAIN STREET,FREEHOLD,NJ,07728,MONMOUTH,(732) 294-7012,Sepsis Care,SEV_SEP_6HR,Severe Sepsis 6-Hour Bundle,90,115,2,07/01/2024,06/30/2025
310111,CENTRASTATE MEDICAL CENTER,901 WEST MAIN STREET,FREEHOLD,NJ,07728,MONMOUTH,(732) 294-7012,Electronic Clinical Quality Measure,STK_02,Discharged on Antithrombotic Therapy,98,197,,01/01/2024,12/31/2024
310111,CENTRASTATE MEDICAL CENTER,901 WEST MAIN STREET,FREEHOLD,NJ,07728,MONMOUTH,(732) 294-7012,Electronic Clinical Quality Measure,STK_03,Anticoagulation Therapy for Atrial Fibrillation/Flutter,Not Available,Not Available,5,01/01/2024,12/31/2024
310111,CENTRASTATE MEDICAL CENTER,901 WEST MAIN STREET,FREEHOLD,NJ,07728,MONMOUTH,(732) 294-7012,Electronic Clinical Quality Measure,STK_05,Antithrombotic Therapy by End of Hospital Day 2,Not Available,Not Available,5,01/01/2024,12/31/2024
310111,CENTRASTATE MEDICAL CENTER,901 WEST MAIN STREET,FREEHOLD,NJ,07728,MONMOUTH,(732) 294-7012,Electronic Clinical Quality Measure,VTE_1,Venous Thromboembolism Prophylaxis,91,7130,,01/01/2024,12/31/2024
310111,CENTRASTATE MEDICAL CENTER,901 WEST MAIN STREET,FREEHOLD,NJ,07728,MONMOUTH,(732) 294-7012,Electronic Clinical Quality Measure,VTE_2,Intensive Care Unit Venous Thromboembolism Prophylaxis,99,1089,,01/01/2024,12/31/2024
310112,BAYSHORE MEDICAL CENTER,727 N BEERS ST,HOLMDEL,NJ,07733,MONMOUTH,(732) 739-5900,Emergency Department,EDV,Emergency department volume,high,,,01/01/2024,12/31/2024
310112,BAYSHORE MEDICAL CENTER,727 N BEERS ST,HOLMDEL,NJ,07733,MONMOUTH,(732) 739-5900,Electronic Clinical Quality Measure,GMCS,Global Malnutrition Composite Score,Not Available,Not Available,5,01/01/2024,12/31/2024
310112,BAYSHORE MEDICAL CENTER,727 N BEERS ST,HOLMDEL,NJ,07733,MONMOUTH,(732) 739-5900,Electronic Clinical Quality Measure,GMCS_Malnutrition_Diagnosis_Documented,Global Malnutrition Composite Score: Malnutrition Diagnosis Documented,Not Available,Not Available,5,01/01/2024,12/31/2024
310112,BAYSHORE MEDICAL CENTER,727 N BEERS ST,HOLMDEL,NJ,07733,MONMOUTH,(732) 739-5900,Electronic Clinical Quality Measure,GMCS_Malnutrition_Screening,Global Malnutrition Composite Score: Malnutrition Risk Screening,Not Available,Not Available,5,01/01/2024,12/31/2024
310112,BAYSHORE MEDICAL CENTER,727 N BEERS ST,HOLMDEL,NJ,07733,MONMOUTH,(732) 739-5900,Electronic Clinical Quality Measure,GMCS_Nutrition_Assessment,Global Malnutrition Composite Score: Nutrition Assessment,Not Available,Not Available,5,01/01/2024,12/31/2024
310112,BAYSHORE MEDICAL CENTER,727 N BEERS ST,HOLMDEL,NJ,07733,MONMOUTH,(732) 739-5900,Electronic Clinical Quality Measure,GMCS_Nutritional_Care_Plan,Global Malnutrition Composite Score: Nutritional Care Plan,Not Available,Not Available,5,01/01/2024,12/31/2024
310112,BAYSHORE MEDICAL CENTER,727 N BEERS ST,HOLMDEL,NJ,07733,MONMOUTH,(732) 739-5900,Electronic Clinical Quality Measure,HH_HYPER,Hospital Harm - Severe Hyperglycemia,Not Available,Not Available,5,01/01/2024,12/31/2024
310112,BAYSHORE MEDICAL CENTER,727 N BEERS ST,HOLMDEL,NJ,07733,MONMOUTH,(732) 739-5900,Electronic Clinical Quality Measure,HH_HYPO,Hospital Harm - Severe Hypoglycemia,Not Available,Not Available,5,01/01/2024,12/31/2024
310112,BAYSHORE MEDICAL CENTER,727 N BEERS ST,HOLMDEL,NJ,07733,MONMOUTH,(732) 739-5900,Electronic Clinical Quality Measure,HH_ORAE,Hospital Harm - Opioid Related Adverse Events,Not Available,Not Available,5,01/01/2024,12/31/2024
310112,BAYSHORE MEDICAL CENTER,727 N BEERS ST,HOLMDEL,NJ,07733,MONMOUTH,(732) 739-5900,Healthcare Personnel Vaccination,IMM_3,Healthcare workers given influenza vaccination,93,1662,,10/01/2024,03/31/2025
310112,BAYSHORE MEDICAL CENTER,727 N BEERS ST,HOLMDEL,NJ,07733,MONMOUTH,(732) 739-5900,Emergency Department,OP_18a,"Average (median) time all patients spent in the emergency department before leaving from the visit, including psychiatric/mental health patients and patients who were transferred to another facility. A lower number of minutes is better",169,429,,07/01/2024,06/30/2025
310112,BAYSHORE MEDICAL CENTER,727 N BEERS ST,HOLMDEL,NJ,07733,MONMOUTH,(732) 739-5900,Emergency Department,OP_18b,"Average (median) time patients spent in the emergency department before leaving from the visit, excluding patients transferred to another facility or psychiatric care/mental health patients. A lower number of minutes is better",166,396,,07/01/2024,06/30/2025
310112,BAYSHORE MEDICAL CENTER,727 N BEERS ST,HOLMDEL,NJ,07733,MONMOUTH,(732) 739-5900,Emergency Department,OP_18c,Average (median) time psychiatric/mental health patients spent in the emergency department before leaving from the visit. A lower number of minutes is better,327,28,,07/01/2024,06/30/2025
310112,BAYSHORE MEDICAL CENTER,727 N BEERS ST,HOLMDEL,NJ,07733,MONMOUTH,(732) 739-5900,Emergency Department,OP_18d,Average (median) time patients spent in the emergency department before being transferred to another facility. A lower number of minutes is better,Not Available,Not Available,1,07/01/2024,06/30/2025
310112,BAYSHORE MEDICAL CENTER,727 N BEERS ST,HOLMDEL,NJ,07733,MONMOUTH,(732) 739-5900,Emergency Department,OP_22,Left before being seen,0,41618,,01/01/2024,12/31/2024
310112,BAYSHORE MEDICAL CENTER,727 N BEERS ST,HOLMDEL,NJ,07733,MONMOUTH,(732) 739-5900,Emergency Department,OP_23,Head CT results,93,15,,07/01/2024,06/30/2025
310112,BAYSHORE MEDICAL CENTER,727 N BEERS ST,HOLMDEL,NJ,07733,MONMOUTH,(732) 739-5900,Colonoscopy care,OP_29,Endoscopy/polyp surveillance: appropriate follow-up interval for normal colonoscopy in average risk patients,Not Available,Not Available,1,01/01/2024,12/31/2024
310112,BAYSHORE MEDICAL CENTER,727 N BEERS ST,HOLMDEL,NJ,07733,MONMOUTH,(732) 739-5900,Cataract surgery outcome,OP_31,Improvement in Patient's Visual Function within 90 Days Following Cataract Surgery,Not Available,Not Available,5,01/01/2024,12/31/2024
310112,BAYSHORE MEDICAL CENTER,727 N BEERS ST,HOLMDEL,NJ,07733,MONMOUTH,(732) 739-5900,Electronic Clinical Quality Measure,OP_40,ST-Segment Elevation Myocardial Infarction (STEMI),Not Available,Not Available,1,01/01/2024,12/31/2024
310112,BAYSHORE MEDICAL CENTER,727 N BEERS ST,HOLMDEL,NJ,07733,MONMOUTH,(732) 739-5900,Electronic Clinical Quality Measure,SAFE_USE_OF_OPIOIDS,Safe Use of Opioids - Concurrent Prescribing,22,2139,,01/01/2024,12/31/2024
310112,BAYSHORE MEDICAL CENTER,727 N BEERS ST,HOLMDEL,NJ,07733,MONMOUTH,(732) 739-5900,Sepsis Care,SEP_1,Appropriate care for severe sepsis and septic shock,77,214,2,07/01/2024,06/30/2025
310112,BAYSHORE MEDICAL CENTER,727 N BEERS ST,HOLMDEL,NJ,07733,MONMOUTH,(732) 739-5900,Sepsis Care,SEP_SH_3HR,Septic Shock 3-Hour Bundle,82,79,2,07/01/2024,06/30/2025
310112,BAYSHORE MEDICAL CENTER,727 N BEERS ST,HOLMDEL,NJ,07733,MONMOUTH,(732) 739-5900,Sepsis Care,SEP_SH_6HR,Septic Shock 6-Hour Bundle,95,57,2,07/01/2024,06/30/2025
310112,BAYSHORE MEDICAL CENTER,727 N BEERS ST,HOLMDEL,NJ,07733,MONMOUTH,(732) 739-5900,Sepsis Care,SEV_SEP_3HR,Severe Sepsis 3-Hour Bundle,88,214,2,07/01/2024,06/30/2025
310112,BAYSHORE MEDICAL CENTER,727 N BEERS ST,HOLMDEL,NJ,07733,MONMOUTH,(732) 739-5900,Sepsis Care,SEV_SEP_6HR,Severe Sepsis 6-Hour Bundle,97,138,2,07/01/2024,06/30/2025
310112,BAYSHORE MEDICAL CENTER,727 N BEERS ST,HOLMDEL,NJ,07733,MONMOUTH,(732) 739-5900,Electronic Clinical Quality Measure,STK_02,Discharged on Antithrombotic Therapy,97,94,,01/01/2024,12/31/2024
310112,BAYSHORE MEDICAL CENTER,727 N BEERS ST,HOLMDEL,NJ,07733,MONMOUTH,(732) 739-5900,Electronic Clinical Quality Measure,STK_03,Anticoagulation Therapy for Atrial Fibrillation/Flutter,Not Available,Not Available,1,01/01/2024,12/31/2024
310112,BAYSHORE MEDICAL CENTER,727 N BEERS ST,HOLMDEL,NJ,07733,MONMOUTH,(732) 739-5900,Electronic Clinical Quality Measure,STK_05,Antithrombotic Therapy by End of Hospital Day 2,99,84,,01/01/2024,12/31/2024
310112,BAYSHORE MEDICAL CENTER,727 N BEERS ST,HOLMDEL,NJ,07733,MONMOUTH,(732) 739-5900,Electronic Clinical Quality Measure,VTE_1,Venous Thromboembolism Prophylaxis,Not Available,Not Available,5,01/01/2024,12/31/2024
310112,BAYSHORE MEDICAL CENTER,727 N BEERS ST,HOLMDEL,NJ,07733,MONMOUTH,(732) 739-5900,Electronic Clinical Quality Measure,VTE_2,Intensive Care Unit Venous Thromboembolism Prophylaxis,Not Available,Not Available,5,01/01/2024,12/31/2024
310113,SOUTHERN OCEAN MEDICAL CENTER,1140 RT 72 W,MANAHAWKIN,NJ,08050,OCEAN,(609) 597-6011,Emergency Department,EDV,Emergency department volume,high,,,01/01/2024,12/31/2024
310113,SOUTHERN OCEAN MEDICAL CENTER,1140 RT 72 W,MANAHAWKIN,NJ,08050,OCEAN,(609) 597-6011,Electronic Clinical Quality Measure,GMCS,Global Malnutrition Composite Score,Not Available,Not Available,5,01/01/2024,12/31/2024
310113,SOUTHERN OCEAN MEDICAL CENTER,1140 RT 72 W,MANAHAWKIN,NJ,08050,OCEAN,(609) 597-6011,Electronic Clinical Quality Measure,GMCS_Malnutrition_Diagnosis_Documented,Global Malnutrition Composite Score: Malnutrition Diagnosis Documented,Not Available,Not Available,5,01/01/2024,12/31/2024
310113,SOUTHERN OCEAN MEDICAL CENTER,1140 RT 72 W,MANAHAWKIN,NJ,08050,OCEAN,(609) 597-6011,Electronic Clinical Quality Measure,GMCS_Malnutrition_Screening,Global Malnutrition Composite Score: Malnutrition Risk Screening,Not Available,Not Available,5,01/01/2024,12/31/2024
310113,SOUTHERN OCEAN MEDICAL CENTER,1140 RT 72 W,MANAHAWKIN,NJ,08050,OCEAN,(609) 597-6011,Electronic Clinical Quality Measure,GMCS_Nutrition_Assessment,Global Malnutrition Composite Score: Nutrition Assessment,Not Available,Not Available,5,01/01/2024,12/31/2024
310113,SOUTHERN OCEAN MEDICAL CENTER,1140 RT 72 W,MANAHAWKIN,NJ,08050,OCEAN,(609) 597-6011,Electronic Clinical Quality Measure,GMCS_Nutritional_Care_Plan,Global Malnutrition Composite Score: Nutritional Care Plan,Not Available,Not Available,5,01/01/2024,12/31/2024
310113,SOUTHERN OCEAN MEDICAL CENTER,1140 RT 72 W,MANAHAWKIN,NJ,08050,OCEAN,(609) 597-6011,Electronic Clinical Quality Measure,HH_HYPER,Hospital Harm - Severe Hyperglycemia,Not Available,Not Available,5,01/01/2024,12/31/2024
310113,SOUTHERN OCEAN MEDICAL CENTER,1140 RT 72 W,MANAHAWKIN,NJ,08050,OCEAN,(609) 597-6011,Electronic Clinical Quality Measure,HH_HYPO,Hospital Harm - Severe Hypoglycemia,Not Available,Not Available,5,01/01/2024,12/31/2024
310113,SOUTHERN OCEAN MEDICAL CENTER,1140 RT 72 W,MANAHAWKIN,NJ,08050,OCEAN,(609) 597-6011,Electronic Clinical Quality Measure,HH_ORAE,Hospital Harm - Opioid Related Adverse Events,Not Available,Not Available,5,01/01/2024,12/31/2024
310113,SOUTHERN OCEAN MEDICAL CENTER,1140 RT 72 W,MANAHAWKIN,NJ,08050,OCEAN,(609) 597-6011,Healthcare Personnel Vaccination,IMM_3,Healthcare workers given influenza vaccination,93,1653,,10/01/2024,03/31/2025
310113,SOUTHERN OCEAN MEDICAL CENTER,1140 RT 72 W,MANAHAWKIN,NJ,08050,OCEAN,(609) 597-6011,Emergency Department,OP_18a,"Average (median) time all patients spent in the emergency department before leaving from the visit, including psychiatric/mental health patients and patients who were transferred to another facility. A lower number of minutes is better",172,403,,07/01/2024,06/30/2025
310113,SOUTHERN OCEAN MEDICAL CENTER,1140 RT 72 W,MANAHAWKIN,NJ,08050,OCEAN,(609) 597-6011,Emergency Department,OP_18b,"Average (median) time patients spent in the emergency department before leaving from the visit, excluding patients transferred to another facility or psychiatric care/mental health patients. A lower number of minutes is better",166,363,,07/01/2024,06/30/2025
310113,SOUTHERN OCEAN MEDICAL CENTER,1140 RT 72 W,MANAHAWKIN,NJ,08050,OCEAN,(609) 597-6011,Emergency Department,OP_18c,Average (median) time psychiatric/mental health patients spent in the emergency department before leaving from the visit. A lower number of minutes is better,258,21,,07/01/2024,06/30/2025
310113,SOUTHERN OCEAN MEDICAL CENTER,1140 RT 72 W,MANAHAWKIN,NJ,08050,OCEAN,(609) 597-6011,Emergency Department,OP_18d,Average (median) time patients spent in the emergency department before being transferred to another facility. A lower number of minutes is better,197,20,,07/01/2024,06/30/2025
310113,SOUTHERN OCEAN MEDICAL CENTER,1140 RT 72 W,MANAHAWKIN,NJ,08050,OCEAN,(609) 597-6011,Emergency Department,OP_22,Left before being seen,0,50894,,01/01/2024,12/31/2024
310113,SOUTHERN OCEAN MEDICAL CENTER,1140 RT 72 W,MANAHAWKIN,NJ,08050,OCEAN,(609) 597-6011,Emergency Department,OP_23,Head CT results,88,17,,07/01/2024,06/30/2025
310113,SOUTHERN OCEAN MEDICAL CENTER,1140 RT 72 W,MANAHAWKIN,NJ,08050,OCEAN,(609) 597-6011,Colonoscopy care,OP_29,Endoscopy/polyp surveillance: appropriate follow-up interval for normal colonoscopy in average risk patients,90,69,,01/01/2024,12/31/2024
310113,SOUTHERN OCEAN MEDICAL CENTER,1140 RT 72 W,MANAHAWKIN,NJ,08050,OCEAN,(609) 597-6011,Cataract surgery outcome,OP_31,Improvement in Patient's Visual Function within 90 Days Following Cataract Surgery,Not Available,Not Available,5,01/01/2024,12/31/2024
310113,SOUTHERN OCEAN MEDICAL CENTER,1140 RT 72 W,MANAHAWKIN,NJ,08050,OCEAN,(609) 597-6011,Electronic Clinical Quality Measure,OP_40,ST-Segment Elevation Myocardial Infarction (STEMI),Not Available,Not Available,1,01/01/2024,12/31/2024
310113,SOUTHERN OCEAN MEDICAL CENTER,1140 RT 72 W,MANAHAWKIN,NJ,08050,OCEAN,(609) 597-6011,Electronic Clinical Quality Measure,SAFE_USE_OF_OPIOIDS,Safe Use of Opioids - Concurrent Prescribing,22,2231,,01/01/2024,12/31/2024
310113,SOUTHERN OCEAN MEDICAL CENTER,1140 RT 72 W,MANAHAWKIN,NJ,08050,OCEAN,(609) 597-6011,Sepsis Care,SEP_1,Appropriate care for severe sepsis and septic shock,68,155,2,07/01/2024,06/30/2025
310113,SOUTHERN OCEAN MEDICAL CENTER,1140 RT 72 W,MANAHAWKIN,NJ,08050,OCEAN,(609) 597-6011,Sepsis Care,SEP_SH_3HR,Septic Shock 3-Hour Bundle,80,30,2,07/01/2024,06/30/2025
310113,SOUTHERN OCEAN MEDICAL CENTER,1140 RT 72 W,MANAHAWKIN,NJ,08050,OCEAN,(609) 597-6011,Sepsis Care,SEP_SH_6HR,Septic Shock 6-Hour Bundle,88,16,2,07/01/2024,06/30/2025
310113,SOUTHERN OCEAN MEDICAL CENTER,1140 RT 72 W,MANAHAWKIN,NJ,08050,OCEAN,(609) 597-6011,Sepsis Care,SEV_SEP_3HR,Severe Sepsis 3-Hour Bundle,78,156,2,07/01/2024,06/30/2025
310113,SOUTHERN OCEAN MEDICAL CENTER,1140 RT 72 W,MANAHAWKIN,NJ,08050,OCEAN,(609) 597-6011,Sepsis Care,SEV_SEP_6HR,Severe Sepsis 6-Hour Bundle,94,81,2,07/01/2024,06/30/2025
310113,SOUTHERN OCEAN MEDICAL CENTER,1140 RT 72 W,MANAHAWKIN,NJ,08050,OCEAN,(609) 597-6011,Electronic Clinical Quality Measure,STK_02,Discharged on Antithrombotic Therapy,99,128,,01/01/2024,12/31/2024
310113,SOUTHERN OCEAN MEDICAL CENTER,1140 RT 72 W,MANAHAWKIN,NJ,08050,OCEAN,(609) 597-6011,Electronic Clinical Quality Measure,STK_03,Anticoagulation Therapy for Atrial Fibrillation/Flutter,86,44,,01/01/2024,12/31/2024
310113,SOUTHERN OCEAN MEDICAL CENTER,1140 RT 72 W,MANAHAWKIN,NJ,08050,OCEAN,(609) 597-6011,Electronic Clinical Quality Measure,STK_05,Antithrombotic Therapy by End of Hospital Day 2,96,119,,01/01/2024,12/31/2024
310113,SOUTHERN OCEAN MEDICAL CENTER,1140 RT 72 W,MANAHAWKIN,NJ,08050,OCEAN,(609) 597-6011,Electronic Clinical Quality Measure,VTE_1,Venous Thromboembolism Prophylaxis,Not Available,Not Available,5,01/01/2024,12/31/2024
310113,SOUTHERN OCEAN MEDICAL CENTER,1140 RT 72 W,MANAHAWKIN,NJ,08050,OCEAN,(609) 597-6011,Electronic Clinical Quality Measure,VTE_2,Intensive Care Unit Venous Thromboembolism Prophylaxis,Not Available,Not Available,5,01/01/2024,12/31/2024
310115,AHS HOSPITAL CORP,651 WILLOW GROVE ST,HACKETTSTOWN,NJ,07840,WARREN,(908) 852-5100,Emergency Department,EDV,Emergency department volume,medium,,,01/01/2024,12/31/2024
310115,AHS HOSPITAL CORP,651 WILLOW GROVE ST,HACKETTSTOWN,NJ,07840,WARREN,(908) 852-5100,Electronic Clinical Quality Measure,GMCS,Global Malnutrition Composite Score,Not Available,Not Available,5,01/01/2024,12/31/2024
310115,AHS HOSPITAL CORP,651 WILLOW GROVE ST,HACKETTSTOWN,NJ,07840,WARREN,(908) 852-5100,Electronic Clinical Quality Measure,GMCS_Malnutrition_Diagnosis_Documented,Global Malnutrition Composite Score: Malnutrition Diagnosis Documented,Not Available,Not Available,5,01/01/2024,12/31/2024
310115,AHS HOSPITAL CORP,651 WILLOW GROVE ST,HACKETTSTOWN,NJ,07840,WARREN,(908) 852-5100,Electronic Clinical Quality Measure,GMCS_Malnutrition_Screening,Global Malnutrition Composite Score: Malnutrition Risk Screening,Not Available,Not Available,5,01/01/2024,12/31/2024
310115,AHS HOSPITAL CORP,651 WILLOW GROVE ST,HACKETTSTOWN,NJ,07840,WARREN,(908) 852-5100,Electronic Clinical Quality Measure,GMCS_Nutrition_Assessment,Global Malnutrition Composite Score: Nutrition Assessment,Not Available,Not Available,5,01/01/2024,12/31/2024
310115,AHS HOSPITAL CORP,651 WILLOW GROVE ST,HACKETTSTOWN,NJ,07840,WARREN,(908) 852-5100,Electronic Clinical Quality Measure,GMCS_Nutritional_Care_Plan,Global Malnutrition Composite Score: Nutritional Care Plan,Not Available,Not Available,5,01/01/2024,12/31/2024
310115,AHS HOSPITAL CORP,651 WILLOW GROVE ST,HACKETTSTOWN,NJ,07840,WARREN,(908) 852-5100,Electronic Clinical Quality Measure,HH_HYPER,Hospital Harm - Severe Hyperglycemia,Not Available,Not Available,5,01/01/2024,12/31/2024
310115,AHS HOSPITAL CORP,651 WILLOW GROVE ST,HACKETTSTOWN,NJ,07840,WARREN,(908) 852-5100,Electronic Clinical Quality Measure,HH_HYPO,Hospital Harm - Severe Hypoglycemia,Not Available,Not Available,5,01/01/2024,12/31/2024
310115,AHS HOSPITAL CORP,651 WILLOW GROVE ST,HACKETTSTOWN,NJ,07840,WARREN,(908) 852-5100,Electronic Clinical Quality Measure,HH_ORAE,Hospital Harm - Opioid Related Adverse Events,Not Available,Not Available,5,01/01/2024,12/31/2024
310115,AHS HOSPITAL CORP,651 WILLOW GROVE ST,HACKETTSTOWN,NJ,07840,WARREN,(908) 852-5100,Healthcare Personnel Vaccination,IMM_3,Healthcare workers given influenza vaccination,94,1361,,10/01/2024,03/31/2025
310115,AHS HOSPITAL CORP,651 WILLOW GROVE ST,HACKETTSTOWN,NJ,07840,WARREN,(908) 852-5100,Emergency Department,OP_18a,"Average (median) time all patients spent in the emergency department before leaving from the visit, including psychiatric/mental health patients and patients who were transferred to another facility. A lower number of minutes is better",180,400,,07/01/2024,06/30/2025
310115,AHS HOSPITAL CORP,651 WILLOW GROVE ST,HACKETTSTOWN,NJ,07840,WARREN,(908) 852-5100,Emergency Department,OP_18b,"Average (median) time patients spent in the emergency department before leaving from the visit, excluding patients transferred to another facility or psychiatric care/mental health patients. A lower number of minutes is better",174,380,,07/01/2024,06/30/2025
310115,AHS HOSPITAL CORP,651 WILLOW GROVE ST,HACKETTSTOWN,NJ,07840,WARREN,(908) 852-5100,Emergency Department,OP_18c,Average (median) time psychiatric/mental health patients spent in the emergency department before leaving from the visit. A lower number of minutes is better,526,13,,07/01/2024,06/30/2025
310115,AHS HOSPITAL CORP,651 WILLOW GROVE ST,HACKETTSTOWN,NJ,07840,WARREN,(908) 852-5100,Emergency Department,OP_18d,Average (median) time patients spent in the emergency department before being transferred to another facility. A lower number of minutes is better,Not Available,Not Available,1,07/01/2024,06/30/2025
310115,AHS HOSPITAL CORP,651 WILLOW GROVE ST,HACKETTSTOWN,NJ,07840,WARREN,(908) 852-5100,Emergency Department,OP_22,Left before being seen,1,23332,,01/01/2024,12/31/2024
310115,AHS HOSPITAL CORP,651 WILLOW GROVE ST,HACKETTSTOWN,NJ,07840,WARREN,(908) 852-5100,Emergency Department,OP_23,Head CT results,77,13,,07/01/2024,06/30/2025
310115,AHS HOSPITAL CORP,651 WILLOW GROVE ST,HACKETTSTOWN,NJ,07840,WARREN,(908) 852-5100,Colonoscopy care,OP_29,Endoscopy/polyp surveillance: appropriate follow-up interval for normal colonoscopy in average risk patients,83,93,,01/01/2024,12/31/2024
310115,AHS HOSPITAL CORP,651 WILLOW GROVE ST,HACKETTSTOWN,NJ,07840,WARREN,(908) 852-5100,Cataract surgery outcome,OP_31,Improvement in Patient's Visual Function within 90 Days Following Cataract Surgery,Not Available,Not Available,5,01/01/2024,12/31/2024
310115,AHS HOSPITAL CORP,651 WILLOW GROVE ST,HACKETTSTOWN,NJ,07840,WARREN,(908) 852-5100,Electronic Clinical Quality Measure,OP_40,ST-Segment Elevation Myocardial Infarction (STEMI),Not Available,Not Available,5,01/01/2024,12/31/2024
310115,AHS HOSPITAL CORP,651 WILLOW GROVE ST,HACKETTSTOWN,NJ,07840,WARREN,(908) 852-5100,Electronic Clinical Quality Measure,SAFE_USE_OF_OPIOIDS,Safe Use of Opioids - Concurrent Prescribing,20,713,,01/01/2024,12/31/2024
310115,AHS HOSPITAL CORP,651 WILLOW GROVE ST,HACKETTSTOWN,NJ,07840,WARREN,(908) 852-5100,Sepsis Care,SEP_1,Appropriate care for severe sepsis and septic shock,66,97,2,07/01/2024,06/30/2025
310115,AHS HOSPITAL CORP,651 WILLOW GROVE ST,HACKETTSTOWN,NJ,07840,WARREN,(908) 852-5100,Sepsis Care,SEP_SH_3HR,Septic Shock 3-Hour Bundle,83,35,2,07/01/2024,06/30/2025
310115,AHS HOSPITAL CORP,651 WILLOW GROVE ST,HACKETTSTOWN,NJ,07840,WARREN,(908) 852-5100,Sepsis Care,SEP_SH_6HR,Septic Shock 6-Hour Bundle,92,25,2,07/01/2024,06/30/2025
310115,AHS HOSPITAL CORP,651 WILLOW GROVE ST,HACKETTSTOWN,NJ,07840,WARREN,(908) 852-5100,Sepsis Care,SEV_SEP_3HR,Severe Sepsis 3-Hour Bundle,88,98,2,07/01/2024,06/30/2025
310115,AHS HOSPITAL CORP,651 WILLOW GROVE ST,HACKETTSTOWN,NJ,07840,WARREN,(908) 852-5100,Sepsis Care,SEV_SEP_6HR,Severe Sepsis 6-Hour Bundle,80,50,2,07/01/2024,06/30/2025
310115,AHS HOSPITAL CORP,651 WILLOW GROVE ST,HACKETTSTOWN,NJ,07840,WARREN,(908) 852-5100,Electronic Clinical Quality Measure,STK_02,Discharged on Antithrombotic Therapy,96,80,,01/01/2024,12/31/2024
310115,AHS HOSPITAL CORP,651 WILLOW GROVE ST,HACKETTSTOWN,NJ,07840,WARREN,(908) 852-5100,Electronic Clinical Quality Measure,STK_03,Anticoagulation Therapy for Atrial Fibrillation/Flutter,Not Available,Not Available,5,01/01/2024,12/31/2024
310115,AHS HOSPITAL CORP,651 WILLOW GROVE ST,HACKETTSTOWN,NJ,07840,WARREN,(908) 852-5100,Electronic Clinical Quality Measure,STK_05,Antithrombotic Therapy by End of Hospital Day 2,96,72,,01/01/2024,12/31/2024
310115,AHS HOSPITAL CORP,651 WILLOW GROVE ST,HACKETTSTOWN,NJ,07840,WARREN,(908) 852-5100,Electronic Clinical Quality Measure,VTE_1,Venous Thromboembolism Prophylaxis,Not Available,Not Available,5,01/01/2024,12/31/2024
310115,AHS HOSPITAL CORP,651 WILLOW GROVE ST,HACKETTSTOWN,NJ,07840,WARREN,(908) 852-5100,Electronic Clinical Quality Measure,VTE_2,Intensive Care Unit Venous Thromboembolism Prophylaxis,98,472,,01/01/2024,12/31/2024
310118,HUDSON REGIONAL HOSPITAL,55 MEADOWLANDS PKWY,SECAUCUS,NJ,07094,HUDSON,(201) 392-3200,Emergency Department,EDV,Emergency department volume,low,,,01/01/2024,12/31/2024
310118,HUDSON REGIONAL HOSPITAL,55 MEADOWLANDS PKWY,SECAUCUS,NJ,07094,HUDSON,(201) 392-3200,Electronic Clinical Quality Measure,GMCS,Global Malnutrition Composite Score,Not Available,Not Available,5,01/01/2024,12/31/2024
310118,HUDSON REGIONAL HOSPITAL,55 MEADOWLANDS PKWY,SECAUCUS,NJ,07094,HUDSON,(201) 392-3200,Electronic Clinical Quality Measure,GMCS_Malnutrition_Diagnosis_Documented,Global Malnutrition Composite Score: Malnutrition Diagnosis Documented,Not Available,Not Available,5,01/01/2024,12/31/2024
310118,HUDSON REGIONAL HOSPITAL,55 MEADOWLANDS PKWY,SECAUCUS,NJ,07094,HUDSON,(201) 392-3200,Electronic Clinical Quality Measure,GMCS_Malnutrition_Screening,Global Malnutrition Composite Score: Malnutrition Risk Screening,Not Available,Not Available,5,01/01/2024,12/31/2024
310118,HUDSON REGIONAL HOSPITAL,55 MEADOWLANDS PKWY,SECAUCUS,NJ,07094,HUDSON,(201) 392-3200,Electronic Clinical Quality Measure,GMCS_Nutrition_Assessment,Global Malnutrition Composite Score: Nutrition Assessment,Not Available,Not Available,5,01/01/2024,12/31/2024
310118,HUDSON REGIONAL HOSPITAL,55 MEADOWLANDS PKWY,SECAUCUS,NJ,07094,HUDSON,(201) 392-3200,Electronic Clinical Quality Measure,GMCS_Nutritional_Care_Plan,Global Malnutrition Composite Score: Nutritional Care Plan,Not Available,Not Available,5,01/01/2024,12/31/2024
310118,HUDSON REGIONAL HOSPITAL,55 MEADOWLANDS PKWY,SECAUCUS,NJ,07094,HUDSON,(201) 392-3200,Electronic Clinical Quality Measure,HH_HYPER,Hospital Harm - Severe Hyperglycemia,Not Available,Not Available,5,01/01/2024,12/31/2024
310118,HUDSON REGIONAL HOSPITAL,55 MEADOWLANDS PKWY,SECAUCUS,NJ,07094,HUDSON,(201) 392-3200,Electronic Clinical Quality Measure,HH_HYPO,Hospital Harm - Severe Hypoglycemia,Not Available,Not Available,5,01/01/2024,12/31/2024
310118,HUDSON REGIONAL HOSPITAL,55 MEADOWLANDS PKWY,SECAUCUS,NJ,07094,HUDSON,(201) 392-3200,Electronic Clinical Quality Measure,HH_ORAE,Hospital Harm - Opioid Related Adverse Events,Not Available,Not Available,5,01/01/2024,12/31/2024
310118,HUDSON REGIONAL HOSPITAL,55 MEADOWLANDS PKWY,SECAUCUS,NJ,07094,HUDSON,(201) 392-3200,Healthcare Personnel Vaccination,IMM_3,Healthcare workers given influenza vaccination,90,1939,,10/01/2024,03/31/2025
310118,HUDSON REGIONAL HOSPITAL,55 MEADOWLANDS PKWY,SECAUCUS,NJ,07094,HUDSON,(201) 392-3200,Emergency Department,OP_18a,"Average (median) time all patients spent in the emergency department before leaving from the visit, including psychiatric/mental health patients and patients who were transferred to another facility. A lower number of minutes is better",179,419,,07/01/2024,06/30/2025
310118,HUDSON REGIONAL HOSPITAL,55 MEADOWLANDS PKWY,SECAUCUS,NJ,07094,HUDSON,(201) 392-3200,Emergency Department,OP_18b,"Average (median) time patients spent in the emergency department before leaving from the visit, excluding patients transferred to another facility or psychiatric care/mental health patients. A lower number of minutes is better",174,401,,07/01/2024,06/30/2025
310118,HUDSON REGIONAL HOSPITAL,55 MEADOWLANDS PKWY,SECAUCUS,NJ,07094,HUDSON,(201) 392-3200,Emergency Department,OP_18c,Average (median) time psychiatric/mental health patients spent in the emergency department before leaving from the visit. A lower number of minutes is better,340,14,,07/01/2024,06/30/2025
310118,HUDSON REGIONAL HOSPITAL,55 MEADOWLANDS PKWY,SECAUCUS,NJ,07094,HUDSON,(201) 392-3200,Emergency Department,OP_18d,Average (median) time patients spent in the emergency department before being transferred to another facility. A lower number of minutes is better,Not Available,Not Available,1,07/01/2024,06/30/2025
310118,HUDSON REGIONAL HOSPITAL,55 MEADOWLANDS PKWY,SECAUCUS,NJ,07094,HUDSON,(201) 392-3200,Emergency Department,OP_22,Left before being seen,2,14451,,01/01/2024,12/31/2024
310118,HUDSON REGIONAL HOSPITAL,55 MEADOWLANDS PKWY,SECAUCUS,NJ,07094,HUDSON,(201) 392-3200,Emergency Department,OP_23,Head CT results,Not Available,Not Available,"1, 3",07/01/2024,06/30/2025
310118,HUDSON REGIONAL HOSPITAL,55 MEADOWLANDS PKWY,SECAUCUS,NJ,07094,HUDSON,(201) 392-3200,Colonoscopy care,OP_29,Endoscopy/polyp surveillance: appropriate follow-up interval for normal colonoscopy in average risk patients,97,342,,01/01/2024,12/31/2024
310118,HUDSON REGIONAL HOSPITAL,55 MEADOWLANDS PKWY,SECAUCUS,NJ,07094,HUDSON,(201) 392-3200,Cataract surgery outcome,OP_31,Improvement in Patient's Visual Function within 90 Days Following Cataract Surgery,Not Available,Not Available,5,01/01/2024,12/31/2024
310118,HUDSON REGIONAL HOSPITAL,55 MEADOWLANDS PKWY,SECAUCUS,NJ,07094,HUDSON,(201) 392-3200,Electronic Clinical Quality Measure,OP_40,ST-Segment Elevation Myocardial Infarction (STEMI),Not Available,Not Available,5,01/01/2024,12/31/2024
310118,HUDSON REGIONAL HOSPITAL,55 MEADOWLANDS PKWY,SECAUCUS,NJ,07094,HUDSON,(201) 392-3200,Electronic Clinical Quality Measure,SAFE_USE_OF_OPIOIDS,Safe Use of Opioids - Concurrent Prescribing,4,920,,01/01/2024,12/31/2024
310118,HUDSON REGIONAL HOSPITAL,55 MEADOWLANDS PKWY,SECAUCUS,NJ,07094,HUDSON,(201) 392-3200,Sepsis Care,SEP_1,Appropriate care for severe sepsis and septic shock,98,86,,07/01/2024,06/30/2025
310118,HUDSON REGIONAL HOSPITAL,55 MEADOWLANDS PKWY,SECAUCUS,NJ,07094,HUDSON,(201) 392-3200,Sepsis Care,SEP_SH_3HR,Septic Shock 3-Hour Bundle,100,36,,07/01/2024,06/30/2025
310118,HUDSON REGIONAL HOSPITAL,55 MEADOWLANDS PKWY,SECAUCUS,NJ,07094,HUDSON,(201) 392-3200,Sepsis Care,SEP_SH_6HR,Septic Shock 6-Hour Bundle,96,27,,07/01/2024,06/30/2025
310118,HUDSON REGIONAL HOSPITAL,55 MEADOWLANDS PKWY,SECAUCUS,NJ,07094,HUDSON,(201) 392-3200,Sepsis Care,SEV_SEP_3HR,Severe Sepsis 3-Hour Bundle,100,86,,07/01/2024,06/30/2025
310118,HUDSON REGIONAL HOSPITAL,55 MEADOWLANDS PKWY,SECAUCUS,NJ,07094,HUDSON,(201) 392-3200,Sepsis Care,SEV_SEP_6HR,Severe Sepsis 6-Hour Bundle,99,67,,07/01/2024,06/30/2025
310118,HUDSON REGIONAL HOSPITAL,55 MEADOWLANDS PKWY,SECAUCUS,NJ,07094,HUDSON,(201) 392-3200,Electronic Clinical Quality Measure,STK_02,Discharged on Antithrombotic Therapy,Not Available,Not Available,5,01/01/2024,12/31/2024
310118,HUDSON REGIONAL HOSPITAL,55 MEADOWLANDS PKWY,SECAUCUS,NJ,07094,HUDSON,(201) 392-3200,Electronic Clinical Quality Measure,STK_03,Anticoagulation Therapy for Atrial Fibrillation/Flutter,Not Available,Not Available,5,01/01/2024,12/31/2024
310118,HUDSON REGIONAL HOSPITAL,55 MEADOWLANDS PKWY,SECAUCUS,NJ,07094,HUDSON,(201) 392-3200,Electronic Clinical Quality Measure,STK_05,Antithrombotic Therapy by End of Hospital Day 2,Not Available,Not Available,1,01/01/2024,12/31/2024
310118,HUDSON REGIONAL HOSPITAL,55 MEADOWLANDS PKWY,SECAUCUS,NJ,07094,HUDSON,(201) 392-3200,Electronic Clinical Quality Measure,VTE_1,Venous Thromboembolism Prophylaxis,32,2151,,01/01/2024,12/31/2024
310118,HUDSON REGIONAL HOSPITAL,55 MEADOWLANDS PKWY,SECAUCUS,NJ,07094,HUDSON,(201) 392-3200,Electronic Clinical Quality Measure,VTE_2,Intensive Care Unit Venous Thromboembolism Prophylaxis,22,51,,01/01/2024,12/31/2024
310119,THE UNIVERSITY HOSPITAL,150 BERGEN ST,NEWARK,NJ,07103,ESSEX,(973) 972-4300,Emergency Department,EDV,Emergency department volume,very high,,,01/01/2024,12/31/2024
310119,THE UNIVERSITY HOSPITAL,150 BERGEN ST,NEWARK,NJ,07103,ESSEX,(973) 972-4300,Electronic Clinical Quality Measure,GMCS,Global Malnutrition Composite Score,Not Available,Not Available,5,01/01/2024,12/31/2024
310119,THE UNIVERSITY HOSPITAL,150 BERGEN ST,NEWARK,NJ,07103,ESSEX,(973) 972-4300,Electronic Clinical Quality Measure,GMCS_Malnutrition_Diagnosis_Documented,Global Malnutrition Composite Score: Malnutrition Diagnosis Documented,Not Available,Not Available,5,01/01/2024,12/31/2024
310119,THE UNIVERSITY HOSPITAL,150 BERGEN ST,NEWARK,NJ,07103,ESSEX,(973) 972-4300,Electronic Clinical Quality Measure,GMCS_Malnutrition_Screening,Global Malnutrition Composite Score: Malnutrition Risk Screening,Not Available,Not Available,5,01/01/2024,12/31/2024
310119,THE UNIVERSITY HOSPITAL,150 BERGEN ST,NEWARK,NJ,07103,ESSEX,(973) 972-4300,Electronic Clinical Quality Measure,GMCS_Nutrition_Assessment,Global Malnutrition Composite Score: Nutrition Assessment,Not Available,Not Available,5,01/01/2024,12/31/2024
310119,THE UNIVERSITY HOSPITAL,150 BERGEN ST,NEWARK,NJ,07103,ESSEX,(973) 972-4300,Electronic Clinical Quality Measure,GMCS_Nutritional_Care_Plan,Global Malnutrition Composite Score: Nutritional Care Plan,Not Available,Not Available,5,01/01/2024,12/31/2024
310119,THE UNIVERSITY HOSPITAL,150 BERGEN ST,NEWARK,NJ,07103,ESSEX,(973) 972-4300,Electronic Clinical Quality Measure,HH_HYPER,Hospital Harm - Severe Hyperglycemia,Not Available,Not Available,5,01/01/2024,12/31/2024
310119,THE UNIVERSITY HOSPITAL,150 BERGEN ST,NEWARK,NJ,07103,ESSEX,(973) 972-4300,Electronic Clinical Quality Measure,HH_HYPO,Hospital Harm - Severe Hypoglycemia,Not Available,Not Available,5,01/01/2024,12/31/2024
310119,THE UNIVERSITY HOSPITAL,150 BERGEN ST,NEWARK,NJ,07103,ESSEX,(973) 972-4300,Electronic Clinical Quality Measure,HH_ORAE,Hospital Harm - Opioid Related Adverse Events,Not Available,Not Available,5,01/01/2024,12/31/2024
310119,THE UNIVERSITY HOSPITAL,150 BERGEN ST,NEWARK,NJ,07103,ESSEX,(973) 972-4300,Healthcare Personnel Vaccination,IMM_3,Healthcare workers given influenza vaccination,95,4565,,10/01/2024,03/31/2025
310119,THE UNIVERSITY HOSPITAL,150 BERGEN ST,NEWARK,NJ,07103,ESSEX,(973) 972-4300,Emergency Department,OP_18a,"Average (median) time all patients spent in the emergency department before leaving from the visit, including psychiatric/mental health patients and patients who were transferred to another facility. A lower number of minutes is better",307,367,,07/01/2024,06/30/2025
310119,THE UNIVERSITY HOSPITAL,150 BERGEN ST,NEWARK,NJ,07103,ESSEX,(973) 972-4300,Emergency Department,OP_18b,"Average (median) time patients spent in the emergency department before leaving from the visit, excluding patients transferred to another facility or psychiatric care/mental health patients. A lower number of minutes is better",294,337,,07/01/2024,06/30/2025
310119,THE UNIVERSITY HOSPITAL,150 BERGEN ST,NEWARK,NJ,07103,ESSEX,(973) 972-4300,Emergency Department,OP_18c,Average (median) time psychiatric/mental health patients spent in the emergency department before leaving from the visit. A lower number of minutes is better,468,30,,07/01/2024,06/30/2025
310119,THE UNIVERSITY HOSPITAL,150 BERGEN ST,NEWARK,NJ,07103,ESSEX,(973) 972-4300,Emergency Department,OP_18d,Average (median) time patients spent in the emergency department before being transferred to another facility. A lower number of minutes is better,Not Available,Not Available,7,07/01/2024,06/30/2025
310119,THE UNIVERSITY HOSPITAL,150 BERGEN ST,NEWARK,NJ,07103,ESSEX,(973) 972-4300,Emergency Department,OP_22,Left before being seen,8,106979,,01/01/2024,12/31/2024
310119,THE UNIVERSITY HOSPITAL,150 BERGEN ST,NEWARK,NJ,07103,ESSEX,(973) 972-4300,Emergency Department,OP_23,Head CT results,Not Available,Not Available,1,07/01/2024,06/30/2025
310119,THE UNIVERSITY HOSPITAL,150 BERGEN ST,NEWARK,NJ,07103,ESSEX,(973) 972-4300,Colonoscopy care,OP_29,Endoscopy/polyp surveillance: appropriate follow-up interval for normal colonoscopy in average risk patients,81,142,,01/01/2024,12/31/2024
310119,THE UNIVERSITY HOSPITAL,150 BERGEN ST,NEWARK,NJ,07103,ESSEX,(973) 972-4300,Cataract surgery outcome,OP_31,Improvement in Patient's Visual Function within 90 Days Following Cataract Surgery,Not Available,Not Available,5,01/01/2024,12/31/2024
310119,THE UNIVERSITY HOSPITAL,150 BERGEN ST,NEWARK,NJ,07103,ESSEX,(973) 972-4300,Electronic Clinical Quality Measure,OP_40,ST-Segment Elevation Myocardial Infarction (STEMI),Not Available,Not Available,1,01/01/2024,12/31/2024
310119,THE UNIVERSITY HOSPITAL,150 BERGEN ST,NEWARK,NJ,07103,ESSEX,(973) 972-4300,Electronic Clinical Quality Measure,SAFE_USE_OF_OPIOIDS,Safe Use of Opioids - Concurrent Prescribing,11,3414,,01/01/2024,12/31/2024
310119,THE UNIVERSITY HOSPITAL,150 BERGEN ST,NEWARK,NJ,07103,ESSEX,(973) 972-4300,Sepsis Care,SEP_1,Appropriate care for severe sepsis and septic shock,31,111,2,07/01/2024,06/30/2025
310119,THE UNIVERSITY HOSPITAL,150 BERGEN ST,NEWARK,NJ,07103,ESSEX,(973) 972-4300,Sepsis Care,SEP_SH_3HR,Septic Shock 3-Hour Bundle,17,23,2,07/01/2024,06/30/2025
310119,THE UNIVERSITY HOSPITAL,150 BERGEN ST,NEWARK,NJ,07103,ESSEX,(973) 972-4300,Sepsis Care,SEP_SH_6HR,Septic Shock 6-Hour Bundle,Not Available,Not Available,"1, 2, 3",07/01/2024,06/30/2025
310119,THE UNIVERSITY HOSPITAL,150 BERGEN ST,NEWARK,NJ,07103,ESSEX,(973) 972-4300,Sepsis Care,SEV_SEP_3HR,Severe Sepsis 3-Hour Bundle,70,111,2,07/01/2024,06/30/2025
310119,THE UNIVERSITY HOSPITAL,150 BERGEN ST,NEWARK,NJ,07103,ESSEX,(973) 972-4300,Sepsis Care,SEV_SEP_6HR,Severe Sepsis 6-Hour Bundle,57,54,2,07/01/2024,06/30/2025
310119,THE UNIVERSITY HOSPITAL,150 BERGEN ST,NEWARK,NJ,07103,ESSEX,(973) 972-4300,Electronic Clinical Quality Measure,STK_02,Discharged on Antithrombotic Therapy,99,369,,01/01/2024,12/31/2024
310119,THE UNIVERSITY HOSPITAL,150 BERGEN ST,NEWARK,NJ,07103,ESSEX,(973) 972-4300,Electronic Clinical Quality Measure,STK_03,Anticoagulation Therapy for Atrial Fibrillation/Flutter,93,60,,01/01/2024,12/31/2024
310119,THE UNIVERSITY HOSPITAL,150 BERGEN ST,NEWARK,NJ,07103,ESSEX,(973) 972-4300,Electronic Clinical Quality Measure,STK_05,Antithrombotic Therapy by End of Hospital Day 2,93,284,,01/01/2024,12/31/2024
310119,THE UNIVERSITY HOSPITAL,150 BERGEN ST,NEWARK,NJ,07103,ESSEX,(973) 972-4300,Electronic Clinical Quality Measure,VTE_1,Venous Thromboembolism Prophylaxis,Not Available,Not Available,5,01/01/2024,12/31/2024
310119,THE UNIVERSITY HOSPITAL,150 BERGEN ST,NEWARK,NJ,07103,ESSEX,(973) 972-4300,Electronic Clinical Quality Measure,VTE_2,Intensive Care Unit Venous Thromboembolism Prophylaxis,Not Available,Not Available,5,01/01/2024,12/31/2024
310130,HACKENSACK MERIDIAN HEALTH PASCACK VALLEY MEDICAL,250 OLD HOOK ROAD,WESTWOOD,NJ,07675,BERGEN,(201) 880-2700,Emergency Department,EDV,Emergency department volume,low,,,01/01/2024,12/31/2024
310130,HACKENSACK MERIDIAN HEALTH PASCACK VALLEY MEDICAL,250 OLD HOOK ROAD,WESTWOOD,NJ,07675,BERGEN,(201) 880-2700,Electronic Clinical Quality Measure,GMCS,Global Malnutrition Composite Score,Not Available,Not Available,5,01/01/2024,12/31/2024
310130,HACKENSACK MERIDIAN HEALTH PASCACK VALLEY MEDICAL,250 OLD HOOK ROAD,WESTWOOD,NJ,07675,BERGEN,(201) 880-2700,Electronic Clinical Quality Measure,GMCS_Malnutrition_Diagnosis_Documented,Global Malnutrition Composite Score: Malnutrition Diagnosis Documented,Not Available,Not Available,5,01/01/2024,12/31/2024
310130,HACKENSACK MERIDIAN HEALTH PASCACK VALLEY MEDICAL,250 OLD HOOK ROAD,WESTWOOD,NJ,07675,BERGEN,(201) 880-2700,Electronic Clinical Quality Measure,GMCS_Malnutrition_Screening,Global Malnutrition Composite Score: Malnutrition Risk Screening,Not Available,Not Available,5,01/01/2024,12/31/2024
310130,HACKENSACK MERIDIAN HEALTH PASCACK VALLEY MEDICAL,250 OLD HOOK ROAD,WESTWOOD,NJ,07675,BERGEN,(201) 880-2700,Electronic Clinical Quality Measure,GMCS_Nutrition_Assessment,Global Malnutrition Composite Score: Nutrition Assessment,Not Available,Not Available,5,01/01/2024,12/31/2024
310130,HACKENSACK MERIDIAN HEALTH PASCACK VALLEY MEDICAL,250 OLD HOOK ROAD,WESTWOOD,NJ,07675,BERGEN,(201) 880-2700,Electronic Clinical Quality Measure,GMCS_Nutritional_Care_Plan,Global Malnutrition Composite Score: Nutritional Care Plan,Not Available,Not Available,5,01/01/2024,12/31/2024
310130,HACKENSACK MERIDIAN HEALTH PASCACK VALLEY MEDICAL,250 OLD HOOK ROAD,WESTWOOD,NJ,07675,BERGEN,(201) 880-2700,Electronic Clinical Quality Measure,HH_HYPER,Hospital Harm - Severe Hyperglycemia,Not Available,Not Available,5,01/01/2024,12/31/2024
310130,HACKENSACK MERIDIAN HEALTH PASCACK VALLEY MEDICAL,250 OLD HOOK ROAD,WESTWOOD,NJ,07675,BERGEN,(201) 880-2700,Electronic Clinical Quality Measure,HH_HYPO,Hospital Harm - Severe Hypoglycemia,Not Available,Not Available,5,01/01/2024,12/31/2024
310130,HACKENSACK MERIDIAN HEALTH PASCACK VALLEY MEDICAL,250 OLD HOOK ROAD,WESTWOOD,NJ,07675,BERGEN,(201) 880-2700,Electronic Clinical Quality Measure,HH_ORAE,Hospital Harm - Opioid Related Adverse Events,Not Available,Not Available,5,01/01/2024,12/31/2024
310130,HACKENSACK MERIDIAN HEALTH PASCACK VALLEY MEDICAL,250 OLD HOOK ROAD,WESTWOOD,NJ,07675,BERGEN,(201) 880-2700,Healthcare Personnel Vaccination,IMM_3,Healthcare workers given influenza vaccination,84,1478,,10/01/2024,03/31/2025
310130,HACKENSACK MERIDIAN HEALTH PASCACK VALLEY MEDICAL,250 OLD HOOK ROAD,WESTWOOD,NJ,07675,BERGEN,(201) 880-2700,Emergency Department,OP_18a,"Average (median) time all patients spent in the emergency department before leaving from the visit, including psychiatric/mental health patients and patients who were transferred to another facility. A lower number of minutes is better",146,422,,07/01/2024,06/30/2025
310130,HACKENSACK MERIDIAN HEALTH PASCACK VALLEY MEDICAL,250 OLD HOOK ROAD,WESTWOOD,NJ,07675,BERGEN,(201) 880-2700,Emergency Department,OP_18b,"Average (median) time patients spent in the emergency department before leaving from the visit, excluding patients transferred to another facility or psychiatric care/mental health patients. A lower number of minutes is better",144,414,,07/01/2024,06/30/2025
310130,HACKENSACK MERIDIAN HEALTH PASCACK VALLEY MEDICAL,250 OLD HOOK ROAD,WESTWOOD,NJ,07675,BERGEN,(201) 880-2700,Emergency Department,OP_18c,Average (median) time psychiatric/mental health patients spent in the emergency department before leaving from the visit. A lower number of minutes is better,Not Available,Not Available,1,07/01/2024,06/30/2025
310130,HACKENSACK MERIDIAN HEALTH PASCACK VALLEY MEDICAL,250 OLD HOOK ROAD,WESTWOOD,NJ,07675,BERGEN,(201) 880-2700,Emergency Department,OP_18d,Average (median) time patients spent in the emergency department before being transferred to another facility. A lower number of minutes is better,Not Available,Not Available,1,07/01/2024,06/30/2025
310130,HACKENSACK MERIDIAN HEALTH PASCACK VALLEY MEDICAL,250 OLD HOOK ROAD,WESTWOOD,NJ,07675,BERGEN,(201) 880-2700,Emergency Department,OP_22,Left before being seen,0,19704,,01/01/2024,12/31/2024
310130,HACKENSACK MERIDIAN HEALTH PASCACK VALLEY MEDICAL,250 OLD HOOK ROAD,WESTWOOD,NJ,07675,BERGEN,(201) 880-2700,Emergency Department,OP_23,Head CT results,Not Available,Not Available,1,07/01/2024,06/30/2025
310130,HACKENSACK MERIDIAN HEALTH PASCACK VALLEY MEDICAL,250 OLD HOOK ROAD,WESTWOOD,NJ,07675,BERGEN,(201) 880-2700,Colonoscopy care,OP_29,Endoscopy/polyp surveillance: appropriate follow-up interval for normal colonoscopy in average risk patients,92,76,,01/01/2024,12/31/2024
310130,HACKENSACK MERIDIAN HEALTH PASCACK VALLEY MEDICAL,250 OLD HOOK ROAD,WESTWOOD,NJ,07675,BERGEN,(201) 880-2700,Cataract surgery outcome,OP_31,Improvement in Patient's Visual Function within 90 Days Following Cataract Surgery,Not Available,Not Available,5,01/01/2024,12/31/2024
310130,HACKENSACK MERIDIAN HEALTH PASCACK VALLEY MEDICAL,250 OLD HOOK ROAD,WESTWOOD,NJ,07675,BERGEN,(201) 880-2700,Electronic Clinical Quality Measure,OP_40,ST-Segment Elevation Myocardial Infarction (STEMI),Not Available,Not Available,5,01/01/2024,12/31/2024
310130,HACKENSACK MERIDIAN HEALTH PASCACK VALLEY MEDICAL,250 OLD HOOK ROAD,WESTWOOD,NJ,07675,BERGEN,(201) 880-2700,Electronic Clinical Quality Measure,SAFE_USE_OF_OPIOIDS,Safe Use of Opioids - Concurrent Prescribing,14,882,,01/01/2024,12/31/2024
310130,HACKENSACK MERIDIAN HEALTH PASCACK VALLEY MEDICAL,250 OLD HOOK ROAD,WESTWOOD,NJ,07675,BERGEN,(201) 880-2700,Sepsis Care,SEP_1,Appropriate care for severe sepsis and septic shock,79,82,,07/01/2024,06/30/2025
310130,HACKENSACK MERIDIAN HEALTH PASCACK VALLEY MEDICAL,250 OLD HOOK ROAD,WESTWOOD,NJ,07675,BERGEN,(201) 880-2700,Sepsis Care,SEP_SH_3HR,Septic Shock 3-Hour Bundle,82,34,,07/01/2024,06/30/2025
310130,HACKENSACK MERIDIAN HEALTH PASCACK VALLEY MEDICAL,250 OLD HOOK ROAD,WESTWOOD,NJ,07675,BERGEN,(201) 880-2700,Sepsis Care,SEP_SH_6HR,Septic Shock 6-Hour Bundle,96,24,,07/01/2024,06/30/2025
310130,HACKENSACK MERIDIAN HEALTH PASCACK VALLEY MEDICAL,250 OLD HOOK ROAD,WESTWOOD,NJ,07675,BERGEN,(201) 880-2700,Sepsis Care,SEV_SEP_3HR,Severe Sepsis 3-Hour Bundle,90,82,,07/01/2024,06/30/2025
310130,HACKENSACK MERIDIAN HEALTH PASCACK VALLEY MEDICAL,250 OLD HOOK ROAD,WESTWOOD,NJ,07675,BERGEN,(201) 880-2700,Sepsis Care,SEV_SEP_6HR,Severe Sepsis 6-Hour Bundle,96,52,,07/01/2024,06/30/2025
310130,HACKENSACK MERIDIAN HEALTH PASCACK VALLEY MEDICAL,250 OLD HOOK ROAD,WESTWOOD,NJ,07675,BERGEN,(201) 880-2700,Electronic Clinical Quality Measure,STK_02,Discharged on Antithrombotic Therapy,Not Available,Not Available,5,01/01/2024,12/31/2024
310130,HACKENSACK MERIDIAN HEALTH PASCACK VALLEY MEDICAL,250 OLD HOOK ROAD,WESTWOOD,NJ,07675,BERGEN,(201) 880-2700,Electronic Clinical Quality Measure,STK_03,Anticoagulation Therapy for Atrial Fibrillation/Flutter,Not Available,Not Available,5,01/01/2024,12/31/2024
310130,HACKENSACK MERIDIAN HEALTH PASCACK VALLEY MEDICAL,250 OLD HOOK ROAD,WESTWOOD,NJ,07675,BERGEN,(201) 880-2700,Electronic Clinical Quality Measure,STK_05,Antithrombotic Therapy by End of Hospital Day 2,96,27,,01/01/2024,12/31/2024
310130,HACKENSACK MERIDIAN HEALTH PASCACK VALLEY MEDICAL,250 OLD HOOK ROAD,WESTWOOD,NJ,07675,BERGEN,(201) 880-2700,Electronic Clinical Quality Measure,VTE_1,Venous Thromboembolism Prophylaxis,92,1732,,01/01/2024,12/31/2024
310130,HACKENSACK MERIDIAN HEALTH PASCACK VALLEY MEDICAL,250 OLD HOOK ROAD,WESTWOOD,NJ,07675,BERGEN,(201) 880-2700,Electronic Clinical Quality Measure,VTE_2,Intensive Care Unit Venous Thromboembolism Prophylaxis,97,336,,01/01/2024,12/31/2024
313300,CHILDREN'S SPECIALIZED HOSPITAL,200 SOMERSET ST,NEW BRUNSWICK,NJ,08901,MIDDLESEX,(732) 258-7050,Emergency Department,EDV,Emergency department volume,Not Available,,19,01/01/2024,12/31/2024
313300,CHILDREN'S SPECIALIZED HOSPITAL,200 SOMERSET ST,NEW BRUNSWICK,NJ,08901,MIDDLESEX,(732) 258-7050,Electronic Clinical Quality Measure,GMCS,Global Malnutrition Composite Score,Not Available,Not Available,19,01/01/2024,12/31/2024
313300,CHILDREN'S SPECIALIZED HOSPITAL,200 SOMERSET ST,NEW BRUNSWICK,NJ,08901,MIDDLESEX,(732) 258-7050,Electronic Clinical Quality Measure,GMCS_Malnutrition_Diagnosis_Documented,Global Malnutrition Composite Score: Malnutrition Diagnosis Documented,Not Available,Not Available,19,01/01/2024,12/31/2024
313300,CHILDREN'S SPECIALIZED HOSPITAL,200 SOMERSET ST,NEW BRUNSWICK,NJ,08901,MIDDLESEX,(732) 258-7050,Electronic Clinical Quality Measure,GMCS_Malnutrition_Screening,Global Malnutrition Composite Score: Malnutrition Risk Screening,Not Available,Not Available,19,01/01/2024,12/31/2024
313300,CHILDREN'S SPECIALIZED HOSPITAL,200 SOMERSET ST,NEW BRUNSWICK,NJ,08901,MIDDLESEX,(732) 258-7050,Electronic Clinical Quality Measure,GMCS_Nutrition_Assessment,Global Malnutrition Composite Score: Nutrition Assessment,Not Available,Not Available,19,01/01/2024,12/31/2024
313300,CHILDREN'S SPECIALIZED HOSPITAL,200 SOMERSET ST,NEW BRUNSWICK,NJ,08901,MIDDLESEX,(732) 258-7050,Electronic Clinical Quality Measure,GMCS_Nutritional_Care_Plan,Global Malnutrition Composite Score: Nutritional Care Plan,Not Available,Not Available,19,01/01/2024,12/31/2024
313300,CHILDREN'S SPECIALIZED HOSPITAL,200 SOMERSET ST,NEW BRUNSWICK,NJ,08901,MIDDLESEX,(732) 258-7050,Electronic Clinical Quality Measure,HH_HYPER,Hospital Harm - Severe Hyperglycemia,Not Available,Not Available,19,01/01/2024,12/31/2024
313300,CHILDREN'S SPECIALIZED HOSPITAL,200 SOMERSET ST,NEW BRUNSWICK,NJ,08901,MIDDLESEX,(732) 258-7050,Electronic Clinical Quality Measure,HH_HYPO,Hospital Harm - Severe Hypoglycemia,Not Available,Not Available,19,01/01/2024,12/31/2024
313300,CHILDREN'S SPECIALIZED HOSPITAL,200 SOMERSET ST,NEW BRUNSWICK,NJ,08901,MIDDLESEX,(732) 258-7050,Electronic Clinical Quality Measure,HH_ORAE,Hospital Harm - Opioid Related Adverse Events,Not Available,Not Available,19,01/01/2024,12/31/2024
313300,CHILDREN'S SPECIALIZED HOSPITAL,200 SOMERSET ST,NEW BRUNSWICK,NJ,08901,MIDDLESEX,(732) 258-7050,Healthcare Personnel Vaccination,IMM_3,Healthcare workers given influenza vaccination,Not Available,Not Available,19,10/01/2024,03/31/2025
313300,CHILDREN'S SPECIALIZED HOSPITAL,200 SOMERSET ST,NEW BRUNSWICK,NJ,08901,MIDDLESEX,(732) 258-7050,Emergency Department,OP_18a,"Average (median) time all patients spent in the emergency department before leaving from the visit, including psychiatric/mental health patients and patients who were transferred to another facility. A lower number of minutes is better",Not Available,Not Available,19,07/01/2024,06/30/2025
313300,CHILDREN'S SPECIALIZED HOSPITAL,200 SOMERSET ST,NEW BRUNSWICK,NJ,08901,MIDDLESEX,(732) 258-7050,Emergency Department,OP_18b,"Average (median) time patients spent in the emergency department before leaving from the visit, excluding patients transferred to another facility or psychiatric care/mental health patients. A lower number of minutes is better",Not Available,Not Available,19,07/01/2024,06/30/2025
313300,CHILDREN'S SPECIALIZED HOSPITAL,200 SOMERSET ST,NEW BRUNSWICK,NJ,08901,MIDDLESEX,(732) 258-7050,Emergency Department,OP_18c,Average (median) time psychiatric/mental health patients spent in the emergency department before leaving from the visit. A lower number of minutes is better,Not Available,Not Available,19,07/01/2024,06/30/2025
313300,CHILDREN'S SPECIALIZED HOSPITAL,200 SOMERSET ST,NEW BRUNSWICK,NJ,08901,MIDDLESEX,(732) 258-7050,Emergency Department,OP_18d,Average (median) time patients spent in the emergency department before being transferred to another facility. A lower number of minutes is better,Not Available,Not Available,19,07/01/2024,06/30/2025
313300,CHILDREN'S SPECIALIZED HOSPITAL,200 SOMERSET ST,NEW BRUNSWICK,NJ,08901,MIDDLESEX,(732) 258-7050,Emergency Department,OP_22,Left before being seen,Not Available,Not Available,19,01/01/2024,12/31/2024
313300,CHILDREN'S SPECIALIZED HOSPITAL,200 SOMERSET ST,NEW BRUNSWICK,NJ,08901,MIDDLESEX,(732) 258-7050,Emergency Department,OP_23,Head CT results,Not Available,Not Available,19,07/01/2024,06/30/2025
313300,CHILDREN'S SPECIALIZED HOSPITAL,200 SOMERSET ST,NEW BRUNSWICK,NJ,08901,MIDDLESEX,(732) 258-7050,Colonoscopy care,OP_29,Endoscopy/polyp surveillance: appropriate follow-up interval for normal colonoscopy in average risk patients,Not Available,Not Available,19,01/01/2024,12/31/2024
313300,CHILDREN'S SPECIALIZED HOSPITAL,200 SOMERSET ST,NEW BRUNSWICK,NJ,08901,MIDDLESEX,(732) 258-7050,Cataract surgery outcome,OP_31,Improvement in Patient's Visual Function within 90 Days Following Cataract Surgery,Not Available,Not Available,19,01/01/2024,12/31/2024
313300,CHILDREN'S SPECIALIZED HOSPITAL,200 SOMERSET ST,NEW BRUNSWICK,NJ,08901,MIDDLESEX,(732) 258-7050,Sepsis Care,SEP_1,Appropriate care for severe sepsis and septic shock,Not Available,Not Available,19,07/01/2024,06/30/2025
313300,CHILDREN'S SPECIALIZED HOSPITAL,200 SOMERSET ST,NEW BRUNSWICK,NJ,08901,MIDDLESEX,(732) 258-7050,Sepsis Care,SEP_SH_3HR,Septic Shock 3-Hour Bundle,Not Available,Not Available,19,07/01/2024,06/30/2025
313300,CHILDREN'S SPECIALIZED HOSPITAL,200 SOMERSET ST,NEW BRUNSWICK,NJ,08901,MIDDLESEX,(732) 258-7050,Sepsis Care,SEP_SH_6HR,Septic Shock 6-Hour Bundle,Not Available,Not Available,19,07/01/2024,06/30/2025
313300,CHILDREN'S SPECIALIZED HOSPITAL,200 SOMERSET ST,NEW BRUNSWICK,NJ,08901,MIDDLESEX,(732) 258-7050,Sepsis Care,SEV_SEP_3HR,Severe Sepsis 3-Hour Bundle,Not Available,Not Available,19,07/01/2024,06/30/2025
313300,CHILDREN'S SPECIALIZED HOSPITAL,200 SOMERSET ST,NEW BRUNSWICK,NJ,08901,MIDDLESEX,(732) 258-7050,Sepsis Care,SEV_SEP_6HR,Severe Sepsis 6-Hour Bundle,Not Available,Not Available,19,07/01/2024,06/30/2025
313302,WEISMAN CHILDRENS REHABILITATION HOSPITAL,"92 BRICK ROAD, 3RD FLOOR",MARLTON,NJ,08053,BURLINGTON,(856) 489-4520,Emergency Department,EDV,Emergency department volume,Not Available,,19,01/01/2024,12/31/2024
313302,WEISMAN CHILDRENS REHABILITATION HOSPITAL,"92 BRICK ROAD, 3RD FLOOR",MARLTON,NJ,08053,BURLINGTON,(856) 489-4520,Electronic Clinical Quality Measure,GMCS,Global Malnutrition Composite Score,Not Available,Not Available,19,01/01/2024,12/31/2024
313302,WEISMAN CHILDRENS REHABILITATION HOSPITAL,"92 BRICK ROAD, 3RD FLOOR",MARLTON,NJ,08053,BURLINGTON,(856) 489-4520,Electronic Clinical Quality Measure,GMCS_Malnutrition_Diagnosis_Documented,Global Malnutrition Composite Score: Malnutrition Diagnosis Documented,Not Available,Not Available,19,01/01/2024,12/31/2024
313302,WEISMAN CHILDRENS REHABILITATION HOSPITAL,"92 BRICK ROAD, 3RD FLOOR",MARLTON,NJ,08053,BURLINGTON,(856) 489-4520,Electronic Clinical Quality Measure,GMCS_Malnutrition_Screening,Global Malnutrition Composite Score: Malnutrition Risk Screening,Not Available,Not Available,19,01/01/2024,12/31/2024
313302,WEISMAN CHILDRENS REHABILITATION HOSPITAL,"92 BRICK ROAD, 3RD FLOOR",MARLTON,NJ,08053,BURLINGTON,(856) 489-4520,Electronic Clinical Quality Measure,GMCS_Nutrition_Assessment,Global Malnutrition Composite Score: Nutrition Assessment,Not Available,Not Available,19,01/01/2024,12/31/2024
313302,WEISMAN CHILDRENS REHABILITATION HOSPITAL,"92 BRICK ROAD, 3RD FLOOR",MARLTON,NJ,08053,BURLINGTON,(856) 489-4520,Electronic Clinical Quality Measure,GMCS_Nutritional_Care_Plan,Global Malnutrition Composite Score: Nutritional Care Plan,Not Available,Not Available,19,01/01/2024,12/31/2024
313302,WEISMAN CHILDRENS REHABILITATION HOSPITAL,"92 BRICK ROAD, 3RD FLOOR",MARLTON,NJ,08053,BURLINGTON,(856) 489-4520,Electronic Clinical Quality Measure,HH_HYPER,Hospital Harm - Severe Hyperglycemia,Not Available,Not Available,19,01/01/2024,12/31/2024
313302,WEISMAN CHILDRENS REHABILITATION HOSPITAL,"92 BRICK ROAD, 3RD FLOOR",MARLTON,NJ,08053,BURLINGTON,(856) 489-4520,Electronic Clinical Quality Measure,HH_HYPO,Hospital Harm - Severe Hypoglycemia,Not Available,Not Available,19,01/01/2024,12/31/2024
313302,WEISMAN CHILDRENS REHABILITATION HOSPITAL,"92 BRICK ROAD, 3RD FLOOR",MARLTON,NJ,08053,BURLINGTON,(856) 489-4520,Electronic Clinical Quality Measure,HH_ORAE,Hospital Harm - Opioid Related Adverse Events,Not Available,Not Available,19,01/01/2024,12/31/2024
313302,WEISMAN CHILDRENS REHABILITATION HOSPITAL,"92 BRICK ROAD, 3RD FLOOR",MARLTON,NJ,08053,BURLINGTON,(856) 489-4520,Healthcare Personnel Vaccination,IMM_3,Healthcare workers given influenza vaccination,Not Available,Not Available,19,10/01/2024,03/31/2025
313302,WEISMAN CHILDRENS REHABILITATION HOSPITAL,"92 BRICK ROAD, 3RD FLOOR",MARLTON,NJ,08053,BURLINGTON,(856) 489-4520,Emergency Department,OP_18a,"Average (median) time all patients spent in the emergency department before leaving from the visit, including psychiatric/mental health patients and patients who were transferred to another facility. A lower number of minutes is better",Not Available,Not Available,19,07/01/2024,06/30/2025
313302,WEISMAN CHILDRENS REHABILITATION HOSPITAL,"92 BRICK ROAD, 3RD FLOOR",MARLTON,NJ,08053,BURLINGTON,(856) 489-4520,Emergency Department,OP_18b,"Average (median) time patients spent in the emergency department before leaving from the visit, excluding patients transferred to another facility or psychiatric care/mental health patients. A lower number of minutes is better",Not Available,Not Available,19,07/01/2024,06/30/2025
313302,WEISMAN CHILDRENS REHABILITATION HOSPITAL,"92 BRICK ROAD, 3RD FLOOR",MARLTON,NJ,08053,BURLINGTON,(856) 489-4520,Emergency Department,OP_18c,Average (median) time psychiatric/mental health patients spent in the emergency department before leaving from the visit. A lower number of minutes is better,Not Available,Not Available,19,07/01/2024,06/30/2025
313302,WEISMAN CHILDRENS REHABILITATION HOSPITAL,"92 BRICK ROAD, 3RD FLOOR",MARLTON,NJ,08053,BURLINGTON,(856) 489-4520,Emergency Department,OP_18d,Average (median) time patients spent in the emergency department before being transferred to another facility. A lower number of minutes is better,Not Available,Not Available,19,07/01/2024,06/30/2025
313302,WEISMAN CHILDRENS REHABILITATION HOSPITAL,"92 BRICK ROAD, 3RD FLOOR",MARLTON,NJ,08053,BURLINGTON,(856) 489-4520,Emergency Department,OP_22,Left before being seen,Not Available,Not Available,19,01/01/2024,12/31/2024
313302,WEISMAN CHILDRENS REHABILITATION HOSPITAL,"92 BRICK ROAD, 3RD FLOOR",MARLTON,NJ,08053,BURLINGTON,(856) 489-4520,Emergency Department,OP_23,Head CT results,Not Available,Not Available,19,07/01/2024,06/30/2025
313302,WEISMAN CHILDRENS REHABILITATION HOSPITAL,"92 BRICK ROAD, 3RD FLOOR",MARLTON,NJ,08053,BURLINGTON,(856) 489-4520,Colonoscopy care,OP_29,Endoscopy/polyp surveillance: appropriate follow-up interval for normal colonoscopy in average risk patients,Not Available,Not Available,19,01/01/2024,12/31/2024
313302,WEISMAN CHILDRENS REHABILITATION HOSPITAL,"92 BRICK ROAD, 3RD FLOOR",MARLTON,NJ,08053,BURLINGTON,(856) 489-4520,Cataract surgery outcome,OP_31,Improvement in Patient's Visual Function within 90 Days Following Cataract Surgery,Not Available,Not Available,19,01/01/2024,12/31/2024
313302,WEISMAN CHILDRENS REHABILITATION HOSPITAL,"92 BRICK ROAD, 3RD FLOOR",MARLTON,NJ,08053,BURLINGTON,(856) 489-4520,Sepsis Care,SEP_1,Appropriate care for severe sepsis and septic shock,Not Available,Not Available,19,07/01/2024,06/30/2025
313302,WEISMAN CHILDRENS REHABILITATION HOSPITAL,"92 BRICK ROAD, 3RD FLOOR",MARLTON,NJ,08053,BURLINGTON,(856) 489-4520,Sepsis Care,SEP_SH_3HR,Septic Shock 3-Hour Bundle,Not Available,Not Available,19,07/01/2024,06/30/2025
313302,WEISMAN CHILDRENS REHABILITATION HOSPITAL,"92 BRICK ROAD, 3RD FLOOR",MARLTON,NJ,08053,BURLINGTON,(856) 489-4520,Sepsis Care,SEP_SH_6HR,Septic Shock 6-Hour Bundle,Not Available,Not Available,19,07/01/2024,06/30/2025
313302,WEISMAN CHILDRENS REHABILITATION HOSPITAL,"92 BRICK ROAD, 3RD FLOOR",MARLTON,NJ,08053,BURLINGTON,(856) 489-4520,Sepsis Care,SEV_SEP_3HR,Severe Sepsis 3-Hour Bundle,Not Available,Not Available,19,07/01/2024,06/30/2025
313302,WEISMAN CHILDRENS REHABILITATION HOSPITAL,"92 BRICK ROAD, 3RD FLOOR",MARLTON,NJ,08053,BURLINGTON,(856) 489-4520,Sepsis Care,SEV_SEP_6HR,Severe Sepsis 6-Hour Bundle,Not Available,Not Available,19,07/01/2024,06/30/2025
